-- MySQL dump 10.13  Distrib 8.0.23, for Linux (x86_64)
--
-- Host: localhost    Database: nidec_mold
-- ------------------------------------------------------
-- Server version	8.0.23-0ubuntu0.20.04.1

/*!40101 SET @OLD_CHARACTER_SET_CLIENT=@@CHARACTER_SET_CLIENT */;
/*!40101 SET @OLD_CHARACTER_SET_RESULTS=@@CHARACTER_SET_RESULTS */;
/*!40101 SET @OLD_COLLATION_CONNECTION=@@COLLATION_CONNECTION */;
/*!50503 SET NAMES utf8mb4 */;
/*!40103 SET @OLD_TIME_ZONE=@@TIME_ZONE */;
/*!40103 SET TIME_ZONE='+00:00' */;
/*!40014 SET @OLD_UNIQUE_CHECKS=@@UNIQUE_CHECKS, UNIQUE_CHECKS=0 */;
/*!40014 SET @OLD_FOREIGN_KEY_CHECKS=@@FOREIGN_KEY_CHECKS, FOREIGN_KEY_CHECKS=0 */;
/*!40101 SET @OLD_SQL_MODE=@@SQL_MODE, SQL_MODE='NO_AUTO_VALUE_ON_ZERO' */;
/*!40111 SET @OLD_SQL_NOTES=@@SQL_NOTES, SQL_NOTES=0 */;

--
-- Table structure for table `customer`
--

DROP TABLE IF EXISTS `customer`;
/*!40101 SET @saved_cs_client     = @@character_set_client */;
/*!50503 SET character_set_client = utf8mb4 */;
CREATE TABLE `customer` (
  `id` varchar(11) NOT NULL,
  `name` varchar(45) DEFAULT NULL,
  `category` varchar(500) DEFAULT NULL,
  `address` varchar(45) DEFAULT NULL,
  `phone` varchar(45) DEFAULT NULL,
  PRIMARY KEY (`id`)
) ENGINE=InnoDB DEFAULT CHARSET=utf8;
/*!40101 SET character_set_client = @saved_cs_client */;

--
-- Dumping data for table `customer`
--

LOCK TABLES `customer` WRITE;
/*!40000 ALTER TABLE `customer` DISABLE KEYS */;
INSERT INTO `customer` VALUES ('QVBN','Canon Quế Võ-','123,279','Quế võ Bắc Ninh',NULL),('ROSTEK','ROSTEK Hà Nội','284,333','Hà Nội',NULL),('SSTN','Samsung Thái Nguyên','269','Thái Nguyên-',NULL);
/*!40000 ALTER TABLE `customer` ENABLE KEYS */;
UNLOCK TABLES;

--
-- Table structure for table `jig`
--

DROP TABLE IF EXISTS `jig`;
/*!40101 SET @saved_cs_client     = @@character_set_client */;
/*!50503 SET character_set_client = utf8mb4 */;
CREATE TABLE `jig` (
  `id` int NOT NULL AUTO_INCREMENT,
  `mold_id` varchar(45) NOT NULL,
  `name` varchar(45) DEFAULT NULL,
  `position` varchar(45) DEFAULT NULL,
  `category` varchar(45) DEFAULT NULL,
  `location` varchar(45) DEFAULT NULL,
  PRIMARY KEY (`id`)
) ENGINE=InnoDB AUTO_INCREMENT=2012 DEFAULT CHARSET=utf8;
/*!40101 SET character_set_client = @saved_cs_client */;

--
-- Dumping data for table `jig`
--

LOCK TABLES `jig` WRITE;
/*!40000 ALTER TABLE `jig` DISABLE KEYS */;
INSERT INTO `jig` VALUES (1,'284V-175','Hút ,cắt','H2-10',NULL,NULL),(2,'284V-154','Hút','H1-1',NULL,NULL),(3,'284V-179','Hút ,gắp','H3-2',NULL,NULL),(4,'269-A12','Hút','N7-11',NULL,NULL),(5,'284V-205','Hút','H4-11',NULL,NULL),(6,'284V-148','Hút','G12-7',NULL,NULL),(7,'284V-237/01','Hút','H7-6',NULL,NULL),(8,'284V-237/02','Hút','H7-6',NULL,NULL),(9,'284V-151','Hút','G12-10',NULL,NULL),(10,'284V-232','Gắp','H7-1',NULL,NULL),(11,'284V-278','Hút','H10-2',NULL,NULL),(12,'284V-210','Hút','H5-1',NULL,NULL),(13,'284V-201','Hút','H4-7',NULL,NULL),(14,'284V-155','Hút','H1-2',NULL,NULL),(15,'284V-166','Hút','H2-1',NULL,NULL),(16,'284V-249','    Hút','H8-5',NULL,NULL),(17,'284V-196','Jig cắt','H4-2',NULL,NULL),(18,'284V-196','Jig cắt','H12-10',NULL,NULL),(19,'284V-282','Hút','H10-5',NULL,NULL),(20,'284V-283','Hút gắp','H10-6',NULL,NULL),(21,'284V-195','Hút,gắp,cắt','H4-1',NULL,NULL),(22,'269V-254','Hút,gắp,cắt','M8-9',NULL,NULL),(23,'269V-254','Jig cắt','M11-11',NULL,NULL),(24,'269V-204','Hút gắp','M4-2',NULL,NULL),(25,'269V-242','Hút','M7-8',NULL,NULL),(26,'269V-165','Hút','M1-7',NULL,NULL),(27,'269V-122','Hút','N12-4',NULL,NULL),(28,'269V-210','Gắp','M4-7',NULL,NULL),(29,'269V-190','Hút gắp','M2-10',NULL,NULL),(30,'269V-146','Jig cắt','M11-1',NULL,NULL),(31,'269V-217','Hút,gắp','M5-4',NULL,NULL),(32,'269V-178','Hút','M2-2',NULL,NULL),(33,'269V-208','Hứng','M4-5',NULL,NULL),(34,'269V-207','Gắp','M10-3',NULL,NULL),(35,'269V-228','Hút','M6-4',NULL,NULL),(36,'269V-227','Bàn gắp','M6-3',NULL,NULL),(37,'269V-245','Hút','M7-11',NULL,NULL),(38,'269V-199','Hút','M3-5',NULL,NULL),(39,'269V-235','Hút,gắp','M7-1',NULL,NULL),(40,'269-A24','Hút ','N8-10',NULL,NULL),(41,'269V-205','Hút gắp','M4-3',NULL,NULL),(42,'269V-234(1)','Bàn gắp','M6-10',NULL,NULL),(43,'269V-234(2)','Bàn gắp','M6-10',NULL,NULL),(44,'269V-230','Hút','M6-6',NULL,NULL),(45,'269V-244','Hút','M7-10',NULL,NULL),(46,'269V-231','Hút','M6-7',NULL,NULL),(47,'269V-250','Hút','M8-5',NULL,NULL),(48,'269-A35','Gắp ','N9-11',NULL,NULL),(49,'269V-259','Hút,gắp,cắt','M9-5',NULL,NULL),(50,'269V-259','Jig cắt','M12-1',NULL,NULL),(51,'269V-240','Hút','M7-6',NULL,NULL),(52,'269V-216','Bàn gắp','M5-3',NULL,NULL),(53,'269V-251','Hút','M8-6',NULL,NULL),(54,'269V-229','Bàn gắp','M6-5',NULL,NULL),(55,'269-A03','Bàn gắp','N7-3',NULL,NULL),(56,'269-A03','Jig cắt','N11-2',NULL,NULL),(57,'269V-211','Bàn gắp','M4-8',NULL,NULL),(58,'269V-189','Hút','M2-9',NULL,NULL),(59,'269V-164','Bàn gắp','M1-6',NULL,NULL),(60,'269V-167','Bàn gắp','M1-9',NULL,NULL),(61,'284V-164','Hút,gắp','H1-11',NULL,NULL),(62,'284V-189','Gắp','H3-10',NULL,NULL),(63,'284V-156','Hút','H1-3',NULL,NULL),(64,'284V-281','Hút','H10-4',NULL,NULL),(65,'284V-184','Hút','H3-7',NULL,NULL),(66,'284V-160','Hút','H1-7',NULL,NULL),(67,'284V-199','Gắp','H4-5',NULL,NULL),(68,'284V-277','Hút','H10-1',NULL,NULL),(69,'284V-141','Hút,gắp','G12-1',NULL,NULL),(70,'284V-142','Hút','G12-2',NULL,NULL),(71,'284V-197','Gắp','H4-3',NULL,NULL),(72,'284V-233','Hút','H7-2',NULL,NULL),(73,'284V-204','Hút','H4-10',NULL,NULL),(74,'269V-253','Hứng','M8-8',NULL,NULL),(75,'269-A52','Hút ','N10-9',NULL,NULL),(76,'284V-246','Hút','H8-2',NULL,NULL),(77,'284V-235','Hút','H7-4',NULL,NULL),(78,'284V-143','Bàn hút','H11-8',NULL,NULL),(79,'284V-243','Hút','H7-10',NULL,NULL),(80,'284V-145','Hút,gắp,cắt','G12-4',NULL,NULL),(81,'284V-145','Jig cắt','H12-5',NULL,NULL),(82,'284V-146','Hút','G12-5',NULL,NULL),(83,'269V-181','Hút gắp','M2-4',NULL,NULL),(84,'269-A11','Hút','N7-10',NULL,NULL),(85,'269V-193','Bàn gắp','R9-1',NULL,NULL),(86,'269V-193','Jig cắt','M11-4',NULL,NULL),(87,'269-A07','Hút','N7-7',NULL,NULL),(88,'269V-218','Gắp','M5-5',NULL,NULL),(89,'269V-232','Hút','M6-8',NULL,NULL),(90,'269V-089','Hút','N12-2',NULL,NULL),(91,'269-A16','Hút ','N8-3',NULL,NULL),(92,'269V-226','Hút','M6-2',NULL,NULL),(93,'269-A25','Hút ','N9-1',NULL,NULL),(94,'269V-129','Hút','N12-5',NULL,NULL),(95,'269-A14(1)','Gắp','N8-1',NULL,NULL),(96,'269-A14(2)','Gắp','N8-1',NULL,NULL),(97,'269V-233(2)','Gắp','M6-9',NULL,NULL),(98,'269V-233(1)','Gắp','M6-9',NULL,NULL),(99,'269V-249','Hút','M8-4',NULL,NULL),(100,'269-A53','Gắp','N10-10',NULL,NULL),(101,'269V-209','Bàn gắp','M4-6',NULL,NULL),(102,'269V-212','Hút','M4-9',NULL,NULL),(103,'269V-237','Hút','M7-3',NULL,NULL),(104,'269V-241','Hút','M7-7',NULL,NULL),(105,'269V-206','Hút','M4-4',NULL,NULL),(106,'269V-239','Bàn gắp','M7-5',NULL,NULL),(107,'269V-220','Hút','M5-7',NULL,NULL),(108,'269V-182','Hút','M2-5',NULL,NULL),(109,'269-A46','Gắp','M10-5',NULL,NULL),(110,'252V-089','Hút','K5-8',NULL,NULL),(111,'269V-221','Hút','M5-8',NULL,NULL),(112,'269-A13(1)','Gắp','N7-12',NULL,NULL),(113,'269-A13(2)','Gắp','N7-12',NULL,NULL),(114,'269-A42','Hút','N10-4',NULL,NULL),(115,'269V-246','Hút','M8-1',NULL,NULL),(116,'269-A22','Hút ','N8-8',NULL,NULL),(117,'269-A08','Hút gắp','N7-8',NULL,NULL),(118,'269-A08','Jig cắt','N11-6',NULL,NULL),(119,'269V-266','Hút','M9-10',NULL,NULL),(120,'269V-248','Hút','M8-3',NULL,NULL),(121,'269V-153','Bàn gắp','N12-10',NULL,NULL),(122,'269-A48','Gắp','N10-7',NULL,NULL),(123,'269V-247','Hút','M8-2',NULL,NULL),(124,'269V-130','Hút','N12-6',NULL,NULL),(125,'20S-A07','Chung','F10-9',NULL,NULL),(126,'252-A14','Hút','I1-9',NULL,NULL),(127,'252-A16','Bàn gắp','I2-1',NULL,NULL),(128,'252-A19','Hút gắp','I2-4',NULL,NULL),(129,'252-A39','Hút','I3-5',NULL,NULL),(130,'252-A40','Hút','I3-6',NULL,NULL),(131,'252-A55','Gắp cắt','I4-10',NULL,NULL),(132,'252-A55','Jig căt','I11-2',NULL,NULL),(133,'252-A83','Bàn gắp','I7-1',NULL,NULL),(134,'252-A83','Jig căt','I12-6',NULL,NULL),(135,'252V-122','Bàn gắp','K9-1',NULL,NULL),(136,'252V-135/01','Hút','K10-6',NULL,NULL),(137,'252V-135/02','Hút','K10-6',NULL,NULL),(138,'252V-186','Gắp,cắt','N3-2',NULL,NULL),(139,'252V-186','Jig căt','I12-3',NULL,NULL),(140,'269V-186','Bàn gắp','M2-7',NULL,NULL),(141,'269V-222','Hút','M5-9',NULL,NULL),(142,'278-A37','Hút,gắp,cắt','D10-7',NULL,NULL),(143,'278-A37','Jig cắt','W8-10',NULL,NULL),(144,'278-A55','Hút cắt','D5-7',NULL,NULL),(145,'278-A55','Jig cắt','W9-9',NULL,NULL),(146,'278-A61','Hút ','D6-6',NULL,NULL),(147,'278-A69','Hút','D7-5',NULL,NULL),(148,'278-A75','Bàn hứng','D8-2',NULL,NULL),(149,'278-A83','Hút,cắt','D9-4',NULL,NULL),(150,'278-A83','Jig cắt','U1-5',NULL,NULL),(151,'278-A91','Hút,gắp,cắt','D9-8',NULL,NULL),(152,'278-A91','Jig cắt','U1-7',NULL,NULL),(153,'278-A94','Hút,gắp,cắt','D9-11',NULL,NULL),(154,'278-A95','Hút,gắp,cắt','D10-1',NULL,NULL),(155,'278-A95','Jig cắt','U1-10',NULL,NULL),(156,'278-B01','Gắp cắt','E1-1',NULL,NULL),(157,'278-B01','Jig cắt','U3-1',NULL,NULL),(158,'278-B51','Jig cắt','U5-4',NULL,NULL),(159,'278-B53','Jig cắt','U5-5',NULL,NULL),(160,'278-B68','Hút','E6-9',NULL,NULL),(161,'278-B89','Hút cắt','E9-6',NULL,NULL),(162,'278-B89','Jig cắt','U6-6',NULL,NULL),(163,'278-C08','Hút','F1-8',NULL,NULL),(164,'278-C09','Hút,gắp, cắt','F1-9',NULL,NULL),(165,'278-C09','Jig cắt','U7-3',NULL,NULL),(166,'278-C28','Hút,gắp, cắt','F3-1',NULL,NULL),(167,'278-C28','Jig cắt','U7-5',NULL,NULL),(168,'278-C29','Hút,gắp, cắt','F6-5',NULL,NULL),(169,'278-C29','Jig cắt','U7-6',NULL,NULL),(170,'278V-347','Hút','B2-4',NULL,NULL),(171,'278V-348','Hút','B2-5',NULL,NULL),(172,'278V-349','Hút','B2-6',NULL,NULL),(173,'278V-356','Hút','B3-1',NULL,NULL),(174,'278V-376','Hút','B4-9',NULL,NULL),(175,'278V-398','Hút','B6-8',NULL,NULL),(176,'278V-399','Hút','B6-9',NULL,NULL),(177,'278V-405','Hút','B7-3',NULL,NULL),(178,'278V-408','Hút','B7-6',NULL,NULL),(179,'278V-409','Hút','B7-7',NULL,NULL),(180,'278V-462','Gắp,cắt','B12-2',NULL,NULL),(181,'278V-462','Jig cắt','U0-1',NULL,NULL),(182,'278V-465','Hút,gắp,cắt','B12-5',NULL,NULL),(183,'278V-465','Jig cắt','W5-3',NULL,NULL),(184,'278V-467','Gắp,cắt','B12-7',NULL,NULL),(185,'278V-467','Jig cắt','W5-5',NULL,NULL),(186,'278V-484','Bàn gắp','C2-3',NULL,NULL),(187,'278V-489 ( 1)','Hút','C2-7',NULL,NULL),(188,'278V-489 ( 2)','Hút','C2-7',NULL,NULL),(189,'278V-495(1)','Hút','C3-3',NULL,NULL),(190,'278V-495(2)','Hút','C3-3',NULL,NULL),(191,'278V-522','Bàn gắp','C5-11',NULL,NULL),(192,'278V-523','Bàn gắp','C6-1',NULL,NULL),(193,'278V-536(1)','Hút','C7-1',NULL,NULL),(194,'278V-536(2)','Hút','C7-1',NULL,NULL),(195,'278V-540','Bàn gắp','C7-5',NULL,NULL),(196,'278V-541','Bàn gắp','C7-6',NULL,NULL),(197,'278V-542(1+2)','Hút','C7-7',NULL,NULL),(198,'278V-553','Gắp cắt','C8-8',NULL,NULL),(199,'278V-553','Jig cắt','W6-9',NULL,NULL),(200,'278V-554','Hút,găắp','C8-9',NULL,NULL),(201,'278V-554','Jig cắt','W6-10',NULL,NULL),(202,'278V-555','Gắp cắt','C8-10',NULL,NULL),(203,'278V-555','Jig cắt','W6-11',NULL,NULL),(204,'284V-062','Hút','G5-15',NULL,NULL),(205,'284V-063','Hút','G6-1',NULL,NULL),(206,'284V-064','Hút','G6-2',NULL,NULL),(207,'284V-066','Hút','G6-4',NULL,NULL),(208,'284V-067','Hút','G6-5',NULL,NULL),(209,'294V-012','Hút,gắp','F8-6',NULL,NULL),(210,'294V-031','Hút','F10-3',NULL,NULL),(211,'851V-003','Hút','P1-4',NULL,NULL),(212,'851V-043','Hút','P3-8',NULL,NULL),(213,'851V-054','Gắp cắt','P4-4',NULL,NULL),(214,'851V-054','Jig  cắt','P8-3',NULL,NULL),(215,'851V-055','Bàn gắp','P4-5',NULL,NULL),(216,'851V-055','Jig  cắt','P8-9',NULL,NULL),(217,'851V-059','Bàn gắp','P4-9',NULL,NULL),(218,'278V-352','Hút','B2-9',NULL,NULL),(219,'278V-230','Jig cắt','W2-1',NULL,NULL),(220,'278V-443','Hút,gắp,cắt','B10-9',NULL,NULL),(221,'278V-443','Jig cắt','W4-10',NULL,NULL),(222,'278V-291','Hút, gắp','A10-8',NULL,NULL),(223,'278V-318','Bàn hút','A12-3',NULL,NULL),(224,'278V-120','Bàn gắp','C12-6',NULL,NULL),(225,'278V-120','Jig cắt','W1-2',NULL,NULL),(226,'278V-310','Hút gắp','A11-10',NULL,NULL),(227,'278V-358','Hút','B3-2',NULL,NULL),(228,'278V-440','Hút','B10-7',NULL,NULL),(229,'278V-368','Hút','B4-2',NULL,NULL),(230,'278V-289','Hút','A10-6',NULL,NULL),(231,'278-C53','Hút','F5-4',NULL,NULL),(232,'278V-309','Gắp','A11-9',NULL,NULL),(233,'278V-336','Hút','B1-6',NULL,NULL),(234,'278V-307','Jig cắt','A11-7',NULL,NULL),(235,'278V-307','Jig cắt','W3-8',NULL,NULL),(236,'278V-237','Hút','A7-7',NULL,NULL),(237,'278V-506','Hút,gắp,cắt','C4-5',NULL,NULL),(238,'278V-506','Jig cắt','W5-10',NULL,NULL),(239,'278V-429','Hút','B9-6',NULL,NULL),(240,'278V-124','Hút','A3-5',NULL,NULL),(241,'278-C35','Gắp , cắt','F3-6',NULL,NULL),(242,'278-C35','Jig cắt','U7-9',NULL,NULL),(243,'278V-341','Hút','B1-11',NULL,NULL),(244,'278V-423','Gắp, cắt','B8-11',NULL,NULL),(245,'278V-423','Jig cắt','W4-5',NULL,NULL),(246,'278V-391','Bàn gắp','B6-1',NULL,NULL),(247,'278V-172','Hút','A5-8',NULL,NULL),(248,'278V-350','Bàn gắp','B2-7',NULL,NULL),(249,'278V-342','Hút','B1-12',NULL,NULL),(250,'278V-181','Hút','A5-10',NULL,NULL),(251,'278V-123','Hút','A3-4',NULL,NULL),(252,'278V-292','Hút,gắp,cắt','A10-9',NULL,NULL),(253,'278V-097','Hút','A2-2',NULL,NULL),(254,'278V-353','Bàn gắp','B2-10',NULL,NULL),(255,'278V-232','Hút','A7-5',NULL,NULL),(256,'278V-142','Hút','A4-8',NULL,NULL),(257,'278V-394','Bàn gắp','B6-4',NULL,NULL),(258,'278V-450','Hút','B11-5',NULL,NULL),(259,'278V-441','Hút,gắp,cắt','B10-8',NULL,NULL),(260,'278V-441','Jig cắt','W4-9',NULL,NULL),(261,'278V-110','Hút','A2-7',NULL,NULL),(262,'278V-400','Hút','B6-10',NULL,NULL),(263,'278V-068','Hút','A1-9',NULL,NULL),(264,'278V-344','Hút','B2-1',NULL,NULL),(265,'278V-129','Bàn gắp','A3-10',NULL,NULL),(266,'278V-127','Bàn gắp','A3-8',NULL,NULL),(267,'278V-111','Hút','A2-8',NULL,NULL),(268,'278-D82','Bàn hút','D12-7',NULL,NULL),(269,'278V-114','Hút','A3-1',NULL,NULL),(270,'278V-316/01','Hút,cắt','A12-1',NULL,NULL),(271,'278V-316/01','Jig cắt','W3-9',NULL,NULL),(272,'278V-145','Hút','A4-10',NULL,NULL),(273,'278V-382','Hút','B5-5',NULL,NULL),(274,'278V-433','Hút','B9-10',NULL,NULL),(275,'278V-254','Hút gắp','A8-8',NULL,NULL),(276,'278V-042','Bàn gắp','A1-3',NULL,NULL),(277,'278-C31','Hút gắp','F3-3',NULL,NULL),(278,'278-C25','Hút,gắp, cắt','F2-8',NULL,NULL),(279,'278-C25','Jig cắt','U7-4',NULL,NULL),(280,'278V-403','Hút','B7-1',NULL,NULL),(281,'278V-381','Bàn gắp','B5-4',NULL,NULL),(282,'278V-367','Hút','B4-1',NULL,NULL),(283,'278V-209','Hút','A6-9',NULL,NULL),(284,'278V-438','Hút','B10-5',NULL,NULL),(285,'278V-366','Hút','B3-10',NULL,NULL),(286,'278V-306','Hút','A11-6',NULL,NULL),(287,'278V-369','Gắp','B4-3',NULL,NULL),(288,'252V-170','Hút','N1-5',NULL,NULL),(289,'278V-281','Hút','A10-2',NULL,NULL),(290,'278V-360','Bàn hứng','B3-4',NULL,NULL),(291,'278V-308','Hút','A11-8',NULL,NULL),(292,'278V-217','Bàn hút','D11-2',NULL,NULL),(293,'278V-417','Hút','B8-5',NULL,NULL),(294,'278V-425','Gắp, cắt','B9-2',NULL,NULL),(295,'278V-425','Jig cắt','U8-10',NULL,NULL),(296,'278V-112','Gắp','A2-9',NULL,NULL),(297,'278V-335','Jig cắt','W3-11',NULL,NULL),(298,'278V-216','Hút','A7-2',NULL,NULL),(299,'278V-046','Hút','A1-5',NULL,NULL),(300,'278V-182','Gắp','A5-11',NULL,NULL),(301,'278V-340','Gắp','B1-10',NULL,NULL),(302,'278V-315','Hút','A11-12',NULL,NULL),(303,'278V-280','Hút','A10-1',NULL,NULL),(304,'278V-415','Hút','B8-3',NULL,NULL),(305,'278V-414','Hút','B8-2',NULL,NULL),(306,'278V-222','278-B75','D8-2',NULL,NULL),(307,'278V-379','Hút','B5-2',NULL,NULL),(308,'278V-359','Bàn gắp','B3-3',NULL,NULL),(309,'278V-044','Hút ','A1-4',NULL,NULL),(310,'278V-271','Hút gắp','A9-7',NULL,NULL),(311,'278-D19','Bàn hút','D11-9',NULL,NULL),(312,'278-B95','Hút','E10-2',NULL,NULL),(313,'278V-422','Hút','B8-10',NULL,NULL),(314,'278V-261','Hút, cắt','A9-2',NULL,NULL),(315,'278V-261','Jig cắt','W2-5',NULL,NULL),(316,'278V-393','Hút','B6-3',NULL,NULL),(317,'278V-475','362/Bàn gắp','C1-5',NULL,NULL),(318,'278V-325','Bàn gắp','A12-8',NULL,NULL),(319,'278-C30','Hút','F3-2',NULL,NULL),(320,'278V-388','Hút','B5-9',NULL,NULL),(321,'278V-354','Bàn gắp','B2-11',NULL,NULL),(322,'278V-286','Hút','A10-4',NULL,NULL),(323,'278V-286','Jig cắt','W3-2',NULL,NULL),(324,'278V-324','Gắp','A12-7',NULL,NULL),(325,'278-B98','Hút','E10-5',NULL,NULL),(326,'278V-272','Hút,gắp,cắt','A9-8',NULL,NULL),(327,'278V-272','Jig cắt','W2-6',NULL,NULL),(328,'278V-454','Hút','B11-7',NULL,NULL),(329,'278V-125','Bàn gắp','A3-6',NULL,NULL),(330,'278V-071','Jig cắt','W1-1',NULL,NULL),(331,'278V-402','Hút','B6-12',NULL,NULL),(332,'278V-470','Hút','C1-1',NULL,NULL),(333,'278V-374','Gắp,cắt','B4-8',NULL,NULL),(334,'278V-374','Jig cắt','W4-3',NULL,NULL),(335,'278V-215','041  Hút','A7-1',NULL,NULL),(336,'278V-431','Hút','B9-8',NULL,NULL),(337,'278V-103','Gắp ,cắt','A2-4',NULL,NULL),(338,'278V-332','Hút','B1-3',NULL,NULL),(339,'278V-456','Hút','B11-9',NULL,NULL),(340,'278V-351','Bàn gắp','B2-8',NULL,NULL),(341,'278V-134','Hút','A4-2',NULL,NULL),(342,'278V-055','Hút','A1-7',NULL,NULL),(343,'278V-140','Bàn gắp','A4-7',NULL,NULL),(344,'278-A46','Jig cắt','W9-4',NULL,NULL),(345,'278-A47','Jig cắt','W9-5',NULL,NULL),(346,'278-A57','Hút,gắp,cắt','D6-2',NULL,NULL),(347,'278-A85','Hút','D9-6',NULL,NULL),(348,'278-B64','Hút,gắp,cắt','E6-5',NULL,NULL),(349,'278-B64','Jig cắt','U5-7',NULL,NULL),(350,'278-B65','Hút,gắp,cắt','E6-6',NULL,NULL),(351,'278-B65','Jig cắt','U5-8',NULL,NULL),(352,'278V-174','Jig cắt','W1-6',NULL,NULL),(353,'278V-284','Hút','A10-3',NULL,NULL),(354,'278V-299','Hút gắp','A11-3',NULL,NULL),(355,'278V-383','Hút','B5-6',NULL,NULL),(356,'294V-022','Hút','F9-5',NULL,NULL),(357,'851V-005','  Gắp,cắt','P1-5',NULL,NULL),(358,'851V-005','Jig  cắt','P6-1',NULL,NULL),(359,'851V-006','Hút','P1-6',NULL,NULL),(360,'278V-401','Hút','B6-11',NULL,NULL),(361,'278V-491','Bàn gắp','C2-9',NULL,NULL),(362,'278-C40','Jig cắt','U7-13',NULL,NULL),(363,'278V-257','Hút gắp','A8-11',NULL,NULL),(364,'278V-207','Hút','A6-8',NULL,NULL),(365,'278V-026','Bàn gắp','A1-1',NULL,NULL),(366,'278V-363','Bàn gắp','B3-7',NULL,NULL),(367,'278V-293','Hút,gắp,cắt','A10-10',NULL,NULL),(368,'278V-293','Jig cắt','W3-5',NULL,NULL),(369,'278V-258','Hút','A8-12',NULL,NULL),(370,'278V-118','Đẩy rơi','A3-2',NULL,NULL),(371,'278V-338','Hút','B1-8',NULL,NULL),(372,'278V-411','Bàn gắp','B7-9',NULL,NULL),(373,'278V-317','Hút','A12-2',NULL,NULL),(374,'278V-337','Hứng','B1-7',NULL,NULL),(375,'278V-412','Gắp','B7-10',NULL,NULL),(376,'278V-238','Jig cắt','W2-2',NULL,NULL),(377,'278V-420','Hút','B8-8',NULL,NULL),(378,'278V-418','Hút','B8-6',NULL,NULL),(379,'278V-276','Hút,gắp,cắt','A9-11',NULL,NULL),(380,'278V-276','Jig cắt','W2-9',NULL,NULL),(381,'278V-246','Gắp','A8-3',NULL,NULL),(382,'278V-245','Hút','A8-2',NULL,NULL),(383,'278V-387','Hút','B5-8',NULL,NULL),(384,'278V-135','Hút','A4-3',NULL,NULL),(385,'278V-370','Gắp,cắt','B4-4',NULL,NULL),(386,'278V-370','Jig cắt','W4-2',NULL,NULL),(387,'278V-206','Hút','A6-7',NULL,NULL),(388,'278V-361','Hút','B3-5',NULL,NULL),(389,'278V-419','Hút','B8-7',NULL,NULL),(390,'278V-294','Hút,cắt','A10-11',NULL,NULL),(391,'278V-294','Jig cắt','W3-6',NULL,NULL),(392,'278V-305','Hút gắp','A11-5',NULL,NULL),(393,'278V-305','Jig cắt','W3-7',NULL,NULL),(394,'278V-430','Hút,gắp,cắt','B9-7',NULL,NULL),(395,'278V-430','Jig cắt','W4-8',NULL,NULL),(396,'278V-375','Bàn hứng','C11-1',NULL,NULL),(397,'278V-445','Hút','B10-11',NULL,NULL),(398,'278V-478','Hút','C1-8',NULL,NULL),(399,'278V-449','Hút','B11-4',NULL,NULL),(400,'278V-448','Hút','B11-3',NULL,NULL),(401,'278V-452','Hút,gắp,cắt','B11-6',NULL,NULL),(402,'278V-452','Jig cắt','W4-11',NULL,NULL),(403,'278V-404','Hút','B7-2',NULL,NULL),(404,'278V-236','Hút','A7-6',NULL,NULL),(405,'278V-439','Bàn gắp','B10-6',NULL,NULL),(406,'278V-416','Hút','B8-4',NULL,NULL),(407,'278V-132','Hút','A3-12',NULL,NULL),(408,'278V-406','Hút','B7-4',NULL,NULL),(409,'278V-303','Hút gắp','A11-4',NULL,NULL),(410,'278V-303','Jig cắt','U10-1',NULL,NULL),(411,'278V-224','Gắp ,cắt','A7-3',NULL,NULL),(412,'278V-224','Jig cắt','W1-10',NULL,NULL),(413,'278-B54','Hút','E5-6',NULL,NULL),(414,'278V-006','041  Hút','A7-1',NULL,NULL),(415,'278V-154','Gắp ,cắt','A5-2',NULL,NULL),(416,'278V-154','Jig cắt','W1-5',NULL,NULL),(417,'278V-138','Gắp ,cắt','A4-6',NULL,NULL),(418,'278V-138','Jig cắt','W1-3',NULL,NULL),(419,'278V-345','Hút','B2-2',NULL,NULL),(420,'278V-380','Bàn hút','B5-3',NULL,NULL),(421,'278V-072','Gắp ,cắt','A2-1',NULL,NULL),(422,'278V-072','Jig cắt','W1-1',NULL,NULL),(423,'278-B71','Hút','E7-3',NULL,NULL),(424,'278V-424','Hút,gắp,cắt','B9-1',NULL,NULL),(425,'278V-424','Jig cắt','W4-6',NULL,NULL),(426,'278V-407','Hút','B7-5',NULL,NULL),(427,'278V-152','Jig cắt','W1-4',NULL,NULL),(428,'278V-413','Gắp','B8-1',NULL,NULL),(429,'278V-444','Hút','B10-10',NULL,NULL),(430,'278V-421','Hút','B8-9',NULL,NULL),(431,'278V-319','Hút','A12-4',NULL,NULL),(432,'278V-062','Hút','A1-8',NULL,NULL),(433,'278V-339','Hút','B1-9',NULL,NULL),(434,'278V-362','Bàn gắp','B3-6',NULL,NULL),(435,'278V-334','Hút','B1-5',NULL,NULL),(436,'278V-436','Bàn gắp','B10-3',NULL,NULL),(437,'278V-287','Gắp cắt','A10-5',NULL,NULL),(438,'278V-287','Jig cắt','W3-3',NULL,NULL),(439,'278V-435','Bàn gắp','B10-2',NULL,NULL),(440,'278V-279','Hút,gắp,cắt','A9-12',NULL,NULL),(441,'278V-279','Jig cắt','W3-1',NULL,NULL),(442,'278V-108','Hút','A2-6',NULL,NULL),(443,'278V-365','Bàn gắp','B3-9',NULL,NULL),(444,'278V-290','Hút','A10-7',NULL,NULL),(445,'278V-513','Hút','C5-2',NULL,NULL),(446,'278V-526','Hút','C6-2',NULL,NULL),(447,'278V-256','Hút','A8-10',NULL,NULL),(448,'278V-166','Hút','A5-7',NULL,NULL),(449,'278V-039','Hút','A1-2',NULL,NULL),(450,'278-C42','Hút','F4-2',NULL,NULL),(451,'278V-143','Hút ','C11-4',NULL,NULL),(452,'278V-251','Jig cắt','W2-4',NULL,NULL),(453,'278V-446','Hút','B11-1',NULL,NULL),(454,'278V-328','Hút','A12-11',NULL,NULL),(455,'278V-447','Hút','B11-2',NULL,NULL),(456,'278V-126','Hút','A3-7',NULL,NULL),(457,'278V-327','Gắp','A12-10',NULL,NULL),(458,'278V-364','Hút,gắp,cắt','B3-8',NULL,NULL),(459,'278V-364','Jig cắt','W4-1',NULL,NULL),(460,'278V-184','Hút,cắt','A6-1',NULL,NULL),(461,'278V-137','Bàn gắp','A4-5',NULL,NULL),(462,'278V-149','Hút','A5-1',NULL,NULL),(463,'278V-144','Hút','A4-9',NULL,NULL),(464,'278V-136','Hút','A4-4',NULL,NULL),(465,'278V-451','Hứng','C11-3',NULL,NULL),(466,'278V-346','Hút,cắt','B2-3',NULL,NULL),(467,'278V-346','Jig cắt','W3-12',NULL,NULL),(468,'278V-241','Hút','A7-11',NULL,NULL),(469,'278V-481','Bàn gắp','C2-1',NULL,NULL),(470,'278V-426','Gắp, cắt','B9-3',NULL,NULL),(471,'278V-426','Jig cắt','W4-7',NULL,NULL),(472,'278V-041','215  Hút','C10-8',NULL,NULL),(473,'278V-395','Bàn gắp','B6-5',NULL,NULL),(474,'278V-211','Gắp ,cắt','A6-10',NULL,NULL),(475,'278V-211','Jig cắt','W1-9',NULL,NULL),(476,'278-C44','Hút','F4-4',NULL,NULL),(477,'278V-472','Hút','C1-2',NULL,NULL),(478,'252V-041','Hút','K2-4',NULL,NULL),(479,'252V-085','Hút','K5-4',NULL,NULL),(480,'252V-034','Hút','K1-9',NULL,NULL),(481,'252V-043','Hút','K2-6',NULL,NULL),(482,'252V-132','Hút','K10-3',NULL,NULL),(483,'252V-110','Bàn gắp','K7-7',NULL,NULL),(484,'252V-045','Hút','K2-8',NULL,NULL),(485,'252V-114','Hút','K8-1',NULL,NULL),(486,'252V-042','Bàn gắp','K2-5',NULL,NULL),(487,'252V-090','Hút','K5-9',NULL,NULL),(488,'252V-067','Hút','K4-3',NULL,NULL),(489,'252V-067','Jig căt','I11-9',NULL,NULL),(490,'252V-052','Hút','K3-2',NULL,NULL),(491,'252V-049','Jig căt','I11-7',NULL,NULL),(492,'252V-080','Gắp','N5-3',NULL,NULL),(493,'252V-130','Hút','K10-1',NULL,NULL),(494,'252V-098','Hút','K6-6',NULL,NULL),(495,'252V-035','Hút','K1-10',NULL,NULL),(496,'252V-099','Hút','K6-7',NULL,NULL),(497,'252V-097','Hút','K6-5',NULL,NULL),(498,'269-A60','Bàn hút','R10-7',NULL,NULL),(499,'278-C01','Hút','F1-1',NULL,NULL),(500,'252V-094','Bàn gắp','K6-2',NULL,NULL),(501,'252V-124','Hút','K9-3',NULL,NULL),(502,'278-D21','Bàn Gắp','D12-2',NULL,NULL),(503,'252V-093','Hút','K6-1',NULL,NULL),(504,'252V-044','Hút','K2-7',NULL,NULL),(505,'252V-125','Hút','K9-4',NULL,NULL),(506,'252V-157','Bàn hứng','N5-5',NULL,NULL),(507,'252-B22','Gắp','I10-7',NULL,NULL),(508,'252V-056','Gắp','K3-5',NULL,NULL),(509,'252-A58','Hút ','I5-2',NULL,NULL),(510,'252V-182','Hút','N2-7',NULL,NULL),(511,'252-A48','Gắp','I4-3',NULL,NULL),(512,'252V-076','Gắp','K4-8',NULL,NULL),(513,'252V-076','Jig căt','I11-10',NULL,NULL),(514,'252-A92','Hút','I8-1',NULL,NULL),(515,'278V-539','Bàn gắp','C7-4',NULL,NULL),(516,'252V-152','Gắp','N4-9',NULL,NULL),(517,'252V-025','Hút','K1-5',NULL,NULL),(518,'252V-107','Hút','K7-4',NULL,NULL),(519,'252V-128','Bàn gắp','K9-6',NULL,NULL),(520,'252V-027','127    Gắp','K1-7',NULL,NULL),(521,'252V-046','Hút','K2-9',NULL,NULL),(522,'252V-148','Hút ','K11-7',NULL,NULL),(523,'252-A61','Hút','I5-4',NULL,NULL),(524,'252V-112','Bàn gắp','K7-9',NULL,NULL),(525,'252V-127','Hút','K1-7',NULL,NULL),(526,'252V-079','Bàn gắp','K4-10',NULL,NULL),(527,'252V-101','Gắp','K6-9',NULL,NULL),(528,'252V-116','Hút','K8-3',NULL,NULL),(529,'252V-143','Hút','K11-2',NULL,NULL),(530,'252V-103','Hút','K7-1',NULL,NULL),(531,'252V-021','Hút','K1-3',NULL,NULL),(532,'252V-117','Hút','K8-4',NULL,NULL),(533,'252-A43','Gắp','I3-9',NULL,NULL),(534,'252V-134','Bàn gắp','K10-5',NULL,NULL),(535,'252V-037','Gắp','K2-2',NULL,NULL),(536,'252V-078','Bàn hứng','N4-8',NULL,NULL),(537,'252V-126','Hút','K9-5',NULL,NULL),(538,'252V-019','Bàn gắp','K1-1',NULL,NULL),(539,'252V-048','Hút','K2-10',NULL,NULL),(540,'252V-141','Hút','K10-10',NULL,NULL),(541,'252-B17','Gắp','I10-2',NULL,NULL),(542,'252-B08','Hút,gắp,cắt','I9-7',NULL,NULL),(543,'252-B08','Jig căt','I11-6',NULL,NULL),(544,'252V-083','Hút','K5-2',NULL,NULL),(545,'252V-057','Hút','K3-6',NULL,NULL),(546,'252V-036','Bàn gắp','K2-1',NULL,NULL),(547,'252V-119','Hút','K8-6',NULL,NULL),(548,'252V-149','Hút','K11-8',NULL,NULL),(549,'252V-058','Hút gắp, cắt','K3-7',NULL,NULL),(550,'252V-058','Jig căt','I12-5',NULL,NULL),(551,'252V-055','Hút','K3-4',NULL,NULL),(552,'252-A25','Hút','I2-7',NULL,NULL),(553,'252V-142','Hút','K11-1',NULL,NULL),(554,'252-A24','Hút','I2-6',NULL,NULL),(555,'252V-192','Hút','N3-8',NULL,NULL),(556,'252V-139','Bàn gắp','K10-8',NULL,NULL),(557,'252-A38','Hút','I3-4',NULL,NULL),(558,'252V-118','Hút','K8-5',NULL,NULL),(559,'252V-109','Hút','K7-6',NULL,NULL),(560,'252V-191','Bàn gắp','N3-7',NULL,NULL),(561,'252V-165','Bàn gắp','K12-10',NULL,NULL),(562,'252V-159','Bàn gắp','K12-5',NULL,NULL),(563,'252-A64','Hút','I5-5',NULL,NULL),(564,'252-A51','Gắp','I4-6',NULL,NULL),(565,'252V-154','Gắp cắt','K12-1',NULL,NULL),(566,'252V-154','Jig căt','I11-11',NULL,NULL),(567,'252-A33','Bàn gắp','I8-9',NULL,NULL),(568,'252-A11','Hút','I1-7',NULL,NULL),(569,'278-A06','Hút','D1-6',NULL,NULL),(570,'805V-048','Gắp','P5-5',NULL,NULL),(571,'20M-A01','Cắt','V10-2',NULL,NULL),(572,'20P-A01','Hút','V6-1',NULL,NULL),(573,'269V-258','Bàn gắp','M9-4',NULL,NULL),(574,'20P-A02','Hút,gắp','V6-2',NULL,NULL),(575,'41M-A01','Gắp','R4-3',NULL,NULL),(576,'278-A22','Hút','D3-4',NULL,NULL),(577,'278-B79','Gắp','E8-3',NULL,NULL),(578,'284V-034','Hút','G4-1',NULL,NULL),(579,'20P-A04','Găp','V6-4',NULL,NULL),(580,'278-C62','Bàn gắp','F11-8',NULL,NULL),(581,'278-C62','Jig cắt','U9-8',NULL,NULL),(582,'269V-267','Bàn gắp','M10-1',NULL,NULL),(583,'278V-496','Bàn gắp','C3-4',NULL,NULL),(584,'494-A10','Hút','P9-7',NULL,NULL),(585,'252-A07','Hút','I1-4',NULL,NULL),(586,'278-A07','Hút, cắt','D1-7',NULL,NULL),(587,'278-A07','Jig cắt','W7-2',NULL,NULL),(588,'269-A05','Hút','N7-5',NULL,NULL),(589,'284V-140','Hút gắp','H11-5',NULL,NULL),(590,'284V-140','Jig cắt','H12-4',NULL,NULL),(591,'294V-033','Hút','F10-5',NULL,NULL),(592,'294V-008','Hút,gắp','F8-5',NULL,NULL),(593,'252-A53','Hút','I4-8',NULL,NULL),(594,'278-B41','Hút cắt','E4-3',NULL,NULL),(595,'278-B41','Jig cắt','U4-8',NULL,NULL),(596,'805V-051','Hút','P5-7',NULL,NULL),(597,'851-A01','Hút','S7-1',NULL,NULL),(598,'252-A84','Gắp','I7-2',NULL,NULL),(599,'284V-271','Hút','H10-10',NULL,NULL),(600,'494-A15','Hút,gắp,cắt','P9-12',NULL,NULL),(601,'494-A15','Jig cắt','Q1-3',NULL,NULL),(602,'278-C34','Gắp, cắt','V2-1',NULL,NULL),(603,'296V-007','Gắp cắt','Q9-5',NULL,NULL),(604,'296V-007','Jig cắt','Q7-10',NULL,NULL),(605,'284V-214','Hút','H5-5',NULL,NULL),(606,'494-A07','Hút ','P9-5',NULL,NULL),(607,'252-A68','Hút gắp','N5-6',NULL,NULL),(608,'252-A29','Gắp','I2-11',NULL,NULL),(609,'284V-242','Hút','H7-9',NULL,NULL),(610,'284V-188','Bàn gắp','H11-9',NULL,NULL),(611,'284V-172','Hút,gắp,cắt','H2-7',NULL,NULL),(612,'284V-172','Jig cắt','H12-7',NULL,NULL),(613,'284V-219','Hút','H5-9',NULL,NULL),(614,'284V-153','Hút','G12-12',NULL,NULL),(615,'284V-224','Hút','H6-3',NULL,NULL),(616,'278V-549','Hút,gắp,cắt','C8-4',NULL,NULL),(617,'278V-549','Jig cắt','W6-6',NULL,NULL),(618,'278-A60','Hút,gắp,cắt','D6-5',NULL,NULL),(619,'278-A60','Jig cắt','W10-2',NULL,NULL),(620,'252-A01','Hút,gắp,cắt','I1-1',NULL,NULL),(621,'252-A01','Jig căt','I11-1',NULL,NULL),(622,'252-B21','Hút','I10-6',NULL,NULL),(623,'252V-166','Hút','N1-1',NULL,NULL),(624,'284V-226','Hút','H6-5',NULL,NULL),(625,'278V-515','Hút','C5-4',NULL,NULL),(626,'284V-161','Hút','H1-8',NULL,NULL),(627,'278-C65','Hút','F6-7',NULL,NULL),(628,'278-C99','Hút','F7-8',NULL,NULL),(629,'296V-015',' Bàn hút','Q9-12',NULL,NULL),(630,'494-A09','Gắp','P9-6',NULL,NULL),(631,'269-A19','A54;55;56Hút','N8-5',NULL,NULL),(632,'278V-521','Hút','C5-10',NULL,NULL),(633,'252V-189','Hút','N3-5',NULL,NULL),(634,'252-A77','Hút ','I6-5',NULL,NULL),(635,'494V-004','Hút, gắp','Q11-2',NULL,NULL),(636,'269V-196','Hút','M3-3',NULL,NULL),(637,'278V-519','Hút gắp','C5-8',NULL,NULL),(638,'278V-519','Jig cắt','W5-1',NULL,NULL),(639,'278V-148','Hút','A4-12',NULL,NULL),(640,'851-A04','Hút ','P4-1.5',NULL,NULL),(641,'284V-036','Hút','G4-3',NULL,NULL),(642,'851V-027','Hút','P2-8',NULL,NULL),(643,'851-A11','Jig  cắt','P8-8',NULL,NULL),(644,'805V-049','Hút','P5-6',NULL,NULL),(645,'851V-016','Hút','P2-2',NULL,NULL),(646,'851V-042','Jig  cắt','P7-7',NULL,NULL),(647,'851V-013','Hút','P5-12',NULL,NULL),(648,'851V-019','Hút','P2-5',NULL,NULL),(649,'851V-053','Jig  cắt','P8-2',NULL,NULL),(650,'851V-041','Jig  cắt','P7-6',NULL,NULL),(651,'851V-017','Gắp,cắt','P2-3',NULL,NULL),(652,'851V-017','Jig  cắt','P6-6',NULL,NULL),(653,'851V-015','Hút','P2-1',NULL,NULL),(654,'851V-045','Hút gắp','P3-9',NULL,NULL),(655,'851V-012','Hút ','P12-15',NULL,NULL),(656,'851-A10','Gắp cắt','P4-13',NULL,NULL),(657,'851-A10','Jig  cắt','P8-7',NULL,NULL),(658,'851-A05','Hút','R6-2',NULL,NULL),(659,'851V-046','Bàn gắp','R3-6',NULL,NULL),(660,'851-A06','Gắp','P5-11',NULL,NULL),(661,'851V-050','Hút,gắp,cắt','P4-1',NULL,NULL),(662,'851V-050','Jig  cắt','P7-10',NULL,NULL),(663,'851V-021','Bàn hút','R1-9',NULL,NULL),(664,'851V-024','Jig  cắt','P6-8',NULL,NULL),(665,'851V-044','Hứng','P3-11',NULL,NULL),(666,'294V-021','Hút','F9-4',NULL,NULL),(667,'294V-007','Bàn gắp','E10-9',NULL,NULL),(668,'294V-007','Jig cắt','F9-11',NULL,NULL),(669,'294V-006','Hút,gắp','F8-4',NULL,NULL),(670,'294V-015','Hút','F8-8',NULL,NULL),(671,'294V-016','Hút','F8-9',NULL,NULL),(672,'294V-027','Hút,gắp','F9-9',NULL,NULL),(673,'294V-004','Hút','F8-2',NULL,NULL),(674,'294V-029','Hút,gắp,cắt','F10-1',NULL,NULL),(675,'294V-029','Jig cắt','F10-10',NULL,NULL),(676,'851V-007','Bàn gắp','P1-7',NULL,NULL),(677,'851V-020','Jig  cắt','P6-7',NULL,NULL),(678,'851V-028','Gắp,cắt','P2-9',NULL,NULL),(679,'851V-028','Jig  cắt','P7-2',NULL,NULL),(680,'851V-047','Bàn gắp','V1-2',NULL,NULL),(681,'851V-047','Jig  cắt','P7-8',NULL,NULL),(682,'851V-018','Hút','P2-4',NULL,NULL),(683,'851V-051','Hút,gắp,cắt','P4-2',NULL,NULL),(684,'851V-051','Jig  cắt','P8-1',NULL,NULL),(685,'851V-010','P1-10','Jig  cắt',NULL,NULL),(686,'294V-034','Hút','F10-6',NULL,NULL),(687,'294V-019','Hút,gắp','F9-3',NULL,NULL),(688,'294V-003','Chung 20S-A03','V10-7',NULL,NULL),(689,'294V-003','Jig cắt','Q11-3',NULL,NULL),(690,'294V-030','Hút,gắp','F10-2',NULL,NULL),(691,'294V-030','Jig cắt','F10-11',NULL,NULL),(692,'294V-018','Hút','F9-2',NULL,NULL),(693,'294V-017','Hút,gắp','F9-1',NULL,NULL),(694,'851-A07','Gắp','P1-2.5',NULL,NULL),(695,'851-A07','Jig  cắt','P6-2.5',NULL,NULL),(696,'851V-038','Hút gắp','P3-6',NULL,NULL),(697,'851V-034','Hút ','P3-2',NULL,NULL),(698,'851V-011','Hút,cắt','P1-11',NULL,NULL),(699,'851V-011','Jig  cắt','P6-5',NULL,NULL),(700,'851V-008','Hút,gắp,cắt','P1-8',NULL,NULL),(701,'851V-008','Jig  cắt','P6-2',NULL,NULL),(702,'851-A08','Jig  cắt','P6-6.5',NULL,NULL),(703,'851V-040','Hút,cắt','P3-7',NULL,NULL),(704,'851V-040','Jig  cắt','P7-5',NULL,NULL),(705,'294V-028','Hút,gắp','F9-10',NULL,NULL),(706,'851V-009','Hút,cắt','P1-9',NULL,NULL),(707,'851V-009','Jig  cắt','P6-3',NULL,NULL),(708,'294V-036','Hút,gắp','F10-8',NULL,NULL),(709,'252V-070','Hút gắp','K4-5',NULL,NULL),(710,'252V-075','Hút','K4-7',NULL,NULL),(711,'252V-104','Bàn gắp','K7-2',NULL,NULL),(712,'252V-111','Hút','K7-8',NULL,NULL),(713,'851V-032','Hút ','P3-1',NULL,NULL),(714,'851V-030','Gắp,cắt','P2-10',NULL,NULL),(715,'851V-030','Jig  cắt','P7-3',NULL,NULL),(716,'252V-072','Hút','K4-6',NULL,NULL),(717,'278-C82','Hút','F7-9',NULL,NULL),(718,'851V-002','Bàn gắp','R4-8',NULL,NULL),(719,'851V-035','Bàn gắp','P3-3',NULL,NULL),(720,'252V-077','Hút','K4-9',NULL,NULL),(721,'851V-001','Hút','P1-3',NULL,NULL),(722,'378V-006','Hút','V11-5',NULL,NULL),(723,'805V-027','Gắp,cắt','P5-4',NULL,NULL),(724,'805V-027','Jig cắt','Q6-9',NULL,NULL),(725,'482V-034','Hút,gắp','R4-4',NULL,NULL),(726,'805V-020','Hút','P5-2',NULL,NULL),(727,'805V-023','Gắp\n cắt','P5-3',NULL,NULL),(728,'805V-023','Jig cắt','Q6-8',NULL,NULL),(729,'805V-046','Jig cắt','Q7-2',NULL,NULL),(730,'805V-047','Jig cắt','Q7-3',NULL,NULL),(731,'805V-044','Jig cắt','Q7-1',NULL,NULL),(732,'805V-022','Hút','P5-1',NULL,NULL),(733,'378V-005','Hút','V11-4',NULL,NULL),(734,'805V-019','Gắp','P5-10',NULL,NULL),(735,'805V-025','Jig cắt','Q11-1',NULL,NULL),(736,'805V-018','Bàn hút','R3-9',NULL,NULL),(737,'805V-017','Gắp','Q5-9',NULL,NULL),(738,'805V-034','Jig cắt','Q6-10',NULL,NULL),(739,'805V-035','Jig cắt','Q6-11',NULL,NULL),(740,'252V-091','Bàn gắp','K5-10',NULL,NULL),(741,'378V-001','Hút','V11-1',NULL,NULL),(742,'378V-002','Hút','V11-2',NULL,NULL),(743,'378V-004','Hút','V11-3',NULL,NULL),(744,'378V-007','Hút','V11-6',NULL,NULL),(745,'805-A03','Jig cắt','Q6-4',NULL,NULL),(746,'805-A04','Jig cắt','Q6-5',NULL,NULL),(747,'378V-010','Gắp','V11-9',NULL,NULL),(748,'494V-018','Hút,gắp','P11-5',NULL,NULL),(749,'494V-018','Jig cắt','Q2-4',NULL,NULL),(750,'252V-145','Bàn gắp','K11-4',NULL,NULL),(751,'318V-013','Hút','N6-9',NULL,NULL),(752,'318V-014','Hút','N6-10',NULL,NULL),(753,'318V-016','Hút','N6-12',NULL,NULL),(754,'318V-017','Hút','N6-13',NULL,NULL),(755,'318V-018','Hút','N6-14',NULL,NULL),(756,'494V-029','Hút','P11-11',NULL,NULL),(757,'494V-007','Hút','P10-8',NULL,NULL),(758,'494V-028','Hút','P11-10',NULL,NULL),(759,'494V-010','Hút,gắp,cắt','P10-9',NULL,NULL),(760,'494V-010','Jig cắt','Q1-9',NULL,NULL),(761,'494V-008','Hút, gắp','Q11-5',NULL,NULL),(762,'296V-016','Hút cắt','Q9-13',NULL,NULL),(763,'296V-016','Jig cắt','Q8-4',NULL,NULL),(764,'494V-025','Gắp,cắt','P11-9',NULL,NULL),(765,'494V-025','Jig cắt','Q2-6',NULL,NULL),(766,'212V-021','Hút','V9-3',NULL,NULL),(767,'252V-151','Hút','K11-10',NULL,NULL),(768,'212V-013','Hút','V8-6',NULL,NULL),(769,'212V-020','027 Hút','V9-2',NULL,NULL),(770,'212V-022','Hút','V9-4',NULL,NULL),(771,'212V-016','Gắp hút','V8-8',NULL,NULL),(772,'212V-028','Hút','V9-9',NULL,NULL),(773,'494V-012','Gắp,cắt','P10-11',NULL,NULL),(774,'494V-012','Jig cắt','Q0-1',NULL,NULL),(775,'494V-022','Hút','P11-8',NULL,NULL),(776,'494V-021','Hút,gắp,cắt','P11-7',NULL,NULL),(777,'494V-021','Jig cắt','Q2-5',NULL,NULL),(778,'494V-019','Gắp','P11-6',NULL,NULL),(779,'494V-019','Jig cắt','Q2-7',NULL,NULL),(780,'494V-011','Hút','P10-10',NULL,NULL),(781,'212V-018','Hút','V8-10',NULL,NULL),(782,'212V-029','Hút','V10-1',NULL,NULL),(783,'212V-019','Hút','V9-1',NULL,NULL),(784,'212V-024','Hút','V9-6',NULL,NULL),(785,'212V-027','Hút','R10-1',NULL,NULL),(786,'212V-015','Hút','V2-6',NULL,NULL),(787,'212V-026','Hút','V9-8',NULL,NULL),(788,'212V-023','Hút','V9-5',NULL,NULL),(789,'278-C26','Hút,gắp','F2-9',NULL,NULL),(790,'269V-213','Hút,cắt','M4-10',NULL,NULL),(791,'269V-213','Jig cắt','M11-5',NULL,NULL),(792,'20S-A02','Gắp ','V1-6',NULL,NULL),(793,'294V-005','20S-A02 Gắp','F8-3',NULL,NULL),(794,'278V-517','Hút','C5-6',NULL,NULL),(795,'212V-025','Hút','V9-7',NULL,NULL),(796,'212V-014','Hút','V8-7',NULL,NULL),(797,'494V-026','Hút','P12-14',NULL,NULL),(798,'212V-017','Hút','V8-9',NULL,NULL),(799,'284V-089','Hút','G8-4',NULL,NULL),(800,'252V-102','Hút','K6-10',NULL,NULL),(801,'252-B09','Hút','I9-8',NULL,NULL),(802,'284V-221','Gắp','H5-11',NULL,NULL),(803,'296V-019','Gắp,cắt','Q10-3',NULL,NULL),(804,'296V-019','Jig cắt','Q8-6',NULL,NULL),(805,'20P-A06','Hút,gắp,cắt','V6-6',NULL,NULL),(806,'20P-A06','Jig cắt','R5-2',NULL,NULL),(807,'284V-181','Hút','H3-4',NULL,NULL),(808,'274V-003','Gắp cắt','V5-3',NULL,NULL),(809,'274V-003','Jig cắt','R5-7',NULL,NULL),(810,'274V-007','Gắp cắt','V5-7',NULL,NULL),(811,'274V-007','Jig cắt','R5-9',NULL,NULL),(812,'296V-004','Hút','Q9-2',NULL,NULL),(813,'284V-090','Hút','G8-5',NULL,NULL),(814,'284V-269','Hút','H9-9',NULL,NULL),(815,'284V-186','Hút gắp','H3-9',NULL,NULL),(816,'284V-191','Hút','H3-12',NULL,NULL),(817,'252V-020','Hút','K1-2',NULL,NULL),(818,'284V-003','Hút','G1-3',NULL,NULL),(819,'284V-009','Hút','G1-9',NULL,NULL),(820,'284V-016','Hút','G2-7',NULL,NULL),(821,'252V-065','Hút','K4-2',NULL,NULL),(822,'284V-236','Hút','H7-5',NULL,NULL),(823,'284V-238','Hút','H7-7',NULL,NULL),(824,'284V-234','Hút','H7-3',NULL,NULL),(825,'288V-042','Hút','V4-9',NULL,NULL),(826,'217V-022','Hút','V3-12',NULL,NULL),(827,'217V-023','Hút','V3-13',NULL,NULL),(828,'217V-017','Hút','V3-7',NULL,NULL),(829,'217V-018','Hút','V3-8',NULL,NULL),(830,'412V-004','Hút','R1-3',NULL,NULL),(831,'412V-006','Hút','R1-5',NULL,NULL),(832,'412V-001','Hút','R1-1',NULL,NULL),(833,'412V-005','Hút','R1-4',NULL,NULL),(834,'412V-007','Hút','R1-6',NULL,NULL),(835,'412V-003','Hút','R1-2',NULL,NULL),(836,'217V-015','Hút','V3-5',NULL,NULL),(837,'417V-006','Hút','V12-5',NULL,NULL),(838,'217V-012','Hút','V3-3',NULL,NULL),(839,'217V-021','Gắp','V3-11',NULL,NULL),(840,'217V-011','Hút','V3-2',NULL,NULL),(841,'252V-054','Jig căt','I11-8',NULL,NULL),(842,'217V-014','Gắp','V3-4',NULL,NULL),(843,'217V-020','Hút','V3-10',NULL,NULL),(844,'217V-008','Hút','V3-1',NULL,NULL),(845,'417V-002','Hút, gắp','V12-1',NULL,NULL),(846,'284V-203','Hút','H4-9',NULL,NULL),(847,'417V-003','Hút, gắp','V12-2',NULL,NULL),(848,'417V-004','Hút','V12-3',NULL,NULL),(849,'417V-005','41M-A01 Gắp','V12-4',NULL,NULL),(850,'318V-009','Hút','N6-5',NULL,NULL),(851,'297V-006','Hút,gắp,cắt','R2-4',NULL,NULL),(852,'297V-006','Jig cắt','R2-8',NULL,NULL),(853,'217V-016','Gắp','V3-6',NULL,NULL),(854,'289V-002','Gắp','V4-4',NULL,NULL),(855,'494-A23','Gắp','P10-5',NULL,NULL),(856,'217V-019','Gắp','V3-9',NULL,NULL),(857,'278V-543','Hút','C7-8',NULL,NULL),(858,'318V-012','Hút','N6-8',NULL,NULL),(859,'318V-010','Hút','N6-6',NULL,NULL),(860,'269-A17','Hút ','N8-4',NULL,NULL),(861,'318V-011','Hút','N6-7',NULL,NULL),(862,'289V-003','Gắp','V4-5',NULL,NULL),(863,'289V-001','Hút','V4-3',NULL,NULL),(864,'318V-005','Hút','N6-2',NULL,NULL),(865,'318V-003','Hút','N6-1',NULL,NULL),(866,'294V-035','Hút','F10-7',NULL,NULL),(867,'289V-004','Hút,gắp','V4-6',NULL,NULL),(868,'289V-006','Hút','V4-7',NULL,NULL),(869,'284V-132','Bàn gắp','G11-9',NULL,NULL),(870,'284V-043','Hút,gắp','G4-9',NULL,NULL),(871,'284V-074','Hút,gắp,cắt','G7-1',NULL,NULL),(872,'284V-074','Jig cắt','H12-2',NULL,NULL),(873,'284V-091','Bàn gắp','G8-6',NULL,NULL),(874,'284V-097','Hút','G9-1',NULL,NULL),(875,'284V-127','Hút','G11-4',NULL,NULL),(876,'284V-128','Hút','G11-5',NULL,NULL),(877,'284V-002','Hút','G1-2',NULL,NULL),(878,'284V-079','Hút','G7-6',NULL,NULL),(879,'284V-114','Hút','G10-4',NULL,NULL),(880,'284V-080','Hút','G7-7',NULL,NULL),(881,'284V-202','Hút','H4-8',NULL,NULL),(882,'284V-025','Gắp','G3-5',NULL,NULL),(883,'284V-038','Hút','G4-5',NULL,NULL),(884,'284V-004','Hút','G1-4',NULL,NULL),(885,'284V-088','Hút','G8-3',NULL,NULL),(886,'284V-137','Hút,gắp','G11-13',NULL,NULL),(887,'284V-096','Hút','G8-11',NULL,NULL),(888,'284V-111','Hút','G10-1',NULL,NULL),(889,'284V-094','Hút','G8-9',NULL,NULL),(890,'284V-086','Hút,gắp','G8-1',NULL,NULL),(891,'284V-082','Bàn gắp','G7-9',NULL,NULL),(892,'284V-092','Hút','G8-7',NULL,NULL),(893,'284V-040','Hút','G4-6',NULL,NULL),(894,'294V-014','Hút','F8-7',NULL,NULL),(895,'284V-041','Hút','G4-7',NULL,NULL),(896,'284V-042','Hút','G4-8',NULL,NULL),(897,'284V-046','Hút','G4-12',NULL,NULL),(898,'284V-076','Hút','G7-3',NULL,NULL),(899,'284V-165','Hút','R4-6',NULL,NULL),(900,'284V-165','Jig cắt','H12-6',NULL,NULL),(901,'284V-171','Hút','H2-6',NULL,NULL),(902,'284V-105','Hút','G9-9',NULL,NULL),(903,'284V-084','Hút','G7-11',NULL,NULL),(904,'284V-130','Bàn gắp','G11-7',NULL,NULL),(905,'284V-054','Hút','G5-7',NULL,NULL),(906,'284V-055','Hút','G5-8',NULL,NULL),(907,'284V-131','Bàn gắp','G11-8',NULL,NULL),(908,'284V-057','Gắp','G5-10',NULL,NULL),(909,'278V-311','Hút','A11-11',NULL,NULL),(910,'278V-377','Hút','B4-10',NULL,NULL),(911,'274V-001','Gắp cắt','V5-1',NULL,NULL),(912,'274V-001','Jig cắt','R5-6',NULL,NULL),(913,'278V-373','Bàn gắp','B4-7',NULL,NULL),(914,'274V-002','Hút','V5-2',NULL,NULL),(915,'278V-158','Hút','A5-5',NULL,NULL),(916,'278-D65','Bàn gắp','E5-4',NULL,NULL),(917,'851V-031','Gắp,cắt','P2-11',NULL,NULL),(918,'851V-031','Jig  cắt','P7-4',NULL,NULL),(919,'851V-049','Gắp,cắt','P3-10',NULL,NULL),(920,'851V-049','Jig  cắt','P7-9',NULL,NULL),(921,'274V-006','Hút','V5-6',NULL,NULL),(922,'252V-100','Hút','K6-8',NULL,NULL),(923,'252V-153','Hút','K11-11',NULL,NULL),(924,'278V-533','Gắp,cắt','C6-8',NULL,NULL),(925,'252-B23',' Bàn Hút','I8-6',NULL,NULL),(926,'278V-199','Bàn hút','E5-5',NULL,NULL),(927,'278V-432','Hút','B9-9',NULL,NULL),(928,'294V-025','Hút/026','F9-8',NULL,NULL),(929,'252V-108','/153 Hút','K7-5',NULL,NULL),(930,'494V-014','Hút,gắp,cắt','P11-2',NULL,NULL),(931,'494V-014','Jig cắt','Q2-1',NULL,NULL),(932,'284V-047','Hút','G4-13',NULL,NULL),(933,'284V-001','Hút','G1-1',NULL,NULL),(934,'284V-056','Hút','G5-9',NULL,NULL),(935,'284V-121','Hút','G10-11',NULL,NULL),(936,'284V-007','Hút','G1-7',NULL,NULL),(937,'284V-015','Hút','G2-6',NULL,NULL),(938,'284V-028','Gắp','G3-7',NULL,NULL),(939,'284V-117','Hút','G10-7',NULL,NULL),(940,'284V-104','Hút','G9-8',NULL,NULL),(941,'284V-129','Bàn gắp','G11-6',NULL,NULL),(942,'284V-109','Gắp','G9-13',NULL,NULL),(943,'284V-081','Gắp','G7-8',NULL,NULL),(944,'284V-022','Bàn hứng','G3-2',NULL,NULL),(945,'284V-033','Hút','G3-11',NULL,NULL),(946,'284V-072','Hút','G6-10',NULL,NULL),(947,'284V-048','Bàn gắp','G5-1',NULL,NULL),(948,'284V-087','Hút','G8-2',NULL,NULL),(949,'284V-050','Bàn gắp','G5-3',NULL,NULL),(950,'284V-124','Hút','G11-1',NULL,NULL),(951,'284V-021','Hút','G3-1',NULL,NULL),(952,'284V-119','Hút','G10-9',NULL,NULL),(953,'284V-027','Gắp','G3-6',NULL,NULL),(954,'284V-136','Bàn hút','H11-7',NULL,NULL),(955,'284V-037','Hút','G4-4',NULL,NULL),(956,'284V-024','Bàn hứng','G3-4',NULL,NULL),(957,'284V-106','Bàn gắp','G9-10',NULL,NULL),(958,'284V-113','Bàn gắp','G10-3',NULL,NULL),(959,'284V-256','Hút','H8-8',NULL,NULL),(960,'284V-133','Hút','G11-11',NULL,NULL),(961,'284V-053','Hút','G5-6',NULL,NULL),(962,'284V-026','Gắp','H10-8',NULL,NULL),(963,'284V-118','Hút','G10-8',NULL,NULL),(964,'284V-051','Hút','G5-4',NULL,NULL),(965,'284V-098','Hút','G9-2',NULL,NULL),(966,'284V-060','Hút','G5-13',NULL,NULL),(967,'284V-071','Hút,gắp','G6-9',NULL,NULL),(968,'284V-085','Hút','G7-12',NULL,NULL),(969,'284V-061','Cắt gắp','G5-14',NULL,NULL),(970,'284V-206','Hút','H4-12',NULL,NULL),(971,'284V-123','Hút','G10-13',NULL,NULL),(972,'284V-045','Hút','G4-11',NULL,NULL),(973,'284V-049','Hút','G5-2',NULL,NULL),(974,'284V-112','Hút','G10-2',NULL,NULL),(975,'278V-392','Bàn gắp','B6-2',NULL,NULL),(976,'278V-255','Hút gắp','A8-9',NULL,NULL),(977,'278V-385','Hút','B5-7',NULL,NULL),(978,'773-A23','Hút','Q5-8',NULL,NULL),(979,'278V-157','Hút','A5-4',NULL,NULL),(980,'278V-119','Hút','A3-3',NULL,NULL),(981,'278V-378','Hút','B5-1',NULL,NULL),(982,'296V-014','Hút,gắp','Q9-11',NULL,NULL),(983,'296V-014','Jig cắt','Q8-2',NULL,NULL),(984,'20P-A23,24,25,26','Hút','V7-5,V7-6,V7-7,V7-8',NULL,NULL),(985,'278V-326','Hút','A12-9',NULL,NULL),(986,'278V-355','Hút','B2-12',NULL,NULL),(987,'278V-282','Hút','A2-6',NULL,NULL),(988,'278V-249','Hút','A8-6',NULL,NULL),(989,'278V-372','Bàn gắp','B4-6',NULL,NULL),(990,'284V-030','Hút, gắp cắt','G3-9',NULL,NULL),(991,'284V-030','Jig cắt','H12-1',NULL,NULL),(992,'212-A06','Hút','R7-8',NULL,NULL),(993,'278-A09','Hút gắp','D1-9',NULL,NULL),(994,'278-A09','Jig cắt','W7-3',NULL,NULL),(995,'252V-096','Hút gắp','K6-4',NULL,NULL),(996,'278V-492','Gắp, hút','C2-10',NULL,NULL),(997,'494V-013','Hút,gắp,cắt','P11-1',NULL,NULL),(998,'494V-013','Jig cắt','Q1-11',NULL,NULL),(999,'284V-005','Hút','G1-5',NULL,NULL),(1000,'284V-006','Hút','G1-6',NULL,NULL),(1001,'269V-168','Hút,gắp,cắt','M1-10',NULL,NULL),(1002,'269V-168','Jig cắt','M11-3',NULL,NULL),(1003,'278V-396','Hút','B6-6',NULL,NULL),(1004,'278V-455','Hút','B11-8',NULL,NULL),(1005,'278V-371','Bàn gắp','B4-5',NULL,NULL),(1006,'284V-125','Hút','G11-2',NULL,NULL),(1007,'284V-018','Hút','G2-9',NULL,NULL),(1008,'284V-019','Hút','G2-10',NULL,NULL),(1009,'284V-035','Hút','G4-2',NULL,NULL),(1010,'284V-011','Hút','G2-2',NULL,NULL),(1011,'284V-008','Hút','G1-8',NULL,NULL),(1012,'284V-100','Hút','G9-4',NULL,NULL),(1013,'284V-120','Hút','G10-10',NULL,NULL),(1014,'284V-017','Hút','G2-8',NULL,NULL),(1015,'284V-215','Hút','H5-6',NULL,NULL),(1016,'284V-010','Hút','G2-1',NULL,NULL),(1017,'284V-078','Hút','G7-5',NULL,NULL),(1018,'284V-099','Hút','G9-3',NULL,NULL),(1019,'284V-122','Hút','G10-12',NULL,NULL),(1020,'284V-023','Hút','G3-3',NULL,NULL),(1021,'284V-070','Hút','G6-8',NULL,NULL),(1022,'284V-013','Hút','G2-4',NULL,NULL),(1023,'284V-012','Hút','G2-3',NULL,NULL),(1024,'284V-208','Hút','H4-14',NULL,NULL),(1025,'284V-126','Hút','G11-3',NULL,NULL),(1026,'284V-044','Hút','G4-10',NULL,NULL),(1027,'284V-135','Bàn gắp','H11-4',NULL,NULL),(1028,'284V-020','Gắp','G2-11',NULL,NULL),(1029,'284V-093','Hút','G8-8',NULL,NULL),(1030,'284V-014','Hút','G2-5',NULL,NULL),(1031,'284V-095','Hút','G8-10',NULL,NULL),(1032,'284V-083','Hút','G7-10',NULL,NULL),(1033,'284V-102','Hút','G9-6',NULL,NULL),(1034,'284V-077','Gắp','G7-4',NULL,NULL),(1035,'284V-073','Hút','G6-11',NULL,NULL),(1036,'284V-134','Bàn gắp','G11-12',NULL,NULL),(1037,'284V-107','Hút','G9-11',NULL,NULL),(1038,'284V-110','Gắp','H10-9',NULL,NULL),(1039,'284V-108','Gắp','G9-12',NULL,NULL),(1040,'284V-115','Hút','G10-5',NULL,NULL),(1041,'284V-075','Hút','G7-2',NULL,NULL),(1042,'284V-169','Hút','H2-4',NULL,NULL),(1043,'284V-170','Hút','H2-5',NULL,NULL),(1044,'851V-036','Hút gắp','P3-4',NULL,NULL),(1045,'851V-036','Jig  cắt','R4-9',NULL,NULL),(1046,'284V-211','Hút','H5-2',NULL,NULL),(1047,'284V-032','Hút','G3-10',NULL,NULL),(1048,'252V-095','Hút','K6-3',NULL,NULL),(1049,'284V-168','Hút','H2-3',NULL,NULL),(1050,'278V-185','Hút','A6-2',NULL,NULL),(1051,'284V-207','Hút','H4-13',NULL,NULL),(1052,'284V-241','Hút','H7-8',NULL,NULL),(1053,'278V-428','Hút','B9-5',NULL,NULL),(1054,'252-B06','Hút','I9-5',NULL,NULL),(1055,'252V-123','Hút','K9-2',NULL,NULL),(1056,'284V-052','Hút','G5-5',NULL,NULL),(1057,'21A-A05','Gắp,cắt','R7-1',NULL,NULL),(1058,'252V-113','Hút','K7-10',NULL,NULL),(1059,'278V-275','Hút,gắp,cắt','A9-10',NULL,NULL),(1060,'278V-275','Jig cắt','W2-8',NULL,NULL),(1061,'278V-390','Hút ','D10-8',NULL,NULL),(1062,'269-A28','Hút ','N9-4',NULL,NULL),(1063,'20Y-A04','Hút, cắt','R8-4',NULL,NULL),(1064,'284V-103','Hút','G9-7',NULL,NULL),(1065,'278V-497','Hút','C3-5',NULL,NULL),(1066,'278V-483','Gắp cắt','C2-2',NULL,NULL),(1067,'278V-483','Jig cắt','W5-6',NULL,NULL),(1068,'278V-131','Hút','A3-11',NULL,NULL),(1069,'297V-004','Hút,gắp,cắt','R2-2',NULL,NULL),(1070,'297V-004','Jig cắt','R2-6',NULL,NULL),(1071,'269-A39','Hút, cắt','N10-2',NULL,NULL),(1072,'269-A39','Jig cắt','N11-4',NULL,NULL),(1073,'278V-474','Hút','C1-4',NULL,NULL),(1074,'284V-253','Gắp','H8-7',NULL,NULL),(1075,'278V-458','Gắp','B11-11',NULL,NULL),(1076,'278V-459','Gắp','B12-1',NULL,NULL),(1077,'284V-193','Bàn gắp','H10-12',NULL,NULL),(1078,'284V-264','Hút','H9-4',NULL,NULL),(1079,'278V-529','Hút','C6-4',NULL,NULL),(1080,'278V-528','Hút','C6-3',NULL,NULL),(1081,'284V-257','Gắp','H8-9',NULL,NULL),(1082,'278V-480','Hút','C1-10',NULL,NULL),(1083,'284V-192','Hút,gắp','H3-13',NULL,NULL),(1084,'284V-192','Jig cắt','H12-9',NULL,NULL),(1085,'296V-012','Gắp,cắt','Q9-9',NULL,NULL),(1086,'296V-012','Jig cắt','Q7-13',NULL,NULL),(1087,'284V-200','Hút','H4-6',NULL,NULL),(1088,'284V-263','Gắp','H9-3',NULL,NULL),(1089,'284V-248','Hút','H8-4',NULL,NULL),(1090,'278V-473','Bàn gắp','C1-3',NULL,NULL),(1091,'278V-457','Gắp','B11-10',NULL,NULL),(1092,'284V-068','Hút,gắp','G6-6',NULL,NULL),(1093,'284V-247',' Hút,gắp','H8-3',NULL,NULL),(1094,'278V-469','Bàn gắp','B12-9',NULL,NULL),(1095,'278-C88','Hút','F6-8',NULL,NULL),(1096,'284V-173','Hút','H2-8',NULL,NULL),(1097,'284V-213','Hút','H5-4',NULL,NULL),(1098,'278V-532','Hút','C6-7',NULL,NULL),(1099,'284V-276','Hút','H9-13',NULL,NULL),(1100,'284V-268','Hút','H9-8',NULL,NULL),(1101,'284V-177','Hút, cắt','H2-12',NULL,NULL),(1102,'278V-477','Bàn gắp','C1-7',NULL,NULL),(1103,'278V-468','Hút','B12-8',NULL,NULL),(1104,'284V-183','Hút gắp','H3-6',NULL,NULL),(1105,'278V-461','Hút','C10-9',NULL,NULL),(1106,'278V-466','Jig cắt','B12-6',NULL,NULL),(1107,'278V-466','Jig cắt','W5-4',NULL,NULL),(1108,'284V-267','Hút,gắp','H9-7',NULL,NULL),(1109,'284V-262','Hút','H9-2',NULL,NULL),(1110,'773V-001','Hút','Q4-9',NULL,NULL),(1111,'773V-002','Hút','Q4-10',NULL,NULL),(1112,'773V-003','Hút','Q4-11',NULL,NULL),(1113,'773V-005','Hút','Q5-2',NULL,NULL),(1114,'773V-007','Hút','Q5-4',NULL,NULL),(1115,'284V-273','Hút','H9-10',NULL,NULL),(1116,'284V-139','Bàn hút','H11-6',NULL,NULL),(1117,'284V-139','Jig cắt','H12-3',NULL,NULL),(1118,'278V-510','Gắp ,cắt','C4-9',NULL,NULL),(1119,'278V-510','Jig cắt','W6-1',NULL,NULL),(1120,'773-A20','Hút','Q4-7',NULL,NULL),(1121,'773V-009','Hút','Q5-6',NULL,NULL),(1122,'773V-008','Hút','Q5-5',NULL,NULL),(1123,'773V-010','Hút','Q5-7',NULL,NULL),(1124,'284V-228','Hút','H6-7',NULL,NULL),(1125,'773V-004','Hút','Q5-1',NULL,NULL),(1126,'278V-259','Hút','A9-1',NULL,NULL),(1127,'269-A29','Hút ','N9-5',NULL,NULL),(1128,'278V-196','Hút','A6-3',NULL,NULL),(1129,'278V-486','Hút cắt','C2-5',NULL,NULL),(1130,'278V-486','Jig cắt','W5-8',NULL,NULL),(1131,'20S-A03','294V-003Gắp','V10-7',NULL,NULL),(1132,'278V-534','Gắp,cắt','C6-9',NULL,NULL),(1133,'278V-322','Bàn gắp','A12-6',NULL,NULL),(1134,'278V-322','Jig cắt','W4-3.5',NULL,NULL),(1135,'269V-223','Hút','M5-10',NULL,NULL),(1136,'278V-437','Hút','B10-4',NULL,NULL),(1137,'284V-223','Hút','H6-2',NULL,NULL),(1138,'252-A82','Hút','I6-10',NULL,NULL),(1139,'278V-548','Hút,găp,cắt','C8-3',NULL,NULL),(1140,'278V-548','Jig cắt','W6-5',NULL,NULL),(1141,'278-A32','Hút,gắp,cắt','D3-9',NULL,NULL),(1142,'278-A32','Jig cắt','W8-5',NULL,NULL),(1143,'278V-566','Hút','C10-3',NULL,NULL),(1144,'284V-244','Gắp','H7-11',NULL,NULL),(1145,'284V-152','Hút','G12-11',NULL,NULL),(1146,'284V-150','Hút','G12-9',NULL,NULL),(1147,'284V-190','Gắp','H3-11',NULL,NULL),(1148,'494-A11','Hút','P9-8',NULL,NULL),(1149,'284V-149','Hút','G12-8',NULL,NULL),(1150,'269-A61','Bàn gắp ','M10-7',NULL,NULL),(1151,'269-A61','Jig cắt','M10-8',NULL,NULL),(1152,'284V-266','Hút','H9-6',NULL,NULL),(1153,'278-A36','Hút,gắp,cắt','D4-1',NULL,NULL),(1154,'278-A36','Jig cắt','W8-9',NULL,NULL),(1155,'284V-209','Hút','H4-15',NULL,NULL),(1156,'278-A16','Bàn gắp,cắt','C12-3',NULL,NULL),(1157,'278-A16','Jig cắt','W7-10',NULL,NULL),(1158,'278-A41','Hút,gắp,cắt','D4-6',NULL,NULL),(1159,'278-A41','Jig cắt','W9-2',NULL,NULL),(1160,'278-A30','Hút,gắp,cắt','D3-7',NULL,NULL),(1161,'278-A30','Jig cắt','W8-3',NULL,NULL),(1162,'278-A39','Jig cắt','D4-4',NULL,NULL),(1163,'278-A39','Jig cắt','W9-1',NULL,NULL),(1164,'284V-147','Hút','G12-6',NULL,NULL),(1165,'278-A31','Hút,gắp,cắt','D3-8',NULL,NULL),(1166,'278-A31','Jig cắt','W8-4',NULL,NULL),(1167,'284V-275','Hút','H9-12',NULL,NULL),(1168,'252-A17','Hút ','I2-2',NULL,NULL),(1169,'269V-256','Hút','M9-2',NULL,NULL),(1170,'773-A02','Hút','Q3-2',NULL,NULL),(1171,'773-A08','Gắp','Q3-8',NULL,NULL),(1172,'773-A07','Cắt','Q3-7',NULL,NULL),(1173,'773-A07','Jig cắt','Q6-3',NULL,NULL),(1174,'773-A03','Hút','Q3-3',NULL,NULL),(1175,'773-A04','Hút','Q3-4',NULL,NULL),(1176,'773-A14','Hút','Q4-3',NULL,NULL),(1177,'284V-258','Gắp','H8-10',NULL,NULL),(1178,'278-B49','Bàn gắp','E5-1',NULL,NULL),(1179,'278-B49','Jig cắt','U5-2',NULL,NULL),(1180,'278-A84','Gắp cắt','D9-5',NULL,NULL),(1181,'278-A84','Jig cắt','U1-6',NULL,NULL),(1182,'278-D51','Bàn gắp','E12-11',NULL,NULL),(1183,'278-B21','Hút','E2-6',NULL,NULL),(1184,'278-B33','Hút','E3-6',NULL,NULL),(1185,'773-A10','Hút','Q3-10',NULL,NULL),(1186,'494-A19','Hút,gắp,cắt','P10-1',NULL,NULL),(1187,'494-A19','Jig cắt','Q1-4',NULL,NULL),(1188,'252V-180','Bàn gắp','N2-5',NULL,NULL),(1189,'278-C58','Hút,gắp, cắt','F5-8',NULL,NULL),(1190,'278-C58','Jig cắt','U8-8',NULL,NULL),(1191,'252-B18','Hút','I10-3',NULL,NULL),(1192,'278-C23','Gắp','F6-4',NULL,NULL),(1193,'773-A06','Gắp, cắt','Q3-6',NULL,NULL),(1194,'773-A06','Jig cắt','Q6-2',NULL,NULL),(1195,'252V-146','Hút','K11-5',NULL,NULL),(1196,'252V-084','Hút','K5-3',NULL,NULL),(1197,'278V-563','Hút gắp','C9-8',NULL,NULL),(1198,'278V-563','Jig cắt','U2-4',NULL,NULL),(1199,'278-B16','Jig cắt','U3-7',NULL,NULL),(1200,'494-A21','Hút,gắp,cắt','P10-3',NULL,NULL),(1201,'494-A21','Jig cắt','Q1-6',NULL,NULL),(1202,'278-B47','Jig cắt','U5-1',NULL,NULL),(1203,'252-A52','Hút','I4-7',NULL,NULL),(1204,'252-B24',' Bàn Gắp','I10-9',NULL,NULL),(1205,'278-A19','Hút gắp','D3-1',NULL,NULL),(1206,'278-B46','Hút,gắp,cắt','E4-8',NULL,NULL),(1207,'278-B46','Jig cắt','U4-11',NULL,NULL),(1208,'269V-262','Bàn gắp','M9-7',NULL,NULL),(1209,'278-C77','Gắp ','E11-5',NULL,NULL),(1210,'278-A35','Hút,gắp,cắt','D3-12',NULL,NULL),(1211,'278-A35','Jig cắt','W8-8',NULL,NULL),(1212,'284V-101','Hút','G9-5',NULL,NULL),(1213,'269V-225','Hút,gắp,cắt','M6-1',NULL,NULL),(1214,'269V-225','Jig cắt','M11-8',NULL,NULL),(1215,'278V-520','Hút gắp','C5-9',NULL,NULL),(1216,'278V-520','Jig cắt','W5-2',NULL,NULL),(1217,'278V-551','Hút','C8-6',NULL,NULL),(1218,'296V-008','Hút,gắp,cắt','Q9-6',NULL,NULL),(1219,'296V-008','Jig cắt','Q7-11',NULL,NULL),(1220,'278V-463','Hút,gắp,cắt','B12-3',NULL,NULL),(1221,'278V-463','Jig cắt','W5-1',NULL,NULL),(1222,'269V-252','Hút','M8-7',NULL,NULL),(1223,'269V-224','Hút,gắp,cắt','M5-11',NULL,NULL),(1224,'269V-224','Jig cắt','M11-7',NULL,NULL),(1225,'252V-167','Bàn gắp','N1-2',NULL,NULL),(1226,'278-A92','Hút,gắp,cắt','D9-9',NULL,NULL),(1227,'278-A92','Jig cắt','U1-8',NULL,NULL),(1228,'252-B01','Hút','I9-1',NULL,NULL),(1229,'252V-169','Bàn gắp','N1-4',NULL,NULL),(1230,'278V-557','Hút','C9-2',NULL,NULL),(1231,'851V-058','Hút gắp','P4-8',NULL,NULL),(1232,'851V-058','Jig  cắt','P8-6',NULL,NULL),(1233,'278V-565','Hút','C10-2',NULL,NULL),(1234,'278V-514','Hút','C5-3',NULL,NULL),(1235,'378V-008','Hút','V11-7',NULL,NULL),(1236,'278V-568','Bàn gắp','C10-5',NULL,NULL),(1237,'278V-567','Bàn gắp','C10-4',NULL,NULL),(1238,'278-B25','Hút,gắp,cắt','E2-9',NULL,NULL),(1239,'278-B25','Jig cắt','U3-8',NULL,NULL),(1240,'378V-009','Hút','V11-8',NULL,NULL),(1241,'278V-512','Hút','C5-1',NULL,NULL),(1242,'278-B42','Hút','E4-4',NULL,NULL),(1243,'252-A10','Bàn hút','N5-9',NULL,NULL),(1244,'278-B97','Gắp','E10-4',NULL,NULL),(1245,'278-A38','Hút,gắp,cắt','D4-3',NULL,NULL),(1246,'278-A38','Jig cắt','W8-11',NULL,NULL),(1247,'284V-252','Hút','H8-6',NULL,NULL),(1248,'278V-556','Hút','C9-1',NULL,NULL),(1249,'252-A03','Hút','I1-3',NULL,NULL),(1250,'252-A15','Hút','I1-10',NULL,NULL),(1251,'284V-182','Hút','H3-5',NULL,NULL),(1252,'284V-187','Gắp','H10-11',NULL,NULL),(1253,'252V-188','Bàn hút, cắt','Q11-6',NULL,NULL),(1254,'252V-188','Jig căt','I12-4',NULL,NULL),(1255,'278V-507','Hút','C4-6',NULL,NULL),(1256,'284V-212','Hút','H5-3',NULL,NULL),(1257,'252V-163','Hút','K12-8',NULL,NULL),(1258,'278-D95','Bàn hút','C12-7',NULL,NULL),(1259,'284V-279','   Gắp','H10-3',NULL,NULL),(1260,'278-A03','Hút gắp','D1-3',NULL,NULL),(1261,'278-A03','Jig cắt (Đơn)','U2-7',NULL,NULL),(1262,'278-B19','Hút','E2-5',NULL,NULL),(1263,'269V-260','Hút cắt','M9-6',NULL,NULL),(1264,'269V-260','Jig cắt','M12-2',NULL,NULL),(1265,'278-A17','Hút,gắp,cắt','D2-6',NULL,NULL),(1266,'278-A17','Jig cắt','W7-11',NULL,NULL),(1267,'773-A12','Gắp','Q4-1',NULL,NULL),(1268,'773-A13','Hút','Q4-2',NULL,NULL),(1269,'252V-199','Hút','N4-5',NULL,NULL),(1270,'252V-160','Hút','K12-6',NULL,NULL),(1271,'284V-176','Hút','H2-11',NULL,NULL),(1272,'252V-190','Hút gắp','N3-6',NULL,NULL),(1273,'278V-501','Hút','C3-9',NULL,NULL),(1274,'278-A18','Hút,cắt','D2-7',NULL,NULL),(1275,'278-A18','Jig cắt','W7-12',NULL,NULL),(1276,'297V-005','Hút,gắp,cắt','R2-3',NULL,NULL),(1277,'297V-005','Jig cắt','R2-7',NULL,NULL),(1278,'296V-011','Gắp','Q9-8',NULL,NULL),(1279,'278-A01','Hút,gắp,cắt','D1-1',NULL,NULL),(1280,'278-A01','Jig cắt','U2-4',NULL,NULL),(1281,'252V-022','Hút','K1-4',NULL,NULL),(1282,'284V-259','Hút','H8-11',NULL,NULL),(1283,'494V-015','Hút,gắp,cắt','P11-3',NULL,NULL),(1284,'494V-015','Jig cắt','Q2-2',NULL,NULL),(1285,'494-A02','Hút','P9-1',NULL,NULL),(1286,'252V-178','Hút','N2-3',NULL,NULL),(1287,'278V-503','Hút gắp','C4-2',NULL,NULL),(1288,'252V-105','Hút','K7-3',NULL,NULL),(1289,'278-A82','Hút','D9-3',NULL,NULL),(1290,'269-A04','Gắp, cắt','N7-4',NULL,NULL),(1291,'269-A04','Jig cắt','M12-6',NULL,NULL),(1292,'269V-257','Hút','M9-3',NULL,NULL),(1293,'252V-050','Hút','K3-1',NULL,NULL),(1294,'851V-057','Gắp cắt','P4-7',NULL,NULL),(1295,'851V-057','Jig  cắt','P8-4',NULL,NULL),(1296,'252V-162','Gắp,cắt','K12-7',NULL,NULL),(1297,'252V-162','Jig căt','I11-12',NULL,NULL),(1298,'294V-032','Hút','F10-4',NULL,NULL),(1299,'252V-053','Hút','K3-3',NULL,NULL),(1300,'278V-263','Hút','A9-3',NULL,NULL),(1301,'278V-343','Hút,gắp,cắt','B1-13',NULL,NULL),(1302,'278V-343','Jig cắt','U2-5',NULL,NULL),(1303,'851V-037','Hút gắp','P3-5',NULL,NULL),(1304,'851V-037','Jig  cắt','P8-6',NULL,NULL),(1305,'284V-284','Bàn hút','H10-7',NULL,NULL),(1306,'20P-A03','Hút','V6-3',NULL,NULL),(1307,'212-A01','Hút','V8-1',NULL,NULL),(1308,'278V-494','Hút','C3-2',NULL,NULL),(1309,'289V-007','Hút','V4-8',NULL,NULL),(1310,'284V-270','Bàn gắp','H11-3',NULL,NULL),(1311,'252-A21','Bàn hứng','N5-10',NULL,NULL),(1312,'252-A12','Hút,gắp','I1-8',NULL,NULL),(1313,'278V-498','Hút','C3-6',NULL,NULL),(1314,'278V-490','Hút','C2-8',NULL,NULL),(1315,'269V-261','Bàn hút','R10-4',NULL,NULL),(1316,'284V-194','Hút','H3-14',NULL,NULL),(1317,'252V-181','Bàn gắp','N2-6',NULL,NULL),(1318,'494-A04','Hút','P9-2',NULL,NULL),(1319,'284V-265','Gắp','H9-5',NULL,NULL),(1320,'284V-227','Hút','H6-6',NULL,NULL),(1321,'284V-178','Hút ,gắp','H3-1',NULL,NULL),(1322,'212-A02','Hút','V8-2',NULL,NULL),(1323,'278V-547','Hút','C8-2',NULL,NULL),(1324,'252V-187','Hút','N3-3',NULL,NULL),(1325,'773-A09','Hút','Q3-9',NULL,NULL),(1326,'269V-264','Hút','M9-8',NULL,NULL),(1327,'252-A41','Hút','I3-7',NULL,NULL),(1328,'252-A70','Hút','I5-9',NULL,NULL),(1329,'20P-A09','Gắp','V6-9',NULL,NULL),(1330,'284V-180','Bàn gắp','H3-3',NULL,NULL),(1331,'773-A15','Hút','Q4-4',NULL,NULL),(1332,'278V-511','Jig cắt','C4-10',NULL,NULL),(1333,'278V-511','Jig cắt','W6-2',NULL,NULL),(1334,'284V-198','Hút','H4-4',NULL,NULL),(1335,'252V-194','Hút','N3-9',NULL,NULL),(1336,'278-B35','Hút,gắp,cắt','E3-8',NULL,NULL),(1337,'278-B35','Jig cắt','U4-4',NULL,NULL),(1338,'773-A11','Gắp','Q3-11',NULL,NULL),(1339,'278-A11','Hút,gắp,cắt','D2-2',NULL,NULL),(1340,'278-A11','Jig cắt','W7-5',NULL,NULL),(1341,'278V-550','Hút,gắp,cắt','C8-5',NULL,NULL),(1342,'278V-550','Jig cắt','W6-7',NULL,NULL),(1343,'252-A50','Hút','I4-5',NULL,NULL),(1344,'851V-060','Hút ','P4-10',NULL,NULL),(1345,'278V-516','Hút','C5-5',NULL,NULL),(1346,'269V-265','Hút','M9-9',NULL,NULL),(1347,'252V-173','Hút,gắp,cắt','N1-8',NULL,NULL),(1348,'252V-173','Jig căt','I12-2',NULL,NULL),(1349,'494-A14','Hút,gắp,cắt','P9-11',NULL,NULL),(1350,'494-A14','Jig cắt','Q1-2',NULL,NULL),(1351,'278V-505','Hút','C4-4',NULL,NULL),(1352,'284V-216','Gắp','H5-7',NULL,NULL),(1353,'278-B37','Hút,gắp,cắt','E4-1',NULL,NULL),(1354,'278-B37','Jig cắt','U4-6',NULL,NULL),(1355,'252V-147','Gắp','K11-6',NULL,NULL),(1356,'252V-177','Hút','N2-2',NULL,NULL),(1357,'278V-499','Hút','C3-7',NULL,NULL),(1358,'278-A93','Gắp,cắt','D9-10',NULL,NULL),(1359,'278-A93','Jig cắt','U1-9',NULL,NULL),(1360,'296V-017','Hút,gắp,cắt','Q10-1',NULL,NULL),(1361,'296V-017','Jig cắt','Q8-5',NULL,NULL),(1362,'278V-535','Gắp,cắt','C6-10',NULL,NULL),(1363,'278V-535','Jig cắt','W6-3',NULL,NULL),(1364,'278-A66','Hút,gắp,cắt','D7-2',NULL,NULL),(1365,'278-A66','Jig cắt','W10-6',NULL,NULL),(1366,'278-A10','Hút,gắp,cắt','D2-1',NULL,NULL),(1367,'278-A10','Jig cắt','W7-4',NULL,NULL),(1368,'269-A01','Hút','N7-1',NULL,NULL),(1369,'851V-061','Hút ','P4-11',NULL,NULL),(1370,'278V-493','Hút','C3-1',NULL,NULL),(1371,'278V-476','Bàn gắp','C1-6',NULL,NULL),(1372,'278V-133','Hút','A4-1',NULL,NULL),(1373,'278V-552','Gắp cắt','C8-7',NULL,NULL),(1374,'278V-552','Jig cắt','W6-8',NULL,NULL),(1375,'252-A46','Hút','I4-1',NULL,NULL),(1376,'773-A21','Hút','Q4-9',NULL,NULL),(1377,'289-A04','Hút','V4-2',NULL,NULL),(1378,'269-A34','Hút ','N9-10',NULL,NULL),(1379,'278-C21','Hứng','E2-4',NULL,NULL),(1380,'278-C16','Hút','F2-3',NULL,NULL),(1381,'252-B03','Bàn gắp','I9-3',NULL,NULL),(1382,'20P-A17','Hút','V7-2',NULL,NULL),(1383,'20P-A28','Hút','V7-10',NULL,NULL),(1384,'20M-A04','Hút','V10-4',NULL,NULL),(1385,'20Y-A05','Hút','R8-2',NULL,NULL),(1386,'20Y-A06','Hút','R8-1',NULL,NULL),(1387,'20Y-A10','Hút','R8-5',NULL,NULL),(1388,'20Y-A09','Hút','R7-7',NULL,NULL),(1389,'20Y-A11-1A','Hút','R8-3',NULL,NULL),(1390,'20Y-A08','Gắp','R8-6',NULL,NULL),(1391,'20Y-A07','Hút','R7-4',NULL,NULL),(1392,'212-A04','Hút','R11-2',NULL,NULL),(1393,'212-A05','Hút','R10-3',NULL,NULL),(1394,'20P-A07','Hút,gắp,cắt','V6-7',NULL,NULL),(1395,'20P-A07','Jig cắt','R5-3',NULL,NULL),(1396,'252-B02','Hút','I9-2',NULL,NULL),(1397,'20P-A05','Hứng','V6-5',NULL,NULL),(1398,'20P-A12','Gắp','V6-12',NULL,NULL),(1399,'252-A56','Hút,gắp,cắt','I5-1',NULL,NULL),(1400,'252-A56','Jig căt','I11-3',NULL,NULL),(1401,'278-C15','Hứng','F7-3',NULL,NULL),(1402,'805-A06','Hút','P11-12',NULL,NULL),(1403,'805-A06','Jig cắt','Q6-7',NULL,NULL),(1404,'289-A03','Gắp','V4-1',NULL,NULL),(1405,'20P-A16','Hút','V7-1',NULL,NULL),(1406,'252-A59','Bàn hút','N5-7',NULL,NULL),(1407,'252V-133','Bàn gắp','K10-4',NULL,NULL),(1408,'278-D02','Hút','E11-1',NULL,NULL),(1409,'278-C98','Bàn gắp','F11-3',NULL,NULL),(1410,'773-A19','Hút','Q4-6',NULL,NULL),(1411,'851-A03','Hút','P1-2',NULL,NULL),(1412,'278-A40','Hút','D4-5',NULL,NULL),(1413,'252-A66','Hút','I5-7',NULL,NULL),(1414,'252V-115','Bàn gắp','K8-2',NULL,NULL),(1415,'252-A47','Hút','I4-2',NULL,NULL),(1416,'252-A80','Hút','I6-8',NULL,NULL),(1417,'252-A71','Hút ','I5-10',NULL,NULL),(1418,'278-C22','Gắp','F2-6',NULL,NULL),(1419,'284V-174','Hút,gắp,cắt','H2-9',NULL,NULL),(1420,'284V-174','Jig cắt','H12-8',NULL,NULL),(1421,'252-A30','Hút','I3-1',NULL,NULL),(1422,'252-A81','Hút','I6-9',NULL,NULL),(1423,'278V-527','Bàn gắp','C2-1',NULL,NULL),(1424,'252V-131','Hút','K10-2',NULL,NULL),(1425,'252-A26','Hút','I2-8',NULL,NULL),(1426,'278-B60','Hút','E6-1',NULL,NULL),(1427,'278-A59','Hút,gắp,cắt','D6-4',NULL,NULL),(1428,'278-A59','Jig cắt','W10-1',NULL,NULL),(1429,'269-A15','Hút , gắp','N8-2',NULL,NULL),(1430,'252-A76','Hút','I6-4',NULL,NULL),(1431,'773-A05','Gắp, cắt','Q3-5',NULL,NULL),(1432,'773-A05','Jig cắt','Q6-1',NULL,NULL),(1433,'278V-297','Hút','A11-1',NULL,NULL),(1434,'269V-200','Hút','M3-6',NULL,NULL),(1435,'773V-006','Hút','Q5-3',NULL,NULL),(1436,'269-A21','Gắp, cắt','N8-7',NULL,NULL),(1437,'269-A21','Jig cắt','M12-8',NULL,NULL),(1438,'252V-144','Hút','K11-3',NULL,NULL),(1439,'252-A20','Bàn gắp','I2-5',NULL,NULL),(1440,'252-A65','Hút','I5-6',NULL,NULL),(1441,'805-A05','Gắp, cắt','Q5-10',NULL,NULL),(1442,'805-A05','Jig cắt','Q6-6',NULL,NULL),(1443,'269-A32','Gắp ','N9-8',NULL,NULL),(1444,'252-A42','Hút ','I3-8',NULL,NULL),(1445,'269-A36','Hứng','M10-4',NULL,NULL),(1446,'296V-005','Hút,gắp','Q9-3',NULL,NULL),(1447,'278-C13','Hứng','D1-4',NULL,NULL),(1448,'252-A88','Hút ','I7-6',NULL,NULL),(1449,'278V-562','Hút gắp','C9-7',NULL,NULL),(1450,'252V-172','Hút','N1-7',NULL,NULL),(1451,'284V-162','Hút','H1-9',NULL,NULL),(1452,'278-B72','Hút','E7-4',NULL,NULL),(1453,'293-A05','Hút','P12-3',NULL,NULL),(1454,'20P-A29','Hút','V7-11',NULL,NULL),(1455,'252-A44','Hút','I3-10',NULL,NULL),(1456,'278-B77','Hút','E8-2',NULL,NULL),(1457,'293-A04','Hút','P12-2',NULL,NULL),(1458,'293-A06','Jig cắt','Q7-6',NULL,NULL),(1459,'278-B70','Hứng','E7-2',NULL,NULL),(1460,'278-B75','Hút,222','E7-7',NULL,NULL),(1461,'252V-197','Hút','N4-3',NULL,NULL),(1462,'252-A90','Hút','I7-8',NULL,NULL),(1463,'278-B24','Hút','E2-8',NULL,NULL),(1464,'252-A78','Hút','I6-6',NULL,NULL),(1465,'278-B23','Hút','E2-7',NULL,NULL),(1466,'252-A87','Gắp ','I7-5',NULL,NULL),(1467,'252-A79','Hút','I6-7',NULL,NULL),(1468,'252-A73','Hút','I6-1',NULL,NULL),(1469,'252-A75','Hút','I6-3',NULL,NULL),(1470,'278-B76','Hút','E8-1',NULL,NULL),(1471,'278-B74','Hút','E7-6',NULL,NULL),(1472,'20U-A04','Hút','R6-1',NULL,NULL),(1473,'252-A28','Hút','I2-10',NULL,NULL),(1474,'269-A06','Hút,gắp,cắt','N7-6',NULL,NULL),(1475,'269-A06','Jig cắt','N11-3',NULL,NULL),(1476,'284V-144','Hút','G12-3',NULL,NULL),(1477,'278-B93','Gắp','E9-8',NULL,NULL),(1478,'252-A54','Bàn gắp','I4-9',NULL,NULL),(1479,'278-B99','Hút ','E10-6',NULL,NULL),(1480,'293-A09','Hút','P12-5',NULL,NULL),(1481,'252-A86','Gắp','I7-4',NULL,NULL),(1482,'278-B94','Hút ','E10-1',NULL,NULL),(1483,'252-B07','Gắp, hút, cắt','I9-6',NULL,NULL),(1484,'252-B07','Jig căt','I11-5',NULL,NULL),(1485,'252-A60','Bàn gắp','I5-3',NULL,NULL),(1486,'252-A27','Hút','I2-9',NULL,NULL),(1487,'252-A45','Hút','I3-11',NULL,NULL),(1488,'252-A94','Hút','I8-3',NULL,NULL),(1489,'252V-026','Hút','K1-6',NULL,NULL),(1490,'278-C27','Hút','F2-10',NULL,NULL),(1491,'252-A91','Hút','I7-9',NULL,NULL),(1492,'252-A93','Hút','I8-2',NULL,NULL),(1493,'278-B96','Gắp cắt','E10-3',NULL,NULL),(1494,'278-B96','Jig cắt','U6-5',NULL,NULL),(1495,'278V-204','Gắp ,cắt','A6-6',NULL,NULL),(1496,'278V-204','Jig cắt','W1-8',NULL,NULL),(1497,'278-B17','Hút','E2-3',NULL,NULL),(1498,'278V-410','Hút','B7-8',NULL,NULL),(1499,'269V-268','Hút,gắp,cắt','M10-2',NULL,NULL),(1500,'269V-268','Jig cắt','M12-3',NULL,NULL),(1501,'278V-298','Hút gắp','A11-2',NULL,NULL),(1502,'278-A70','Hút,gắp,cắt','D7-6',NULL,NULL),(1503,'278-A70','Jig cắt','W10-8',NULL,NULL),(1504,'278-B84','Hút','E9-1',NULL,NULL),(1505,'278-B84','Jig cắt','U6-3',NULL,NULL),(1506,'278-C38','Hút','F3-8',NULL,NULL),(1507,'269-A23','Hút','N8-9',NULL,NULL),(1508,'20U-A01','Hút,gắp cắt','R11-2',NULL,NULL),(1509,'278-B69','Hút','E7-1',NULL,NULL),(1510,'494-A22','Gắp,cắt','P10-4',NULL,NULL),(1511,'494-A22','Jig cắt','Q1-7',NULL,NULL),(1512,'278-B14','Jig cắt','U3-6',NULL,NULL),(1513,'252V-198','Hút','N4-4',NULL,NULL),(1514,'278-C41','Jig cắt','U8-1',NULL,NULL),(1515,'278V-558','Hút','C9-3',NULL,NULL),(1516,'278V-265','Hút gắp','A9-4',NULL,NULL),(1517,'278-C63','Hút','F6-1',NULL,NULL),(1518,'278V-559','Hút','C9-4',NULL,NULL),(1519,'284V-157','Hút','H1-4',NULL,NULL),(1520,'284V-218','Hút','H5-8',NULL,NULL),(1521,'278V-564','Bàn gắp','C10-1',NULL,NULL),(1522,'278V-569','Bàn gắp','C10-6',NULL,NULL),(1523,'278-A99','Hút, cắt','D4-2',NULL,NULL),(1524,'278-A99','Jig cắt','U2-2',NULL,NULL),(1525,'284V-163','Hút','H1-10',NULL,NULL),(1526,'278V-485','Bàn gắp','C2-4',NULL,NULL),(1527,'278V-485','Jig cắt','W5-7',NULL,NULL),(1528,'278-A34','Hút cắt','D3-11',NULL,NULL),(1529,'278-A34','Jig cắt','W8-7',NULL,NULL),(1530,'278-B03','Hút,gắp,cắt','E1-3',NULL,NULL),(1531,'278-B03','Jig cắt','U3-3',NULL,NULL),(1532,'278-A15','Bàn gắp','D11-1',NULL,NULL),(1533,'278-A15','Jig cắt','W7-9',NULL,NULL),(1534,'278-A33','Hút,gắp,cắt','D3-10',NULL,NULL),(1535,'278-A33','Jig cắt','W8-6',NULL,NULL),(1536,'278-B32','Hút gắp','E3-5',NULL,NULL),(1537,'278-B32','Jig cắt','U4-3',NULL,NULL),(1538,'494-A08','Hút ','P9-5',NULL,NULL),(1539,'252V-171','Hút','N1-6',NULL,NULL),(1540,'296V-013','Hút,gắp,cắt','Q9-10',NULL,NULL),(1541,'296V-013','Jig cắt','Q8-1',NULL,NULL),(1542,'494-A12','Hút','P9-9',NULL,NULL),(1543,'278-B39','Hút','E4-2',NULL,NULL),(1544,'278-B39','Jig cắt','U4-7',NULL,NULL),(1545,'278V-538','Hút','C7-3',NULL,NULL),(1546,'252V-161','Gắp','I12-7',NULL,NULL),(1547,'278-B02','Hút,gắp,cắt','E1-2',NULL,NULL),(1548,'278-B02','Jig cắt','U3-2',NULL,NULL),(1549,'284V-272','Jig cắt','H12-11',NULL,NULL),(1550,'284V-274','Hút','H9-11',NULL,NULL),(1551,'252-A04','Hứng','S6-2',NULL,NULL),(1552,'278-B43','Jig cắt','U4-9',NULL,NULL),(1553,'278V-561','Hút','C9-6',NULL,NULL),(1554,'252-A09','Hút','I1-6',NULL,NULL),(1555,'278-C12','Hút','F2-2',NULL,NULL),(1556,'278-C47','Gắp , cắt','F4-7',NULL,NULL),(1557,'278-C47','Jig cắt','U8-3',NULL,NULL),(1558,'284V-222','Hút','H6-1',NULL,NULL),(1559,'278-C94','Gắp','F7-5',NULL,NULL),(1560,'252V-185','Hút','N3-1',NULL,NULL),(1561,'278-C96','Bàn gắp','F11-4',NULL,NULL),(1562,'252V-174','Hút','N1-9',NULL,NULL),(1563,'278V-545','Hút','C7-10',NULL,NULL),(1564,'252-A18','Hút','I2-3',NULL,NULL),(1565,'252V-120','Hút','K8-7',NULL,NULL),(1566,'252-A96','Hút','I8-5',NULL,NULL),(1567,'278V-054','Hút','A1-6',NULL,NULL),(1568,'252-B10','Gắp','I9-9',NULL,NULL),(1569,'278V-504','Hút','C4-3',NULL,NULL),(1570,'269V-214','Hút,gắp','M5-1',NULL,NULL),(1571,'269V-214','Jig cắt','M12-4',NULL,NULL),(1572,'278-B57','Hút','E5-7',NULL,NULL),(1573,'278-A13','Hút,gắp,cắt','D2-4',NULL,NULL),(1574,'278-A13','Jig cắt','W7-7',NULL,NULL),(1575,'252V-140','Hút','K10-9',NULL,NULL),(1576,'294V-024','Hút','F9-7',NULL,NULL),(1577,'294V-023','Hút','F9-6',NULL,NULL),(1578,'278V-331','Hút','B1-2',NULL,NULL),(1579,'278-B44','Jig cắt','U4-10',NULL,NULL),(1580,'284V-220','Gắp','H5-10',NULL,NULL),(1581,'278-A05','Hút cắt','D1-5',NULL,NULL),(1582,'278-A05','Jig cắt','W7-1',NULL,NULL),(1583,'278-A24','Hút cắt','D3-5',NULL,NULL),(1584,'278-A24','Jig cắt','W8-1',NULL,NULL),(1585,'278-A25','Hút cắt','D3-6',NULL,NULL),(1586,'278-A25','Jig cắt','W8-2',NULL,NULL),(1587,'278-A44','Hút cắt','D4-8',NULL,NULL),(1588,'278-A44','Jig cắt','W9-3',NULL,NULL),(1589,'278-A48','Hút','D4-11',NULL,NULL),(1590,'278-A49','Hút','D5-1',NULL,NULL),(1591,'278-A50','Hút,gắp,cắt','D5-2',NULL,NULL),(1592,'278-A50','Jig cắt','W9-6',NULL,NULL),(1593,'278-A51','Hút,gắp,cắt','D5-3',NULL,NULL),(1594,'278-A51','Jig cắt','W9-7',NULL,NULL),(1595,'278-A52','Hút','D5-4',NULL,NULL),(1596,'278-A53','Hút cắt','D5-5',NULL,NULL),(1597,'278-A53','Jig cắt','W9-8',NULL,NULL),(1598,'278-A54','Hút','D5-6',NULL,NULL),(1599,'278-A56','Hút','D6-1',NULL,NULL),(1600,'278-A62','Hút ','D6-7',NULL,NULL),(1601,'278-A63','Hút cắt','D10-6',NULL,NULL),(1602,'278-A63','Jig cắt','W10-3',NULL,NULL),(1603,'278-A64','Hút,cắt','D6-8',NULL,NULL),(1604,'278-A64','Jig cắt','W10-4',NULL,NULL),(1605,'278-A65','Hút,gắp,cắt','D7-1',NULL,NULL),(1606,'278-A65','Jig cắt','W10-5',NULL,NULL),(1607,'278-A67','Hút','D7-3',NULL,NULL),(1608,'278-A68','Hút,gắp,cắt','D7-4',NULL,NULL),(1609,'278-A68','Jig cắt','W10-7',NULL,NULL),(1610,'278-A71','Hút','D7-7',NULL,NULL),(1611,'278-A72','Hút','D7-8',NULL,NULL),(1612,'278-A73','Hút,gắp,cắt','D7-9',NULL,NULL),(1613,'278-A73','Jig cắt','U1-1',NULL,NULL),(1614,'278-A74','Hút','D8-1',NULL,NULL),(1615,'278-A76','Jig cắt','U1-2',NULL,NULL),(1616,'278-A77','Bàn gắp','D8-4',NULL,NULL),(1617,'278-A77','Jig cắt','U1-3',NULL,NULL),(1618,'278-A78','Bàn gắp','D8-5',NULL,NULL),(1619,'278-A78','Jig cắt','U9-3',NULL,NULL),(1620,'278-A79','Hút,gắp,cắt','D8-6',NULL,NULL),(1621,'278-A79','Jig cắt','U9-2',NULL,NULL),(1622,'278-A81','Hút','D9-2',NULL,NULL),(1623,'278-A96','Hút','D10-2',NULL,NULL),(1624,'278-A97','Hút cắt','D10-3',NULL,NULL),(1625,'278-A97','Jig cắt','U2-1',NULL,NULL),(1626,'278-A98','Hút','D10-4',NULL,NULL),(1627,'278-B12','Hút cắt','E1-4',NULL,NULL),(1628,'278-B12','Jig cắt','U3-4',NULL,NULL),(1629,'278-B13','Hút cắt','E1-5',NULL,NULL),(1630,'278-B13','Jig cắt','U3-5',NULL,NULL),(1631,'278-B28','Jig cắt','U3-9',NULL,NULL),(1632,'278-B34','Hút','E3-7',NULL,NULL),(1633,'278-B50','Jig cắt','U5-3',NULL,NULL),(1634,'278-B62','Hút cắt','E6-3',NULL,NULL),(1635,'278-B73','Hút','E7-5',NULL,NULL),(1636,'278-B80','Hút,gắp,cắt','E8-4',NULL,NULL),(1637,'278-B80','Jig cắt','U6-2',NULL,NULL),(1638,'278-B81','Hút','E8-5',NULL,NULL),(1639,'278-B82','Hút gắp','E8-6',NULL,NULL),(1640,'278-B83','Hút,gắp','E8-7',NULL,NULL),(1641,'278-B86','Jig cắt','U6-4',NULL,NULL),(1642,'278-C37','Hút gắp','F3-7',NULL,NULL),(1643,'278-C37','Jig cắt','U7-11',NULL,NULL),(1644,'278-C54','Hút','F5-5',NULL,NULL),(1645,'278V-508','Hút','C4-7',NULL,NULL),(1646,'278V-560','Hút','C9-5',NULL,NULL),(1647,'284V-029','Hút, cắt','G3-8',NULL,NULL),(1648,'284V-029','Jig cắt','H11-1',NULL,NULL),(1649,'278V-221','Hút ','C11-2',NULL,NULL),(1650,'20P-A14','Hút','V6-14',NULL,NULL),(1651,'293-A07-00','Hút','P12-4',NULL,NULL),(1652,'20S-A04','Jig cắt','R5-10',NULL,NULL),(1653,'269-A38-1','Gắp','N10-1',NULL,NULL),(1654,'269-A38-2','Gắp','N10-1',NULL,NULL),(1655,'20S-A01','Hút ','V10-5',NULL,NULL),(1656,'278-C64','Hút','F6-2',NULL,NULL),(1657,'252-B16','Gắp','I9-10',NULL,NULL),(1658,'20P-A27','Hút','V7-9',NULL,NULL),(1659,'20P-A22','Hút','V7-4',NULL,NULL),(1660,'278-C10','Hút','F2-1',NULL,NULL),(1661,'20P-A21','Hút','V7-3',NULL,NULL),(1662,'278-C19','Hút','F2-4',NULL,NULL),(1663,'278-C05','Gắp cắt','F1-5',NULL,NULL),(1664,'278-C05','Jig cắt','U7-2',NULL,NULL),(1665,'252-B11','Gắp ','Chung',NULL,NULL),(1666,'20P-A13','Hút','V6-13',NULL,NULL),(1667,'278-B36','Hút,gắp,cắt','E3-9',NULL,NULL),(1668,'278-B36','Jig cắt','U4-5',NULL,NULL),(1669,'284V-245','Hút','H8-1',NULL,NULL),(1670,'278-A87','Hút','D9-7',NULL,NULL),(1671,'296V-010','Hút cắt','Q9-7',NULL,NULL),(1672,'296V-010','Jig cắt','Q7-12',NULL,NULL),(1673,'252V-158','Hút','K12-4',NULL,NULL),(1674,'252-A34','Hút','I3-3',NULL,NULL),(1675,'278-B27','Hút','E3-1',NULL,NULL),(1676,'278-C03','Hút','F2-6',NULL,NULL),(1677,'252V-176','Hút','N2-1',NULL,NULL),(1678,'278-A20','Hút gắp','D3-2',NULL,NULL),(1679,'252-A05','Bàn gắp','I8-10',NULL,NULL),(1680,'278-A80','Gắp cắt','D9-1',NULL,NULL),(1681,'278-A80','Jig cắt','U1-4',NULL,NULL),(1682,'284V-229','Hút','H6-8',NULL,NULL),(1683,'252-A08','Hút','I1-5',NULL,NULL),(1684,'252V-150','Gắp','K11-9',NULL,NULL),(1685,'252V-168','Hút','N1-3',NULL,NULL),(1686,'252-A32','Gắp','I3-2',NULL,NULL),(1687,'284V-065','Hút','G6-3',NULL,NULL),(1688,'278V-479','Hút','C1-9',NULL,NULL),(1689,'278-C86','Bàn hút','F11-6',NULL,NULL),(1690,'278V-531','Hút','C6-6',NULL,NULL),(1691,'20P-A10','Hút','V6-10',NULL,NULL),(1692,'278V-509','Hút','C4-8',NULL,NULL),(1693,'284V-159','Hút','H1-6',NULL,NULL),(1694,'278-D27','Bàn hút','D11-6',NULL,NULL),(1695,'278-D13','Jig cắt','U10-7',NULL,NULL),(1696,'278-D57','Bàn hứng','E11-9',NULL,NULL),(1697,'851V-056','Bàn gắp','P4-6',NULL,NULL),(1698,'252V-179','Hút','N2-4',NULL,NULL),(1699,'296V-006','Gắp cắt','Q9-4',NULL,NULL),(1700,'296V-006','Jig cắt','Q7-9',NULL,NULL),(1701,'278V-530','Bàn gắp','C6-5',NULL,NULL),(1702,'252-A49','Gắp','I4-4',NULL,NULL),(1703,'278V-464','Hút,gắp,cắt','B12-4',NULL,NULL),(1704,'278V-464','Jig cắt','W5-2',NULL,NULL),(1705,'269V-255','Hút','M9-1',NULL,NULL),(1706,'269V-215','Hút,gắp,cắt','M5-2',NULL,NULL),(1707,'269V-215','Jig cắt','M12-5',NULL,NULL),(1708,'252V-175','Hút','N1-10',NULL,NULL),(1709,'269V-238','Hút,cắt','M7-4',NULL,NULL),(1710,'269V-238','Jig cắt','M11-10',NULL,NULL),(1711,'278-A58','Hút,gắp,cắt','D6-3',NULL,NULL),(1712,'278-A58','Jig cắt','W9-10',NULL,NULL),(1713,'278V-518','Hút,gắp,cắt','C5-7',NULL,NULL),(1714,'278V-518','Jig cắt','U9-1',NULL,NULL),(1715,'274V-005','Hút','V5-5',NULL,NULL),(1716,'284V-059','Hút','G5-12',NULL,NULL),(1717,'294V-037','Chung','F10-9',NULL,NULL),(1718,'252V-137','Hút','K10-7',NULL,NULL),(1719,'252V-155','Hút gắp','K12-2',NULL,NULL),(1720,'269-A26','Hút ','N9-2',NULL,NULL),(1721,'278-D20','Bàn hút ','E11-7',NULL,NULL),(1722,'278-D20','Jig cắt','U10-9',NULL,NULL),(1723,'293V-044','Hút','P12-7',NULL,NULL),(1724,'293V-045','Hút','P12-8',NULL,NULL),(1725,'269-A72','Hút','R9-2',NULL,NULL),(1726,'269-A30','Bàn hứng','N9-6',NULL,NULL),(1727,'278-D17','Hứng','D4-7',NULL,NULL),(1728,'293V-117','Hút,gắp,cắt','P12-11',NULL,NULL),(1729,'293V-117','Jig cắt','Q7-8',NULL,NULL),(1730,'269-A31','Hút ','N9-7',NULL,NULL),(1731,'293-A03','Hút','P12-1',NULL,NULL),(1732,'269-A18','Bàn hứng','M10-9',NULL,NULL),(1733,'269-A20','Gắp','N8-6',NULL,NULL),(1734,'278-C24','Hút','F2-7',NULL,NULL),(1735,'278-D53','Bàn hút','E11-4',NULL,NULL),(1736,'278-C17','Hút,gắp, cắt','F6-3',NULL,NULL),(1737,'278-C17','Jig cắt','U8-9',NULL,NULL),(1738,'278-B29','Hút,gắp,cắt','E3-3',NULL,NULL),(1739,'278-B29','Jig cắt','U4-1',NULL,NULL),(1740,'20P-A11','Gắp','V6-11',NULL,NULL),(1741,'293V-041','Hút Cắt','P12-6',NULL,NULL),(1742,'293V-041','Jig cắt','Q7-7',NULL,NULL),(1743,'293V-090','Hút','P12-10',NULL,NULL),(1744,'293V-085','Hút','P12-9',NULL,NULL),(1745,'293V-113','Gắp','P12-13',NULL,NULL),(1746,'278-B30','Jig cắt','U4-2',NULL,NULL),(1747,'252V-200','Hút','N4-6',NULL,NULL),(1748,'278-C72','Hút','F7-4',NULL,NULL),(1749,'284V-260','Hút','H8-12',NULL,NULL),(1750,'278-D40','Bàn hút','D12-3',NULL,NULL),(1751,'278-C06','Bàn hút','E9-4',NULL,NULL),(1752,'278V-546','Hút','C8-1',NULL,NULL),(1753,'252V-196','Hút','N4-2',NULL,NULL),(1754,'278-B90','Hút ','E9-7',NULL,NULL),(1755,'284V-116','Hút','G10-6',NULL,NULL),(1756,'252-A74','Hút','I6-2',NULL,NULL),(1757,'278-C07','Bàn gắp','R1-8',NULL,NULL),(1758,'278-C32','Hút,gắp, cắt','F3-4',NULL,NULL),(1759,'278-C32','Jig cắt','U7-7',NULL,NULL),(1760,'296V-018','Hút','Q10-2',NULL,NULL),(1761,'278V-330','Gắp cắt','B1-1',NULL,NULL),(1762,'278V-330','Jig cắt','W3-10',NULL,NULL),(1763,'252V-082','Gắp','I5-3',NULL,NULL),(1764,'252V-156','Bàn gắp','N5-4',NULL,NULL),(1765,'284V-158','Hút','H1-5',NULL,NULL),(1766,'252V-032','Bàn hứng','N4-7',NULL,NULL),(1767,'20P-A08','Hút','V6-8',NULL,NULL),(1768,'284V-225','Hút','H6-4',NULL,NULL),(1769,'20M-A02','Gắp','V10-2',NULL,NULL),(1770,'278V-537/1','Hút','C7-2',NULL,NULL),(1771,'252V-121','Bàn gắp','K8-8',NULL,NULL),(1772,'269V-197','Hút','M3-4',NULL,NULL),(1773,'278-B61','Hút','E6-2',NULL,NULL),(1774,'278V-537/2','Hút','C7-2',NULL,NULL),(1775,'278V-544','Hút,gắp,cắt','C7-9',NULL,NULL),(1776,'278V-544','Jig cắt','W6-4',NULL,NULL),(1777,'284V-069','Hút','G6-7',NULL,NULL),(1778,'252-A67','Bàn gắp','I5-8',NULL,NULL),(1779,'278V-500','Hút','C3-8',NULL,NULL),(1780,'269-A02','Bàn gắp,cắt','N7-2',NULL,NULL),(1781,'269-A02','Jig cắt','N11-1',NULL,NULL),(1782,'252V-164','Hút,gắp,cắt','K12-9',NULL,NULL),(1783,'252V-164','Jig căt','I12-1',NULL,NULL),(1784,'269-A43','Hút','N10-5',NULL,NULL),(1785,'20P-A15','Hút','V6-15',NULL,NULL),(1786,'20P-A23','Hút','V7-5',NULL,NULL),(1787,'20P-A24','Hút','V7-6',NULL,NULL),(1788,'20P-A25','Hút','V7-7',NULL,NULL),(1789,'20P-A26','Hút','V7-8',NULL,NULL),(1790,'252-A02','Hút','I1-2',NULL,NULL),(1791,'252-A85','Hút','I7-3',NULL,NULL),(1792,'252-A89','Hút, gắp','I7-7',NULL,NULL),(1793,'252-A95','Hút','I8-4',NULL,NULL),(1794,'252-B04','Bàn hứng','I9-7',NULL,NULL),(1795,'252-B19','Gắp','I10-4',NULL,NULL),(1796,'252-B20','Hút','I10-5',NULL,NULL),(1797,'269-A09','Hút','N7-9',NULL,NULL),(1798,'269-A27','Hút ','N9-3',NULL,NULL),(1799,'269-A33','Hút ','N9-9',NULL,NULL),(1800,'20M-A03','Hút','V10-3',NULL,NULL),(1801,'269-A37-1','Hút , gắp cuống','N9-12',NULL,NULL),(1802,'269-A37-2','Hút , gắp cuống','N9-12',NULL,NULL),(1803,'269-A41','Hút,gắp,cắt','N10-3',NULL,NULL),(1804,'269-A41','Jig cắt','N11-5',NULL,NULL),(1805,'269-A45','Hút','M10-6',NULL,NULL),(1806,'269-A47','Hút','N10-6',NULL,NULL),(1807,'269-A49','Hút ','N10-8',NULL,NULL),(1808,'269-A50','Gắp','N11-9',NULL,NULL),(1809,'269-A51','Gắp','N11-10',NULL,NULL),(1810,'269-A54','Dùng','N10-11',NULL,NULL),(1811,'269-A57','Gắp','M12-7',NULL,NULL),(1812,'269-A57','Jig cắt','N11-8',NULL,NULL),(1813,'269V-236','Hút,cắt','M7-2',NULL,NULL),(1814,'269V-236','Jig cắt','M11-9',NULL,NULL),(1815,'274V-004','Gắp cắt','V5-4',NULL,NULL),(1816,'274V-004','Jig cắt','R5-8',NULL,NULL),(1817,'278-B66','Hút,gắp,cắt','E6-7',NULL,NULL),(1818,'278-B66','Jig cắt','U5-9',NULL,NULL),(1819,'278-B67','Hút,gắp,cắt','E6-8',NULL,NULL),(1820,'278-B67','Jig cắt','U6-1',NULL,NULL),(1821,'278-C02','Hút','Q12-9',NULL,NULL),(1822,'278-C04','Cắt','F1-4',NULL,NULL),(1823,'278-C04','Jig cắt','U7-1',NULL,NULL),(1824,'20S-A06','Hút','V10-8',NULL,NULL),(1825,'278-C20','Hút','F2-5',NULL,NULL),(1826,'278-C33','Gắp , cắt','F3-5',NULL,NULL),(1827,'278-C33','Jig cắt','U7-8',NULL,NULL),(1828,'278-C36','Gắp , cắt','F4-9',NULL,NULL),(1829,'278-C36','Jig cắt','U7-10',NULL,NULL),(1830,'278-C39','Gắp , cắt','F4-1',NULL,NULL),(1831,'278-C39','Jig cắt','U7-12',NULL,NULL),(1832,'278-C43','Hút ,cắt','F4-3',NULL,NULL),(1833,'278-C43','Jig cắt','U7-14',NULL,NULL),(1834,'278-C45','Hút','F4-5',NULL,NULL),(1835,'278-C46','Hút,gắp, cắt','F4-6',NULL,NULL),(1836,'278-C46','Jig cắt','U8-2',NULL,NULL),(1837,'278-C48','Hút,gắp, cắt','F4-8',NULL,NULL),(1838,'278-C48','Jig cắt','U8-4',NULL,NULL),(1839,'278-C49','Gắp , cắt','F4-10',NULL,NULL),(1840,'278-C49','Jig cắt','U8-5',NULL,NULL),(1841,'278-C50','Hút','F5-1',NULL,NULL),(1842,'278-C51','Gắp , cắt','F5-2',NULL,NULL),(1843,'278-C51','Jig cắt','U8-6',NULL,NULL),(1844,'278-C52','Hút ,gắp','F5-3',NULL,NULL),(1845,'278-C56','Hút,gắp, cắt','F5-7',NULL,NULL),(1846,'278-C56','Jig cắt','U8-7',NULL,NULL),(1847,'278-C59','Bàn hút','F12-4',NULL,NULL),(1848,'278-C60','Gắp ','F6-10',NULL,NULL),(1849,'278-C60','Jig cắt','U9-4',NULL,NULL),(1850,'278-C61','Bàn hút','F12-2',NULL,NULL),(1851,'278-C61','Jig cắt','U10-2',NULL,NULL),(1852,'278V-240','Jig cắt','W2-3',NULL,NULL),(1853,'284V-231','Hút','H6-9',NULL,NULL),(1854,'293-A02','Jig cắt','Q7-5',NULL,NULL),(1855,'297V-003','Gắp,cắt','R2-1',NULL,NULL),(1856,'297V-003','Jig cắt','R2-5',NULL,NULL),(1857,'318V-015','Hút','N6-11',NULL,NULL),(1858,'773-A01','Hút','Q3-1',NULL,NULL),(1859,'773-A16','Hút','Q4-5',NULL,NULL),(1860,'851-A02','Hút','P1-1',NULL,NULL),(1861,'278-D66','Hút','V2-8',NULL,NULL),(1862,'278-D68','Hút','V1-4',NULL,NULL),(1863,'278-C74','Hút','E12-3',NULL,NULL),(1864,'20U-A03','Hút','R6-5',NULL,NULL),(1865,'252-B05','Hút,gắp,cắt','I9-4',NULL,NULL),(1866,'252-B05','Jig căt','I11-4',NULL,NULL),(1867,'252-B27',' Bàn Gắp','I10-8',NULL,NULL),(1868,'278-A14','Hút,gắp,cắt','D2-5',NULL,NULL),(1869,'278-A14','Jig cắt','W7-8',NULL,NULL),(1870,'278-D03','Bàn gắp','D0-1',NULL,NULL),(1871,'278-D03','Jig cắt','R8-8',NULL,NULL),(1872,'851-A13','Hút','Q8-7',NULL,NULL),(1873,'278-C87','Bàn gắp','F11-5',NULL,NULL),(1874,'494-A25','Hút','T3-9',NULL,NULL),(1875,'278-C80','Gắp ','F7-2',NULL,NULL),(1876,'278-C80','Jig cắt','U9-5',NULL,NULL),(1877,'269-A71','Hút','V11-11',NULL,NULL),(1878,'278-D05','Hút','F12-7',NULL,NULL),(1879,'278-D05','Jig cắt','U10-4',NULL,NULL),(1880,'278-E39','Hút','T11-5',NULL,NULL),(1881,'252-B25',' Bàn Gắp','N5-1',NULL,NULL),(1882,'278-E08','Hút,gắp,cắt','T8-6',NULL,NULL),(1883,'20P-A40','Găp','T2-7',NULL,NULL),(1884,'20P-A35','Hút','G0-6',NULL,NULL),(1885,'278-E59','Gắp','T6-7',NULL,NULL),(1886,'851-A17','Hứng','P2-12',NULL,NULL),(1887,'278-D06(A)','Hút','E12-7',NULL,NULL),(1888,'278-D06(A)','Jig cắt','U10-5',NULL,NULL),(1889,'278-D06(B)','Hút','E12-7',NULL,NULL),(1890,'278-D06(B)','Jig cắt','U10-5',NULL,NULL),(1891,'278-E28','Gắp','T6-5',NULL,NULL),(1892,'851-A21','Bàn hút','V5-9',NULL,NULL),(1893,'278-E23','Hút','T9-6',NULL,NULL),(1894,'278-E40','Hút','T10-1',NULL,NULL),(1895,'773-A39','Hút','S1-2',NULL,NULL),(1896,'278-D61','Bàn gắp','E12-4',NULL,NULL),(1897,'278-D41','Bàn hút','C12-2',NULL,NULL),(1898,'278V-502','Gắp cắt','C4-1',NULL,NULL),(1899,'278V-502','Jig cắt','W5-9',NULL,NULL),(1900,'851V-014','Bàn gắp','P4-12',NULL,NULL),(1901,'269-A68','Hút','K0-10',NULL,NULL),(1902,'278-C73','Bàn hút','F11-2',NULL,NULL),(1903,'278-D18','Bàn hút','D12-9',NULL,NULL),(1904,'269-A83','Bàn hút','R10-6',NULL,NULL),(1905,'278-D54','Bàn hút','E12-2',NULL,NULL),(1906,'212V-008','Hút','V8-3',NULL,NULL),(1907,'278-D32','Hút','V1-3',NULL,NULL),(1908,'252-B42','Jig căt','R9-5',NULL,NULL),(1909,'278-D48','Gắp','E11-2',NULL,NULL),(1910,'278-D58','Bàn hút','E12-7',NULL,NULL),(1911,'81P-A03','Hút','V4-10',NULL,NULL),(1912,'278-D15','Hút gắp cắt','V5-8',NULL,NULL),(1913,'278-D97','Bàn gắp','C12-4',NULL,NULL),(1914,'278-D63','Bàn gắp','C11-6',NULL,NULL),(1915,'20Y-A12','Hút','R7-5',NULL,NULL),(1916,'81P-A01','Hút','V6-12',NULL,NULL),(1917,'278-E04','Hút','E5-8',NULL,NULL),(1918,'278-D59','Bàn Gắp','D11-7',NULL,NULL),(1919,'21D-A12','Hút,gắp,cắt','S3-2',NULL,NULL),(1920,'21D-A07','Hút,gắp,cắt','S3-1',NULL,NULL),(1921,'21D-A17','Gắp,cắt','P1-5',NULL,NULL),(1922,'81P-A02','Hút','V7-13',NULL,NULL),(1923,'252-B54','Bàn hút','R11-2',NULL,NULL),(1924,'212V-012','Hút','V8-5',NULL,NULL),(1925,'269-A70','Hút','R10-5',NULL,NULL),(1926,'269-A70','Jig cắt','R10-5',NULL,NULL),(1927,'278-C91','Bàn hút','D12-1',NULL,NULL),(1928,'81P-A04','Hút','V4-12',NULL,NULL),(1929,'278-D36','Bàn hút','E10-8',NULL,NULL),(1930,'278-C81','Bàn hút','E10-7',NULL,NULL),(1931,'851-A19','Bàn hút','Q11-7',NULL,NULL),(1932,'252-B50','Bàn gắp','R4-7',NULL,NULL),(1933,'269-A65','Bàn hút','R9-4',NULL,NULL),(1934,'269-A65','Jig cắt','R9-4',NULL,NULL),(1935,'21D-A01','Gắp,cắt','P3-10',NULL,NULL),(1936,'278-C97','Bàn hút','F11-9',NULL,NULL),(1937,'278-D85','Hút','R12-8',NULL,NULL),(1938,'278-D37','Bàn gắp','E11-8',NULL,NULL),(1939,'22A-A06','Hút','N0-1',NULL,NULL),(1940,'252-B26',' Bàn Hút','I8-7',NULL,NULL),(1941,'278V-397','Hút cắt','B6-7',NULL,NULL),(1942,'278V-397','Jig cắt','W4-4',NULL,NULL),(1943,'20P-A41','Hút, gắp, cắt','T2-3',NULL,NULL),(1944,'278-C84','Bàn gắp','E9-3',NULL,NULL),(1945,'278-C83','Gắp cắt','F7-10',NULL,NULL),(1946,'278-C83','Jig cắt','U9-6',NULL,NULL),(1947,'278-E07','Hút,cắt','E5-2',NULL,NULL),(1948,'278-E84','Hút','T11-6',NULL,NULL),(1949,'252-B47','Bàn hút ','R11-10',NULL,NULL),(1950,'20P-A55','Hút, gắp','T2-4',NULL,NULL),(1951,'252-B45','Bàn hút','R9-6',NULL,NULL),(1952,'20P-A62','Hút, gắp, cắt','T1-8',NULL,NULL),(1953,'22A-A10','Hút','N1-2',NULL,NULL),(1954,'21F-A02','Hút','S5-2',NULL,NULL),(1955,'269-A66','Bàn gắp','R11-3',NULL,NULL),(1956,'269-A66','Jig cắt','R11-3',NULL,NULL),(1957,'278-C89','Bàn hút','F12-5',NULL,NULL),(1958,'278-C89','Jig cắt','U10-3',NULL,NULL),(1959,'278-C90','Hút gắp','R1-7',NULL,NULL),(1960,'21F-A01','Hút','S5-1',NULL,NULL),(1961,'22A-A04','Hút','N6-15',NULL,NULL),(1962,'20P-A47','Găp','T2-5',NULL,NULL),(1963,'20P-A52','Hút,gắp,cắt','T1-5',NULL,NULL),(1964,'278-E20','Hút','T6-1',NULL,NULL),(1965,'278-E36','Hút','T10-9',NULL,NULL),(1966,'269-A78','Bàn gắp ','Q10-8',NULL,NULL),(1967,'851-A20','Hút ,cắt','R3-10',NULL,NULL),(1968,'252-B65','Hút','V11-12',NULL,NULL),(1969,'278-E35','Hút,gắp,cắt','T11-3',NULL,NULL),(1970,'278-E61','Hút','T7-7',NULL,NULL),(1971,'278-E22','Hút','T7-6',NULL,NULL),(1972,'773-A40','Hút','S1-1',NULL,NULL),(1973,'252-B46','Bàn gắp','R12-2',NULL,NULL),(1974,'278-C76','Bàn gắp','F12-3',NULL,NULL),(1975,'278-D56','Bàn hút','E12-5',NULL,NULL),(1976,'278-E42','Gắp,cắt','T7-9',NULL,NULL),(1977,'278-E30','Hút','T6-2',NULL,NULL),(1978,'278-D12','Bàn hút','E12-6',NULL,NULL),(1979,'21A-A07','Hút','S4-1',NULL,NULL),(1980,'269-A80','Hút, cắt','M3-7',NULL,NULL),(1981,'278-E46','Hút','T7-3',NULL,NULL),(1982,'278-E57','Hút','T7-5',NULL,NULL),(1983,'278-E33','Hút,gắp','T8-4',NULL,NULL),(1984,'851-A18','Jig  cắt','R10-9',NULL,NULL),(1985,'278-E38','Gắp,cắt','T8-8',NULL,NULL),(1986,'278-E17','Hút,gắp,cắt','T9-4',NULL,NULL),(1987,'309-A02','Gắp cắt','Q11-8',NULL,NULL),(1988,'20P-A46','Hút, gắp','T2-9',NULL,NULL),(1989,'278-E56','Hút','T6-3',NULL,NULL),(1990,'22A-A05','Hút','N4-10',NULL,NULL),(1991,'278-E62','Hút','T7-1',NULL,NULL),(1992,'252-B48','Hút gắp','R9-7',NULL,NULL),(1993,'278-E27','Hút','T7-8',NULL,NULL),(1994,'278-C67','Gắp','F7-7',NULL,NULL),(1995,'20P-A54','Hút','T3-7',NULL,NULL),(1996,'278-C95','Hút','F7-6',NULL,NULL),(1997,'278-B63','Hút cắt','E6-4',NULL,NULL),(1998,'278-B63','Jig cắt','U5-6',NULL,NULL),(1999,'21B-A01','Chung','R2-4',NULL,NULL),(2000,'269-A96','Jig cắt','N11-3',NULL,NULL),(2001,'278-D76','Bàn hút','C12-1',NULL,NULL),(2002,'278-D88','Hút cắt','Q8-8',NULL,NULL),(2003,'278-D93','Hút,cắt','D4-8',NULL,NULL),(2004,'278-C68','Hút gắp','Q10-4',NULL,NULL),(2005,'278-C68','Jig cắt','Q0-8',NULL,NULL),(2006,'20P-A36','Hút,cắt','T1-1',NULL,NULL),(2007,'252-B40','Hút,cắt','S6-1',NULL,NULL),(2008,'278-C66','Hút gắp','F11-1',NULL,NULL),(2009,'278-C66','Jig cắt','U9-7',NULL,NULL),(2010,'278V-316/02','Hút,cắt','A12-1',NULL,NULL),(2011,'278V-316/02','Jig cắt','W3-9',NULL,NULL);
/*!40000 ALTER TABLE `jig` ENABLE KEYS */;
UNLOCK TABLES;

--
-- Table structure for table `layout`
--

DROP TABLE IF EXISTS `layout`;
/*!40101 SET @saved_cs_client     = @@character_set_client */;
/*!50503 SET character_set_client = utf8mb4 */;
CREATE TABLE `layout` (
  `id` int NOT NULL,
  `layout` varchar(1000) DEFAULT NULL,
  PRIMARY KEY (`id`)
) ENGINE=InnoDB DEFAULT CHARSET=utf8;
/*!40101 SET character_set_client = @saved_cs_client */;

--
-- Dumping data for table `layout`
--

LOCK TABLES `layout` WRITE;
/*!40000 ALTER TABLE `layout` DISABLE KEYS */;
INSERT INTO `layout` VALUES (1,'[{\"line\": [\"A\", \"B\", \"C\", \"D\", \"G\", \"H\"], \"f1\": 36, \"f2\": 48, \"f3\": 48, \"f4\": 66}, {\"line\": [\"E\", \"F\"], \"f1\": 48, \"f2\": 64, \"f3\": 64, \"f4\": \"88\"}]');
/*!40000 ALTER TABLE `layout` ENABLE KEYS */;
UNLOCK TABLES;

--
-- Table structure for table `location`
--

DROP TABLE IF EXISTS `location`;
/*!40101 SET @saved_cs_client     = @@character_set_client */;
/*!50503 SET character_set_client = utf8mb4 */;
CREATE TABLE `location` (
  `id` int NOT NULL AUTO_INCREMENT,
  `name` varchar(45) DEFAULT NULL,
  `description` varchar(200) DEFAULT NULL,
  PRIMARY KEY (`id`)
) ENGINE=InnoDB AUTO_INCREMENT=6 DEFAULT CHARSET=utf8;
/*!40101 SET character_set_client = @saved_cs_client */;

--
-- Dumping data for table `location`
--

LOCK TABLES `location` WRITE;
/*!40000 ALTER TABLE `location` DISABLE KEYS */;
INSERT INTO `location` VALUES (1,'ME','Khu giá để khuôn'),(2,'DIE','Khu chế tạo'),(3,'MC','Khu đúc'),(4,'MAINTENANCE','Khu bảo dưỡng'),(5,'LINE12','Khu để khuôn lớn');
/*!40000 ALTER TABLE `location` ENABLE KEYS */;
UNLOCK TABLES;

--
-- Table structure for table `maintenance`
--

DROP TABLE IF EXISTS `maintenance`;
/*!40101 SET @saved_cs_client     = @@character_set_client */;
/*!50503 SET character_set_client = utf8mb4 */;
CREATE TABLE `maintenance` (
  `id` int NOT NULL AUTO_INCREMENT,
  `mold_id` varchar(45) DEFAULT NULL,
  `timestamp` int DEFAULT NULL,
  `status` varchar(45) DEFAULT NULL,
  PRIMARY KEY (`id`),
  KEY `maintainance_fk1_idx` (`mold_id`),
  CONSTRAINT `maintainance_fk1` FOREIGN KEY (`mold_id`) REFERENCES `mold` (`id`)
) ENGINE=InnoDB AUTO_INCREMENT=1617248971 DEFAULT CHARSET=utf8;
/*!40101 SET character_set_client = @saved_cs_client */;

--
-- Dumping data for table `maintenance`
--

LOCK TABLES `maintenance` WRITE;
/*!40000 ALTER TABLE `maintenance` DISABLE KEYS */;
INSERT INTO `maintenance` VALUES (1614753059,'252V-143',1614733200,'Complete'),(1614925469,'252V-093',1614906000,'Complete'),(1614925470,'252V-128',1614877200,'Planned'),(1617248966,'284V-175',1617238800,'Planned'),(1617248967,'284V-154',1617210000,'Planned'),(1617248968,'284V-179',1617217200,'Planned'),(1617248969,'269-A12',1617224400,'Planned'),(1617248970,'284V-205',1617231600,'Planned');
/*!40000 ALTER TABLE `maintenance` ENABLE KEYS */;
UNLOCK TABLES;

--
-- Table structure for table `mold`
--

DROP TABLE IF EXISTS `mold`;
/*!40101 SET @saved_cs_client     = @@character_set_client */;
/*!50503 SET character_set_client = utf8mb4 */;
CREATE TABLE `mold` (
  `id` varchar(45) NOT NULL,
  `name` varchar(200) DEFAULT NULL,
  `location` varchar(45) DEFAULT NULL,
  `position` varchar(45) DEFAULT NULL,
  `category` varchar(45) DEFAULT NULL,
  `customer` varchar(45) DEFAULT NULL,
  `freq` int DEFAULT '1',
  `weight` float DEFAULT '0',
  `size` int DEFAULT NULL,
  `timestamp` int DEFAULT NULL,
  PRIMARY KEY (`id`),
  UNIQUE KEY `mold_id_UNIQUE` (`id`),
  UNIQUE KEY `position_UNIQUE` (`position`)
) ENGINE=InnoDB DEFAULT CHARSET=utf8;
/*!40101 SET character_set_client = @saved_cs_client */;

--
-- Dumping data for table `mold`
--

LOCK TABLES `mold` WRITE;
/*!40000 ALTER TABLE `mold` DISABLE KEYS */;
INSERT INTO `mold` VALUES ('10F-A01','C55-552104','ME','E03-32','OTHERS',NULL,6,50,4,NULL),('10F-A02','C55-552104','ME','E03-29','OTHERS',NULL,6,50,4,NULL),('10F-A03','C55-552104','ME','E03-31','OTHERS',NULL,6,50,4,NULL),('20M-A01','H11A0000007',NULL,NULL,'OTHERS',NULL,13,35,4,NULL),('20M-A02','H11A0000005',NULL,NULL,'OTHERS',NULL,9,55,3,NULL),('20M-A03','H18A30000004',NULL,NULL,'OTHERS',NULL,1,50,4,NULL),('20M-A04','H09A18000005',NULL,NULL,'OTHERS',NULL,12,30,4,NULL),('20P-A01','807E60570','ME','D04-28','OTHERS',NULL,5,50,4,NULL),('20P-A02','825E05330','ME','D04-39','OTHERS',NULL,1,30,4,NULL),('20P-A03','807E60700','ME','E04-73','OTHERS',NULL,8,50,4,NULL),('20P-A04','013E48751','ME','D04-31','OTHERS',NULL,1,50,4,NULL),('20P-A05','013E48760','ME','G03-45','OTHERS',NULL,1,75,3,NULL),('20P-A06','822E56320','ME','C04-29','OTHERS',NULL,3,30,4,NULL),('20P-A07','822E56330','ME','G04-63','OTHERS',NULL,1,50,4,NULL),('20P-A08','807E54120','ME','G02-17','OTHERS',NULL,4,75,3,NULL),('20P-A09','807E54140','ME','E03-64','OTHERS',NULL,1,100,3,NULL),('20P-A10','807E54180','ME','G02-13','OTHERS',NULL,4,75,3,NULL),('20P-A11','807E54200','ME','G03-25','OTHERS',NULL,4,100,3,NULL),('20P-A12','807E60650','ME','G03-46','OTHERS',NULL,2,50,4,NULL),('20P-A13','822E55520','ME','G04-08','OTHERS',NULL,10,50,4,NULL),('20P-A14','807E60980','ME','G04-10','OTHERS',NULL,4,30,4,1617669317),('20P-A15','807E60990',NULL,NULL,'OTHERS',NULL,2,50,4,NULL),('20P-A16','807E61190','ME','G03-21','OTHERS',NULL,2,30,3,1617539795),('20P-A17','807E61200','ME','G04-59','OTHERS',NULL,2,30,4,NULL),('20P-A18','013E48940','MC',NULL,'OTHERS',NULL,2,30,4,1617444878),('20P-A19','013E48950',NULL,NULL,'OTHERS',NULL,1,30,4,NULL),('20P-A20','013E49030','ME','G03-39','OTHERS',NULL,1,30,4,NULL),('20P-A21','059E14280','ME','G04-04','OTHERS',NULL,1,30,4,NULL),('20P-A22','807E61040','ME','G04-21','OTHERS',NULL,1,30,4,NULL),('20P-A23','807E61051',NULL,NULL,'OTHERS',NULL,1,75,3,NULL),('20P-A23,24,25,26','807E61051',NULL,NULL,'OTHERS',NULL,1,75,3,NULL),('20P-A24','807E61060',NULL,NULL,'OTHERS',NULL,2,75,3,NULL),('20P-A25','807E61070','ME','B02-32','OTHERS',NULL,1,75,3,NULL),('20P-A26','807E61080',NULL,NULL,'OTHERS',NULL,1,75,3,NULL),('20P-A27','807E61090','ME','G04-22','OTHERS',NULL,1,30,4,NULL),('20P-A28','032E52351','ME','G04-57','OTHERS',NULL,3,30,4,NULL),('20P-A29','020E57180','ME','E04-74','OTHERS',NULL,5,30,4,NULL),('20P-A31','008E98920','ME','E03-28','OTHERS',NULL,1,30,4,NULL),('20P-A32','031E12540','ME','C02-40','OTHERS',NULL,1,30,4,NULL),('20P-A33','807E52570','ME','C03-07','OTHERS',NULL,1,75,3,NULL),('20P-A35','815E95960','ME','E04-41','OTHERS',NULL,1,50,4,NULL),('20P-A36','819E01890',NULL,NULL,'OTHERS',NULL,1,200,1,NULL),('20P-A37','020E57180','ME','E04-25','OTHERS',NULL,1,50,4,NULL),('20P-A40','012E19600','ME','F02-55','OTHERS',NULL,1,100,3,NULL),('20P-A41','012E20350','ME','E04-23','OTHERS',NULL,1,50,4,NULL),('20P-A44','014E77311','ME','D02-09','OTHERS',NULL,1,150,2,NULL),('20P-A45','029E54810',NULL,NULL,'OTHERS',NULL,1,30,4,NULL),('20P-A46','031E12381','ME','E03-17','OTHERS',NULL,1,75,3,NULL),('20P-A47','031E12530','ME','E04-26','OTHERS',NULL,1,50,4,NULL),('20P-A52','803E11390','ME','E04-31','OTHERS',NULL,1,50,4,NULL),('20P-A54','803E24571',NULL,NULL,'OTHERS',NULL,1,200,1,NULL),('20P-A55','803E27570',NULL,NULL,'OTHERS',NULL,1,50,4,NULL),('20P-A60','807E52470',NULL,NULL,'OTHERS',NULL,1,30,4,NULL),('20P-A61','807E52600','ME','D04-02','OTHERS',NULL,1,50,4,NULL),('20P-A62','822E24391','ME','E04-37','OTHERS',NULL,1,50,4,NULL),('20S-A01','1TSM0006','ME','G04-13','OTHERS',NULL,1,50,4,NULL),('20S-A02','1TSM0003','ME','A01-30','OTHERS',NULL,9,110,3,NULL),('20S-A03','1TSM0001',NULL,NULL,'OTHERS',NULL,8,50,4,NULL),('20S-A04','1TSM0005','ME','G03-14','OTHERS',NULL,9,50,4,NULL),('20S-A06','058A10965',NULL,NULL,'OTHERS',NULL,2,100,3,NULL),('20S-A07','058A00966','ME','H01-07','OTHERS',NULL,3,100,3,NULL),('20S-A14','1TSM0008',NULL,NULL,'OTHERS',NULL,1,50,4,NULL),('20S-A15','1TSM0018',NULL,NULL,'OTHERS',NULL,7,50,4,NULL),('20S-A16','1TSM0022',NULL,NULL,'OTHERS',NULL,5,50,4,NULL),('20S-A17','1TSM0033',NULL,NULL,'OTHERS',NULL,1,50,4,NULL),('20S-A18','1TSM0012',NULL,NULL,'OTHERS',NULL,10,50,4,NULL),('20S-A19','1TSM0002',NULL,NULL,'OTHERS',NULL,1,80,3,NULL),('20U-A01','RC5-6870','ME','D01-04','OTHERS',NULL,4,50,4,NULL),('20U-A03','RC5-6889','ME','G04-55','OTHERS',NULL,7,30,4,NULL),('20U-A04','RC5-6884','ME','E03-44','OTHERS',NULL,5,50,4,NULL),('20Y-A03','FE8-3437','ME','C02-23','OTHERS',NULL,1,150,2,1617322796),('20Y-A04','4A8-2365',NULL,NULL,'OTHERS',NULL,8,150,2,NULL),('20Y-A05','4A8-2369','ME','G04-47','OTHERS',NULL,7,120,2,NULL),('20Y-A06','4A8-2371','ME','G04-60','OTHERS',NULL,6,35,4,NULL),('20Y-A07','4A8-2375','ME','G04-51','OTHERS',NULL,5,100,3,NULL),('20Y-A08','4A8-2384','ME','G04-48','OTHERS',NULL,5,50,4,NULL),('20Y-A09','4A8-2388','ME','G04-49','OTHERS',NULL,2,75,3,NULL),('20Y-A10','4A8-2452','ME','G04-53','OTHERS',NULL,2,30,4,NULL),('20Y-A11-1A','4A8-2489','ME','G04-45','OTHERS',NULL,1,200,1,NULL),('20Y-A11-1B','4A8-2489','ME','G04-50','OTHERS',NULL,1,200,1,NULL),('20Y-A12','G50-1014',NULL,NULL,'OTHERS',NULL,1,85,3,NULL),('20Y-A13','FE8-3634','ME','E02-42','OTHERS',NULL,1,100,3,NULL),('20Y-A17','FE8-3647','ME','D03-16','OTHERS',NULL,1,50,4,NULL),('20Y-A18','FE8-3463','ME','A02-31','OTHERS',NULL,1,150,2,NULL),('212-A01','YA0735501-01005','MC',NULL,'OTHERS',NULL,11,50,4,1617526371),('212-A02','YA0735501-01006',NULL,NULL,'OTHERS',NULL,1,55,3,NULL),('212-A04','YA0535501-01004',NULL,NULL,'OTHERS',NULL,1,50,4,NULL),('212-A05','YA0535501-01007','ME','H01-25','OTHERS',NULL,1,50,4,NULL),('212-A06','YA0535501-01007',NULL,NULL,'OTHERS',NULL,1,50,4,NULL),('212V-001','YA0535501-01007','ME','C02-12','OTHERS',NULL,1,50,4,NULL),('212V-002','YA0535501-01004','ME','D02-17','OTHERS',NULL,1,50,4,NULL),('212V-003','YA0735501-01005',NULL,NULL,'OTHERS',NULL,1,50,4,NULL),('212V-004','MK4C89757','ME','E01-13','OTHERS',NULL,1,55,3,NULL),('212V-005','YA0535501-01007','ME','C02-14','OTHERS',NULL,1,100,3,NULL),('212V-006','YA0535501-01007','ME','E02-24','OTHERS',NULL,1,100,3,NULL),('212V-007','YA0735501-01005',NULL,NULL,'OTHERS',NULL,1,50,4,NULL),('212V-008','MK4C89757',NULL,NULL,'OTHERS',NULL,1,55,3,NULL),('212V-009','YA0535501-01007','ME','D01-25','OTHERS',NULL,1,50,4,NULL),('212V-010','YA0535501-01007','ME','E02-18','OTHERS',NULL,1,50,4,NULL),('212V-011','YA0535501-01004','ME','E01-09','OTHERS',NULL,1,50,4,NULL),('212V-012','M0213459','ME','D03-37','OTHERS',NULL,1,55,3,NULL),('212V-013','M0213457','ME','A02-42','OTHERS',NULL,1,75,3,NULL),('212V-014','YA0535501-01007','ME','A01-36','OTHERS',NULL,1,50,4,NULL),('212V-015','YA0535501-01007','MC',NULL,'OTHERS',NULL,2,50,4,1618058307),('212V-016','AD014078',NULL,NULL,'OTHERS',NULL,12,55,3,NULL),('212V-017','AD014079','ME','A01-26','OTHERS',NULL,14,55,1,1618058325),('212V-018','YA0735501-01005','ME','A02-39','OTHERS',NULL,1,50,4,NULL),('212V-019','YA0735501-01006','ME','A01-27','OTHERS',NULL,1,55,3,NULL),('212V-020','YA0535501-01004','ME','A02-36','OTHERS',NULL,1,50,4,NULL),('212V-021','YA0535501-01007','ME','A02-35','OTHERS',NULL,1,50,4,NULL),('212V-022','YA0535501-01007','ME','A02-33','OTHERS',NULL,1,50,4,NULL),('212V-023','M2792253','ME','A01-29','OTHERS',NULL,3,75,3,NULL),('212V-024','M2792252','ME','A01-34','OTHERS',NULL,1,75,3,NULL),('212V-025','M0213459','ME','A01-32','OTHERS',NULL,6,55,3,NULL),('212V-026','M0213457A','ME','A01-25','OTHERS',NULL,6,75,3,NULL),('212V-027','YA0535501-01004','ME','C01-23','OTHERS',NULL,9,50,1,1617839894),('212V-028','YA0535501-01007','ME','A02-34','OTHERS',NULL,9,50,4,NULL),('212V-029','YA0535501-01007',NULL,NULL,'OTHERS',NULL,12,50,4,NULL),('217V-001','L217R-U',NULL,NULL,'OTHERS',NULL,1,75,3,NULL),('217V-002','L217R-L',NULL,NULL,'OTHERS',NULL,1,50,4,NULL),('217V-003','RC2-1446','ME','D03-33','OTHERS',NULL,1,50,4,NULL),('217V-004','RC2-1446',NULL,NULL,'OTHERS',NULL,1,50,4,NULL),('217V-008','RC3-2462-PC-A',NULL,NULL,'OTHERS',NULL,1,75,3,NULL),('217V-009','RC3-2462-PC-B',NULL,NULL,'OTHERS',NULL,1,20,4,NULL),('217V-010','RC2-9209-A','ME','C04-26','OTHERS',NULL,1,20,4,NULL),('217V-011','KVN110818-A','ME','C02-20','OTHERS',NULL,3,50,4,NULL),('217V-012','KVN110818-B','ME','C02-26','OTHERS',NULL,4,50,4,NULL),('217V-013','RC2-9209','ME','C02-17','OTHERS',NULL,1,50,4,NULL),('217V-014','KVN120517-A','ME','C03-22','OTHERS',NULL,2,50,4,NULL),('217V-015','KVN120517-B','ME','C03-17','OTHERS',NULL,2,50,4,NULL),('217V-016','KVN121003A','ME','C02-24','OTHERS',NULL,1,50,4,NULL),('217V-017','KVN121003B','ME','C03-20','OTHERS',NULL,1,50,4,NULL),('217V-018','KVN120517-1','ME','C03-19','OTHERS',NULL,1,30,4,NULL),('217V-019','KVN130222B','ME','C01-20','OTHERS',NULL,4,50,4,NULL),('217V-020','KVN130222C','ME','C02-22','OTHERS',NULL,5,50,4,NULL),('217V-021','D-0002-A','ME','C02-19','OTHERS',NULL,10,50,4,NULL),('217V-022','D-0002-B','ME','C03-24','OTHERS',NULL,6,50,4,NULL),('217V-023','D-0003','ME','C03-28','OTHERS',NULL,9,50,4,NULL),('21A-A05','RC4-3103',NULL,NULL,'OTHERS',NULL,10,100,3,NULL),('21A-A07','RC6-2507',NULL,NULL,'OTHERS',NULL,13,50,4,NULL),('21B-A01','A-6005',NULL,NULL,'OTHERS',NULL,1,100,3,NULL),('21D-A01','YP20112R#NG2',NULL,NULL,'OTHERS',NULL,1,180,2,NULL),('21D-A07','MYP20116#NW1',NULL,NULL,'OTHERS',NULL,1,75,3,NULL),('21D-A12','YP20117#NW1',NULL,NULL,'OTHERS',NULL,1,50,4,NULL),('21D-A17','YP20113#NW1',NULL,NULL,'OTHERS',NULL,1,200,1,NULL),('21F-A01','FE8-8042',NULL,NULL,'OTHERS',NULL,12,30,4,NULL),('21F-A02','FE8-8310',NULL,NULL,'OTHERS',NULL,13,30,4,NULL),('22A-A04','D00AND-001','ME','E01-18','OTHERS',NULL,13,80,3,NULL),('22A-A05','D007KK-001','ME','E04-02','OTHERS',NULL,13,30,4,1618533559),('22A-A06','D00AH6-001',NULL,NULL,'OTHERS',NULL,13,30,4,NULL),('22A-A09','LY6277-001','ME','D03-13','OTHERS',NULL,1,75,3,NULL),('22A-A10','LY6736-001','ME','E04-36','OTHERS',NULL,13,30,4,NULL),('22A-A25','D01GHU-001',NULL,NULL,'OTHERS',NULL,1,50,4,NULL),('22A-A27','D01GJ1-001','ME','D02-16','OTHERS',NULL,1,150,2,NULL),('22A-A42','D01K18-001','ME','E03-41','OTHERS',NULL,1,30,4,NULL),('252-A01','D00HVH-001',NULL,NULL,'OTHERS',NULL,11,50,4,NULL),('252-A02','D00DKG-001',NULL,NULL,'OTHERS',NULL,7,150,2,NULL),('252-A03','D00FUN-001','ME','B03-41','OTHERS',NULL,8,30,3,1617928346),('252-A04','D008K1-001','ME','B03-10','OTHERS',NULL,7,30,4,NULL),('252-A05','LM5006-001','ME','G03-07','OTHERS',NULL,12,30,4,NULL),('252-A06','LY0578-001',NULL,NULL,'OTHERS',NULL,7,30,4,NULL),('252-A07','LY6026-001','ME','D04-24','OTHERS',NULL,13,50,4,NULL),('252-A08','LY6027-001','ME','G03-03','OTHERS',NULL,8,30,4,NULL),('252-A09','LY6107-001','ME','B02-04','OTHERS',NULL,13,80,2,1617832867),('252-A10','LY6259-001','ME','B04-54','OTHERS',NULL,6,50,4,NULL),('252-A11','LY6271-001',NULL,NULL,'OTHERS',NULL,11,30,4,NULL),('252-A12','LY6277-001','ME','E04-79','OTHERS',NULL,13,30,4,1618534029),('252-A13','LY6280-001','ME','B03-34','OTHERS',NULL,10,30,4,NULL),('252-A14','LY6281-001',NULL,NULL,'OTHERS',NULL,1,150,2,NULL),('252-A15','LY6282-001','ME','B03-37','OTHERS',NULL,9,30,4,NULL),('252-A16','LY6315-001',NULL,NULL,'OTHERS',NULL,13,100,3,NULL),('252-A17','LY6317-001',NULL,NULL,'OTHERS',NULL,1,30,4,NULL),('252-A18','LY6318-001','ME','B02-08','OTHERS',NULL,7,30,4,NULL),('252-A19','LY6328-001',NULL,NULL,'OTHERS',NULL,11,150,2,NULL),('252-A20','LY6336-001','ME','G01-31','OTHERS',NULL,11,150,2,NULL),('252-A21','LY6418-001','ME','E04-84','OTHERS',NULL,10,30,4,NULL),('252-A22','LY6419-001',NULL,NULL,'OTHERS',NULL,8,35,4,NULL),('252-A23','LY6420-001',NULL,NULL,'OTHERS',NULL,1,50,4,NULL),('252-A24','D00KLC-001','ME','A01-10','OTHERS',NULL,6,100,3,NULL),('252-A25','D00KLD-001','ME','A01-02','OTHERS',NULL,7,50,4,NULL),('252-A26','D00KLF-001',NULL,NULL,'OTHERS',NULL,12,80,3,NULL),('252-A27','D00KLH-001',NULL,NULL,'OTHERS',NULL,13,100,2,NULL),('252-A28','D007BZ-001','ME','E03-37','OTHERS',NULL,9,30,4,NULL),('252-A29','D00KL9-001',NULL,NULL,'OTHERS',NULL,13,30,4,NULL),('252-A30','D00KLA-001','ME','G02-43','OTHERS',NULL,13,50,4,NULL),('252-A31','D00L04-001',NULL,NULL,'OTHERS',NULL,1,50,4,NULL),('252-A32','D00KS8001','ME','G03-04','OTHERS',NULL,12,35,4,NULL),('252-A33','D00KS9001','ME','D04-34','OTHERS',NULL,13,35,4,NULL),('252-A34','D00DEV-001','ME','G03-13','OTHERS',NULL,1,75,3,NULL),('252-A35','D00P81-001',NULL,NULL,'OTHERS',NULL,1,30,4,NULL),('252-A36','D00D0S-001',NULL,NULL,'OTHERS',NULL,1,180,2,NULL),('252-A37','D00AND-001',NULL,NULL,'OTHERS',NULL,13,80,3,NULL),('252-A38','LY9216-001','ME','A01-04','OTHERS',NULL,13,50,4,NULL),('252-A39','D00DKG-001',NULL,NULL,'OTHERS',NULL,7,150,2,NULL),('252-A40','D00D0S-001',NULL,NULL,'OTHERS',NULL,10,150,2,NULL),('252-A41','D00TU2-001','ME','E03-58','OTHERS',NULL,13,30,4,NULL),('252-A42','LU5604-001','ME','E04-49','OTHERS',NULL,13,50,4,NULL),('252-A43','LY0233-001','ME','A02-03','OTHERS',NULL,13,80,3,NULL),('252-A44','LY1763-001','ME','E04-46','OTHERS',NULL,11,30,4,NULL),('252-A45','LY6059-001','ME','E02-37','OTHERS',NULL,13,80,3,NULL),('252-A46','LY6073-001','ME','G04-58','OTHERS',NULL,11,50,4,NULL),('252-A47','LY6113-001',NULL,NULL,'OTHERS',NULL,12,80,3,NULL),('252-A48','LY6117-001','ME','A04-03','OTHERS',NULL,12,50,4,NULL),('252-A49','LY6118-001','ME','G02-08','OTHERS',NULL,11,50,4,NULL),('252-A50','LY6125-001','ME','E02-59','OTHERS',NULL,10,50,4,NULL),('252-A51','LY6129-001','ME','A01-01','OTHERS',NULL,10,80,3,NULL),('252-A52','LY6167-001','ME','C02-11','OTHERS',NULL,1,30,4,NULL),('252-A53','LY6168-001','ME','D03-18','OTHERS',NULL,12,30,4,NULL),('252-A54','LY6197-001','ME','E02-38','OTHERS',NULL,12,80,3,NULL),('252-A55','LY6337-001',NULL,NULL,'OTHERS',NULL,13,100,3,NULL),('252-A56','LY6535-001','ME','G03-43','OTHERS',NULL,7,30,4,NULL),('252-A57','LY6721-001',NULL,NULL,'OTHERS',NULL,1,75,3,NULL),('252-A58','LY6736-001','ME','A04-09','OTHERS',NULL,13,30,4,NULL),('252-A59','LY6341-001','ME','G03-38','OTHERS',NULL,11,30,4,NULL),('252-A60','LY4094-001','ME','E02-35','OTHERS',NULL,7,30,4,NULL),('252-A61','LY4450-001','ME','A04-06','OTHERS',NULL,10,75,3,NULL),('252-A62','D00AEW002',NULL,NULL,'OTHERS',NULL,1,100,3,NULL),('252-A63','D00AEY-002',NULL,NULL,'OTHERS',NULL,1,50,4,NULL),('252-A64','D00KLC-001','ME','A01-08','OTHERS',NULL,8,100,3,NULL),('252-A65','D00KLD-001',NULL,NULL,'OTHERS',NULL,10,50,4,NULL),('252-A66','D00KLF-001',NULL,NULL,'OTHERS',NULL,5,80,3,NULL),('252-A67','LY6451-001',NULL,NULL,'OTHERS',NULL,5,80,3,NULL),('252-A68','LY6419002','ME','D03-22','OTHERS',NULL,8,35,4,NULL),('252-A69','LY6420-002',NULL,NULL,'OTHERS',NULL,9,30,4,NULL),('252-A70','LY6721-002','ME','E03-57','OTHERS',NULL,12,30,4,NULL),('252-A71','LY6450-001','ME','G02-41','OTHERS',NULL,5,30,4,NULL),('252-A72','D00KLA-001','ME','A01-11','OTHERS',NULL,13,50,4,NULL),('252-A73','LY6167-001','ME','E03-43','OTHERS',NULL,13,30,3,1617321893),('252-A74','LY4643-001','ME','G02-30','OTHERS',NULL,9,50,4,NULL),('252-A75','LY8066-001','ME','E03-42','OTHERS',NULL,2,50,4,NULL),('252-A76','LY8170-001','ME','G01-30','OTHERS',NULL,13,50,4,NULL),('252-A77','LY8171-001','ME','D01-22','OTHERS',NULL,9,50,4,NULL),('252-A78','LY9008-001','ME','E03-35','OTHERS',NULL,11,75,3,NULL),('252-A79','LY9015-001',NULL,NULL,'OTHERS',NULL,13,50,4,NULL),('252-A80','LY9010-001','ME','G02-35','OTHERS',NULL,12,35,2,1616805043),('252-A81','LY9024-001','ME','G02-46','OTHERS',NULL,12,50,4,NULL),('252-A82','LY9218-001',NULL,NULL,'OTHERS',NULL,13,100,3,NULL),('252-A83','LY9219-001',NULL,NULL,'OTHERS',NULL,13,85,3,NULL),('252-A84','LY6493-001',NULL,NULL,'OTHERS',NULL,5,30,4,NULL),('252-A85','LY8023-001',NULL,NULL,'OTHERS',NULL,1,75,3,NULL),('252-A86','LY6493-001',NULL,NULL,'OTHERS',NULL,12,30,4,NULL),('252-A87','LY9007-001','ME','E03-38','OTHERS',NULL,7,50,4,NULL),('252-A88','LM4051-001','MC',NULL,'OTHERS',NULL,8,30,4,1618314556),('252-A89','LY8093-001',NULL,NULL,'OTHERS',NULL,1,75,3,NULL),('252-A90','LY8163-001','ME','E04-57','OTHERS',NULL,10,50,4,NULL),('252-A91','LY9005-001',NULL,NULL,'OTHERS',NULL,13,75,3,NULL),('252-A92','LY9009-001','ME','A04-13','OTHERS',NULL,7,35,4,NULL),('252-A93','LY9018-001',NULL,NULL,'OTHERS',NULL,9,50,4,NULL),('252-A94','LY9023-001','ME','E02-47','OTHERS',NULL,10,50,4,NULL),('252-A95','LY2020-001','ME','E02-30','OTHERS',NULL,12,75,2,1617495093),('252-A96','LY6513-001','ME','B02-07','OTHERS',NULL,8,75,3,NULL),('252-A97','LY6513-002',NULL,NULL,'OTHERS',NULL,3,75,3,NULL),('252-A98','LY6513-003',NULL,NULL,'OTHERS',NULL,6,75,3,NULL),('252-A99','LY6513-004',NULL,NULL,'OTHERS',NULL,6,75,3,NULL),('252-B01','LY2198-001',NULL,NULL,'OTHERS',NULL,7,30,4,NULL),('252-B02','LY8039-001',NULL,NULL,'OTHERS',NULL,7,75,3,NULL),('252-B03','LY4085-001','ME','G04-61','OTHERS',NULL,13,50,4,NULL),('252-B04','LY2116-001','ME','G02-04','OTHERS',NULL,13,75,3,NULL),('252-B05','L03821-001','ME','G04-56','OTHERS',NULL,10,30,4,NULL),('252-B06','LY4427-001','ME','H02-40','OTHERS',NULL,11,75,3,NULL),('252-B07','LY8059-001','ME','D02-02','OTHERS',NULL,13,30,2,1618037042),('252-B08','LY8202-001','ME','A02-02','OTHERS',NULL,8,30,4,NULL),('252-B09','LY8305-001','ME','C04-44','OTHERS',NULL,13,30,4,NULL),('252-B10','LY9363-001','ME','B01-04','OTHERS',NULL,9,50,4,NULL),('252-B11','L09044-001','ME','G04-06','OTHERS',NULL,10,20,4,NULL),('252-B12','L09044-011',NULL,NULL,'OTHERS',NULL,3,20,4,NULL),('252-B13','LEM131-009',NULL,NULL,'OTHERS',NULL,5,110,3,NULL),('252-B14','D018VF-001',NULL,NULL,'OTHERS',NULL,8,30,4,NULL),('252-B15','D015HT-001',NULL,NULL,'OTHERS',NULL,11,140,2,NULL),('252-B16','L09044-001',NULL,NULL,'OTHERS',NULL,3,20,4,NULL),('252-B17','LS7237-001','ME','A02-04','OTHERS',NULL,13,20,4,NULL),('252-B18','D00ALH-001','MC',NULL,'OTHERS',NULL,7,80,2,1617666973),('252-B19','D00ALK-001',NULL,NULL,'OTHERS',NULL,13,50,4,NULL),('252-B20','LY2110-001','ME','G04-12','OTHERS',NULL,8,120,2,NULL),('252-B21','D008W8-001','ME','D02-29','OTHERS',NULL,8,80,3,NULL),('252-B22','LS4639-001','ME','A04-04','OTHERS',NULL,3,20,4,NULL),('252-B23','LY6494-001','ME','H01-04','OTHERS',NULL,12,30,1,1617669801),('252-B24','LS4639-001',NULL,NULL,'OTHERS',NULL,13,20,4,NULL),('252-B25','LY2023-001','MC',NULL,'OTHERS',NULL,13,55,4,1617335498),('252-B26','LY2022-001',NULL,NULL,'OTHERS',NULL,10,50,4,NULL),('252-B27','LS7237-001','ME','G04-54','OTHERS',NULL,8,20,4,NULL),('252-B40','D00187-001',NULL,NULL,'OTHERS',NULL,1,200,1,NULL),('252-B42','D001CM-001','ME','A04-24','OTHERS',NULL,7,30,4,NULL),('252-B45','L05170-001','ME','E04-42','OTHERS',NULL,12,50,4,NULL),('252-B46','LY4426-001','ME','E03-18','OTHERS',NULL,11,20,4,NULL),('252-B47','LY4084-001','ME','E02-43','OTHERS',NULL,4,50,4,NULL),('252-B48','LY4388-001','ME','F02-61','OTHERS',NULL,13,150,2,NULL),('252-B50','LEH166-001','ME','E04-32','OTHERS',NULL,13,75,3,NULL),('252-B51','LEH166-002',NULL,NULL,'OTHERS',NULL,13,75,3,NULL),('252-B52','LEH166-003',NULL,NULL,'OTHERS',NULL,13,75,3,NULL),('252-B54','LEM131-001',NULL,NULL,'OTHERS',NULL,11,100,3,NULL),('252-B55','LEM131-002',NULL,NULL,'OTHERS',NULL,12,100,3,NULL),('252-B56','LEM131-003',NULL,NULL,'OTHERS',NULL,13,100,3,NULL),('252-B57','LEM131-006',NULL,NULL,'OTHERS',NULL,11,100,3,NULL),('252-B58','LEM131-007',NULL,NULL,'OTHERS',NULL,11,100,3,NULL),('252-B59','LEM131-016',NULL,NULL,'OTHERS',NULL,1,100,3,NULL),('252-B60','LEM131-017',NULL,NULL,'OTHERS',NULL,9,100,3,NULL),('252-B61','LEM131-004',NULL,NULL,'OTHERS',NULL,12,100,3,NULL),('252-B62','LEM131-010',NULL,NULL,'OTHERS',NULL,12,100,3,NULL),('252-B63','LEM131-009',NULL,NULL,'OTHERS',NULL,10,110,3,NULL),('252-B64','LY6510-001','ME','F02-12','OTHERS',NULL,1,150,2,NULL),('252-B65','LY2110-001','ME','F03-09','OTHERS',NULL,8,120,2,NULL),('252V-001','LM4211-001',NULL,NULL,'OTHERS',NULL,1,20,4,NULL),('252V-003','LM4222-001',NULL,NULL,'OTHERS',NULL,1,150,2,NULL),('252V-004','LM4246-001','ME','A03-05','OTHERS',NULL,1,80,3,NULL),('252V-005','LM4250-001',NULL,NULL,'OTHERS',NULL,1,80,3,NULL),('252V-006','LF6445-001','ME','B02-46','OTHERS',NULL,1,50,4,NULL),('252V-007','LF6455-001','ME','F04-73','OTHERS',NULL,1,50,4,NULL),('252V-008','LM4051-001','ME','A03-45','OTHERS',NULL,7,30,4,NULL),('252V-009','LF6511-001','ME','F04-75','OTHERS',NULL,1,50,4,NULL),('252V-010','LU2007-001','ME','D02-43','OTHERS',NULL,1,50,4,NULL),('252V-011','LU2016-001','ME','D03-44','OTHERS',NULL,1,50,4,NULL),('252V-012','LU2017-001','ME','H03-07','OTHERS',NULL,1,50,4,NULL),('252V-013','LU2018-001','ME','C02-43','OTHERS',NULL,1,50,4,NULL),('252V-014','LU2042-001','ME','C02-13','OTHERS',NULL,1,50,4,NULL),('252V-015','LU2048-001','ME','C04-33','OTHERS',NULL,1,50,4,NULL),('252V-016','LU2050-001','ME','C02-46','OTHERS',NULL,1,50,4,NULL),('252V-017','LU2128-001','ME','D03-48','OTHERS',NULL,1,35,4,NULL),('252V-018','LU2129-001','ME','D02-07','OTHERS',NULL,1,35,4,NULL),('252V-019','LY2375-001',NULL,NULL,'OTHERS',NULL,1,50,4,NULL),('252V-020','LY2378-001','ME','C04-24','OTHERS',NULL,1,50,4,NULL),('252V-021','LY2380-001','ME','A03-15','OTHERS',NULL,1,50,4,NULL),('252V-022','LY2011-001',NULL,NULL,'OTHERS',NULL,1,75,3,NULL),('252V-023','LY2012-001','ME','G02-33','OTHERS',NULL,1,50,4,NULL),('252V-024','LY2016-001','ME','F04-76','OTHERS',NULL,1,75,3,NULL),('252V-025','LY2020-001',NULL,NULL,'OTHERS',NULL,1,75,3,NULL),('252V-026','LY2022-001','ME','E02-45','OTHERS',NULL,5,50,4,NULL),('252V-027','LY2023-001','ME','A04-18','OTHERS',NULL,1,55,3,NULL),('252V-028','LY2043-001','ME','E03-47','OTHERS',NULL,1,75,3,NULL),('252V-029','LY2045-001',NULL,NULL,'OTHERS',NULL,1,30,4,NULL),('252V-030','LY2047-001','ME','A03-42','OTHERS',NULL,1,50,4,NULL),('252V-031','LY2070-001',NULL,NULL,'OTHERS',NULL,1,75,3,NULL),('252V-032','LY2095-001','ME','H02-27','OTHERS',NULL,1,30,4,NULL),('252V-033','LY2116-001','ME','A02-01','OTHERS',NULL,1,75,3,NULL),('252V-034','LY2198-001','ME','F04-77','OTHERS',NULL,1,30,4,NULL),('252V-035','L04189-001','ME','F02-63','OTHERS',NULL,8,50,4,NULL),('252V-036','L05170-001','ME','A02-11','OTHERS',NULL,6,50,4,NULL),('252V-037','LS4567','ME','A03-11','OTHERS',NULL,1,20,4,NULL),('252V-038','LS4639-001','ME','A04-07','OTHERS',NULL,1,20,4,NULL),('252V-039','LS7237-001','ME','F04-70','OTHERS',NULL,1,20,4,NULL),('252V-040','LM4051-001','ME','C04-34','OTHERS',NULL,7,30,4,NULL),('252V-041','LP2159-001','ME','F04-67','OTHERS',NULL,3,20,4,NULL),('252V-042','LY4426-001','ME','F04-72','OTHERS',NULL,12,20,4,NULL),('252V-043','LY4242-001','ME','F04-82','OTHERS',NULL,4,30,4,NULL),('252V-044','LY4431-001','ME','A04-20','OTHERS',NULL,11,75,3,NULL),('252V-045','LY4555-001','ME','F04-85','OTHERS',NULL,1,30,4,NULL),('252V-046','LY4556-001','ME','A04-15','OTHERS',NULL,1,30,4,NULL),('252V-047','LY4422-001','ME','A04-14','OTHERS',NULL,9,30,4,NULL),('252V-048','LY4425-001','ME','A02-08','OTHERS',NULL,10,100,3,NULL),('252V-049','LY4418-001',NULL,NULL,'OTHERS',NULL,9,30,4,NULL),('252V-050','LY4320-001','MC',NULL,'OTHERS',NULL,11,85,3,1618033016),('252V-051','LY2375-001','ME','A02-07','OTHERS',NULL,1,50,4,NULL),('252V-052','LY4424-001','ME','F04-74','OTHERS',NULL,10,50,4,NULL),('252V-053','LY4317-001',NULL,NULL,'OTHERS',NULL,11,85,3,NULL),('252V-054','LY4419-001','ME','C02-21','OTHERS',NULL,9,30,2,1618308065),('252V-055','LY4421-001','ME','A02-14','OTHERS',NULL,11,50,4,NULL),('252V-056','LY4458-001','ME','A04-10','OTHERS',NULL,6,30,4,NULL),('252V-057','LY4260-001','ME','A03-06','OTHERS',NULL,8,20,4,NULL),('252V-058','LY4275-001','ME','A02-10','OTHERS',NULL,9,50,4,NULL),('252V-059','LY4439-001','ME','F04-79','OTHERS',NULL,1,50,4,NULL),('252V-060','LY4440-001','ME','F04-83','OTHERS',NULL,1,30,4,NULL),('252V-061','LY4441-001','ME','A03-35','OTHERS',NULL,1,20,4,NULL),('252V-062','LY4442-001','ME','F03-41','OTHERS',NULL,1,20,4,NULL),('252V-063','LY4445-001','ME','A03-04','OTHERS',NULL,2,85,3,NULL),('252V-064','LY4447-001','ME','E03-34','OTHERS',NULL,1,80,3,NULL),('252V-065','LY4459-001','ME','C04-43','OTHERS',NULL,7,30,4,NULL),('252V-066','LY4395-001','ME','E02-44','OTHERS',NULL,8,30,4,NULL),('252V-067','LY4455-001','ME','F04-84','OTHERS',NULL,11,30,4,NULL),('252V-068','LY4250-001',NULL,NULL,'OTHERS',NULL,1,40,4,NULL),('252V-069','LY4290-001','ME','A02-12','OTHERS',NULL,9,30,4,NULL),('252V-070','LY4388-001','ME','F01-01','OTHERS',NULL,8,150,2,NULL),('252V-071','LY4585-001','ME','F04-59','OTHERS',NULL,1,30,4,NULL),('252V-072','LY4382-001','ME','C01-35','OTHERS',NULL,10,75,3,NULL),('252V-073','LY4088-001',NULL,NULL,'OTHERS',NULL,1,50,4,NULL),('252V-074','LY4126-001','ME','D03-35','OTHERS',NULL,1,50,4,NULL),('252V-075','LY4450-001','ME','C01-29','OTHERS',NULL,1,75,3,NULL),('252V-076','LY4269-001','ME','A04-21','OTHERS',NULL,1,50,4,NULL),('252V-077','LY4643-001','ME','C01-28','OTHERS',NULL,6,50,4,NULL),('252V-078','LY4170-001','ME','A03-01','OTHERS',NULL,9,30,4,NULL),('252V-079','LY4407-001',NULL,NULL,'OTHERS',NULL,10,50,4,NULL),('252V-080','L09044-001','ME','F04-78','OTHERS',NULL,10,20,4,NULL),('252V-081','LY4583-001','ME','F04-69','OTHERS',NULL,1,30,4,NULL),('252V-082','LY4094-001','ME','G02-19','OTHERS',NULL,7,30,4,NULL),('252V-083','LY4085-001',NULL,NULL,'OTHERS',NULL,1,50,4,NULL),('252V-084','LY4195-001','ME','C02-01','OTHERS',NULL,8,30,4,NULL),('252V-085','LY4196-001','ME','F04-71','OTHERS',NULL,8,30,4,NULL),('252V-088','LY4198-001','ME','E03-48','OTHERS',NULL,1,30,4,NULL),('252V-089','LY4084-001','ME','F01-02','OTHERS',NULL,5,50,1,1618534398),('252V-090','LY8204-001','ME','F04-80','OTHERS',NULL,1,50,4,NULL),('252V-091','LY8080-001','ME','A04-51','OTHERS',NULL,12,30,4,NULL),('252V-092','LY8023-001','ME','A03-09','OTHERS',NULL,1,75,3,NULL),('252V-093','LY8039-001','ME','A04-05','OTHERS',NULL,7,75,3,NULL),('252V-094','LY8066-001','ME','F01-41','OTHERS',NULL,11,50,4,NULL),('252V-095','LY8093-001','ME','H02-48','OTHERS',NULL,11,75,2,1616994823),('252V-096','LY8170-001','ME','B01-14','OTHERS',NULL,1,50,4,NULL),('252V-097','LY8171-001','ME','F01-39','OTHERS',NULL,8,50,4,NULL),('252V-098','LY8163-001','ME','H02-07','OTHERS',NULL,1,50,4,NULL),('252V-099','LEH010-001','ME','F02-50','OTHERS',NULL,11,50,4,NULL),('252V-100','LEH016','ME','H01-03','OTHERS',NULL,1,180,2,NULL),('252V-101','LEH093-001','ME','A03-08','OTHERS',NULL,6,30,4,NULL),('252V-102','LEH133-001','ME','C04-42','OTHERS',NULL,4,50,4,NULL),('252V-103','LEH138-001','ME','A03-14','OTHERS',NULL,5,75,3,NULL),('252V-104','LEH166','ME','C01-31','OTHERS',NULL,1,100,3,NULL),('252V-105','LY2361-001','ME','B01-34','OTHERS',NULL,1,100,3,NULL),('252V-106','LY2070-001','ME','A02-41','OTHERS',NULL,1,75,3,NULL),('252V-107','LY2045-001','ME','A04-19','OTHERS',NULL,1,30,4,NULL),('252V-108','LY2361-001','ME','H01-05','OTHERS',NULL,1,100,3,NULL),('252V-109','LP1401-001','ME','A01-09','OTHERS',NULL,2,75,3,NULL),('252V-110','LU9365-001','ME','F04-81','OTHERS',NULL,7,20,4,NULL),('252V-111','LY9005-001','ME','C01-26','OTHERS',NULL,1,75,3,NULL),('252V-112','LY9007-001','ME','A03-16','OTHERS',NULL,7,50,4,NULL),('252V-113','LY9008-001','ME','H01-34','OTHERS',NULL,1,75,1,1618372032),('252V-114','LY9009-001','ME','F04-88','OTHERS',NULL,1,35,4,NULL),('252V-115','LY9010-001','ME','G02-40','OTHERS',NULL,1,35,4,NULL),('252V-116','LY9015-001','ME','A03-03','OTHERS',NULL,1,50,4,NULL),('252V-117','LY9018-001','ME','A03-10','OTHERS',NULL,4,50,4,NULL),('252V-118','LY9023-001','ME','A02-16','OTHERS',NULL,2,50,4,NULL),('252V-119','LY9024-001','ME','A02-15','OTHERS',NULL,3,50,4,NULL),('252V-120','LY9216-001',NULL,NULL,'OTHERS',NULL,1,50,4,NULL),('252V-121','LY9218-001','ME','G01-21','OTHERS',NULL,1,100,3,NULL),('252V-122','LY9219-001',NULL,NULL,'OTHERS',NULL,1,85,3,NULL),('252V-123','LEM131','ME','H02-39','QVBN',NULL,1,100,3,NULL),('252V-124','LY9270-001','ME','E01-39','OTHERS',NULL,13,50,4,NULL),('252V-125','LY2020-001','ME','A04-08','OTHERS',NULL,5,75,3,NULL),('252V-126','LY2022-001','ME','A03-12','OTHERS',NULL,6,50,4,NULL),('252V-127','LY2023-001','ME','A03-07','OTHERS',NULL,8,55,3,NULL),('252V-128','LY2095-001','ME','A04-11','OTHERS',NULL,13,30,4,NULL),('252V-129','LY2116-001','ME','G03-33','OTHERS',NULL,1,75,3,NULL),('252V-130','LY2198-001',NULL,NULL,'OTHERS',NULL,8,30,4,NULL),('252V-131','LY8023-001','ME','G02-47','OTHERS',NULL,13,75,3,NULL),('252V-132','D000N1-001','ME','F04-68','OTHERS',NULL,13,30,4,NULL),('252V-133','D000PL-001','ME','G03-36','OTHERS',NULL,2,50,4,NULL),('252V-134','D000PS-001','ME','A03-13','OTHERS',NULL,2,30,4,NULL),('252V-135/01','D000R1-001',NULL,NULL,'OTHERS',NULL,9,120,2,NULL),('252V-135/02','D00395-001',NULL,NULL,'OTHERS',NULL,8,120,2,NULL),('252V-136','D00182-001',NULL,NULL,'OTHERS',NULL,1,100,3,NULL),('252V-137','D001D2-001','ME','G01-09','OTHERS',NULL,12,50,4,NULL),('252V-139','LY6493-001',NULL,NULL,'OTHERS',NULL,10,30,4,NULL),('252V-140','LY6494-001','ME','E04-47','OTHERS',NULL,2,30,4,NULL),('252V-141','LY6510-001','ME','A02-06','OTHERS',NULL,9,50,4,NULL),('252V-142','LY6513','ME','A01-05','OTHERS',NULL,1,180,2,NULL),('252V-143','D0010V-001','ME','A03-02','OTHERS',NULL,11,30,4,NULL),('252V-144','LY9216-001','ME','G01-29','OTHERS',NULL,1,50,4,NULL),('252V-145','LS4567','ME','A03-33','OTHERS',NULL,1,75,3,NULL),('252V-146','LY8204-001','MC',NULL,'OTHERS',NULL,12,50,4,1618309178),('252V-147','LY2375-001','ME','E02-56','OTHERS',NULL,11,50,4,NULL),('252V-148','LS4639-001','ME','A04-17','OTHERS',NULL,1,20,4,NULL),('252V-149','LY2378-001','ME','A02-09','OTHERS',NULL,12,50,4,NULL),('252V-150','LY2380-001','ME','G03-09','OTHERS',NULL,9,50,4,NULL),('252V-151','LY9023-001','ME','A02-38','OTHERS',NULL,1,50,4,NULL),('252V-152','LS7237-001','ME','A04-16','OTHERS',NULL,1,20,4,NULL),('252V-153','LY2361-001',NULL,NULL,'OTHERS',NULL,13,100,3,NULL),('252V-154','LU5641-001','ME','D04-41','OTHERS',NULL,11,30,4,NULL),('252V-155','LY0597-001','ME','G01-04','OTHERS',NULL,8,80,3,NULL),('252V-156','LY0598-001','ME','G02-20','OTHERS',NULL,8,80,3,NULL),('252V-157','LY6133-001','ME','A04-22','OTHERS',NULL,10,30,4,NULL),('252V-158','LY6450-001',NULL,NULL,'OTHERS',NULL,10,30,4,NULL),('252V-159','LY6451-001',NULL,NULL,'OTHERS',NULL,10,80,3,NULL),('252V-160','LY6454-001','MC',NULL,'OTHERS',NULL,13,80,3,1617932956),('252V-161','LY6470-001','ME','B03-02','OTHERS',NULL,12,30,3,1617496183),('252V-162','LY6568-001',NULL,NULL,'OTHERS',NULL,11,100,3,NULL),('252V-163','LY6651-001','ME','B02-38','OTHERS',NULL,10,50,4,NULL),('252V-164','D00AG6-001','ME','G01-17','OTHERS',NULL,13,50,4,NULL),('252V-165','D00ACG-001',NULL,NULL,'OTHERS',NULL,13,80,3,NULL),('252V-166','D00ACJ-001','ME','D02-24','OTHERS',NULL,12,80,3,NULL),('252V-167','D00ADP-001','ME','C01-06','OTHERS',NULL,12,150,2,NULL),('252V-168','D00AD0-001','ME','G03-06','OTHERS',NULL,11,80,3,NULL),('252V-169','D00CRW-001',NULL,NULL,'OTHERS',NULL,7,50,4,NULL),('252V-170','D008W8-001','ME','D02-25','OTHERS',NULL,4,80,3,NULL),('252V-171','D00AH5-001','ME','B04-13','OTHERS',NULL,12,100,3,NULL),('252V-172','D00AH6-001','ME','B04-16','OTHERS',NULL,13,30,4,NULL),('252V-173','D00AEW-001','ME','E02-53','OTHERS',NULL,13,80,3,NULL),('252V-174','D00AEY-001',NULL,NULL,'OTHERS',NULL,13,50,4,NULL),('252V-175','D00AH8-001','ME','G01-10','OTHERS',NULL,13,150,2,NULL),('252V-176','D00AJB-001','ME','G03-02','OTHERS',NULL,13,80,3,1618307111),('252V-177','D00AK9-001','ME','E02-54','OTHERS',NULL,13,100,3,NULL),('252V-178','D00AKJ-001','ME','B01-33','OTHERS',NULL,12,50,4,NULL),('252V-179','D00ALH-001','ME','G02-05','OTHERS',NULL,6,80,3,NULL),('252V-180','D00ALK-001','ME','C02-02','OTHERS',NULL,9,50,4,NULL),('252V-181','D00ALL-001','MC',NULL,'OTHERS',NULL,13,50,4,1618493638),('252V-182','D00AND-001',NULL,NULL,'OTHERS',NULL,13,80,3,NULL),('252V-183','D00CRU-001',NULL,NULL,'OTHERS',NULL,13,50,4,NULL),('252V-184','D00EFZ-001','ME','E03-52','OTHERS',NULL,12,50,4,NULL),('252V-185','D00AGS-001','ME','B02-13','OTHERS',NULL,13,30,4,NULL),('252V-186','D00AHG-001',NULL,NULL,'OTHERS',NULL,13,100,3,NULL),('252V-187','D00CRV-001',NULL,NULL,'OTHERS',NULL,13,50,4,NULL),('252V-188','D00ATZ-001','ME','B03-35','OTHERS',NULL,2,30,4,NULL),('252V-189','D00K2E-001',NULL,NULL,'OTHERS',NULL,13,100,3,NULL),('252V-190','D007KK-001','ME','B02-47','OTHERS',NULL,11,30,4,NULL),('252V-191','D00GBE-001','MC',NULL,'OTHERS',NULL,12,80,3,1618118148),('252V-192','D00GBF-001','ME','A01-07','OTHERS',NULL,14,80,1,1617268599),('252V-193','D007GG-001',NULL,NULL,'OTHERS',NULL,1,80,3,NULL),('252V-194','D009RK-001','ME','E03-56','OTHERS',NULL,11,30,4,NULL),('252V-195','D009RM-001',NULL,NULL,'OTHERS',NULL,13,80,3,NULL),('252V-196','D009VT-001','ME','G02-25','OTHERS',NULL,11,50,4,NULL),('252V-197','D0093T-001','ME','E04-59','OTHERS',NULL,8,50,4,NULL),('252V-198','D009RL-001',NULL,NULL,'OTHERS',NULL,11,50,4,NULL),('252V-199','D009RP-001','ME','B02-35','OTHERS',NULL,11,50,4,NULL),('252V-200','D00FT9-001','ME','G03-18','OTHERS',NULL,11,50,3,1618307497),('269-A01','QC5-5837','ME','E01-42','SSTN',NULL,8,150,2,NULL),('269-A02','7N6-0061-00P','ME','G01-19','SSTN',NULL,7,150,2,NULL),('269-A03','7N6-0064-00P',NULL,NULL,'SSTN',NULL,2,150,2,NULL),('269-A04','7N6-0117-00P',NULL,NULL,'SSTN',NULL,12,150,2,NULL),('269-A05','QC5-9747','ME','D04-44','SSTN',NULL,13,30,4,1617057042),('269-A06','QC6-3117',NULL,NULL,'SSTN',NULL,4,50,4,NULL),('269-A07','QC6-3121','ME','F03-04','SSTN',NULL,11,30,4,NULL),('269-A08','QC5-9754','ME','E01-02','SSTN',NULL,4,100,3,NULL),('269-A09','QC6-3101',NULL,NULL,'SSTN',NULL,8,180,2,NULL),('269-A10','QC2-8174',NULL,NULL,'SSTN',NULL,1,110,3,NULL),('269-A11','QC5-4325',NULL,NULL,'SSTN',NULL,7,30,4,NULL),('269-A12','QC5-4325','ME','A04-38','SSTN',NULL,7,30,4,NULL),('269-A13(1)','QC5-2821',NULL,NULL,'SSTN',NULL,12,200,1,NULL),('269-A13(2)','QC5-2821',NULL,NULL,'SSTN',NULL,12,200,1,NULL),('269-A14(1)','QC5-2822',NULL,NULL,'SSTN',NULL,13,200,1,NULL),('269-A14(2)','QC5-2822',NULL,NULL,'SSTN',NULL,13,200,1,NULL),('269-A15','QC6-4553',NULL,NULL,'SSTN',NULL,13,80,3,NULL),('269-A16','QC6-4898','ME','F03-12','SSTN',NULL,1,30,4,NULL),('269-A17','QC6-4691',NULL,NULL,'SSTN',NULL,13,150,2,NULL),('269-A18','QC6-4860','ME','G04-25','SSTN',NULL,3,30,4,NULL),('269-A19','QC6-4678','MC',NULL,'SSTN',NULL,10,100,3,1617504132),('269-A20','QC6-4665','ME','G04-20','SSTN',NULL,11,30,4,NULL),('269-A21','QC6-4674',NULL,NULL,'SSTN',NULL,12,110,3,NULL),('269-A22','QC6-4699','ME','F01-08','SSTN',NULL,7,50,4,NULL),('269-A23','QC6-4702',NULL,NULL,'SSTN',NULL,9,50,4,NULL),('269-A24','QC6-4761',NULL,NULL,'SSTN',NULL,8,30,4,NULL),('269-A25','QC6-4762','ME','F03-10','SSTN',NULL,5,30,4,NULL),('269-A26','QC6-4595','ME','G04-26','SSTN',NULL,8,50,4,NULL),('269-A27','QC6-4602',NULL,NULL,'SSTN',NULL,11,30,4,NULL),('269-A28','QC6-4604',NULL,NULL,'SSTN',NULL,11,100,3,NULL),('269-A29','QC6-4632',NULL,NULL,'SSTN',NULL,12,50,4,NULL),('269-A30','QC6-4633',NULL,NULL,'SSTN',NULL,12,30,4,NULL),('269-A31','QC6-4634','MC',NULL,'SSTN',NULL,8,30,4,1617581633),('269-A32','QC6-4635','ME','E04-64','SSTN',NULL,7,30,4,NULL),('269-A33','QC6-4681',NULL,NULL,'SSTN',NULL,12,80,3,NULL),('269-A34','QC5-4561','ME','G04-66','SSTN',NULL,10,30,4,NULL),('269-A35','QC6-6425','ME','A01-24','SSTN',NULL,13,75,3,NULL),('269-A36','QC5-4525',NULL,NULL,'SSTN',NULL,4,30,4,NULL),('269-A37-1','QC5-2821',NULL,NULL,'SSTN',NULL,2,200,1,NULL),('269-A37-2','QC5-2821',NULL,NULL,'SSTN',NULL,2,200,1,NULL),('269-A38-1','QC5-2822',NULL,NULL,'SSTN',NULL,6,200,1,NULL),('269-A38-2','QC5-2822',NULL,NULL,'SSTN',NULL,6,200,1,NULL),('269-A39','QC6-6443',NULL,NULL,'SSTN',NULL,13,75,3,NULL),('269-A40','QC6-6444','MC',NULL,'SSTN',NULL,13,75,3,1617445371),('269-A41','QC6-6496',NULL,NULL,'SSTN',NULL,13,150,2,NULL),('269-A42','QC6-3193',NULL,NULL,'SSTN',NULL,13,50,4,NULL),('269-A43','QC6-3194','MC',NULL,'SSTN',NULL,14,50,1,1618058459),('269-A44','QC6-6522',NULL,NULL,'SSTN',NULL,1,100,3,NULL),('269-A45','QC6-8164','ME','B02-10','SSTN',NULL,8,80,3,NULL),('269-A46','QC6-8165','ME','F01-04','SSTN',NULL,7,80,3,NULL),('269-A47','QC6-8240',NULL,NULL,'SSTN',NULL,7,30,4,NULL),('269-A48','QC6-8243','ME','F02-26','SSTN',NULL,8,80,2,1618033907),('269-A49','QC6-8248','ME','B02-02','SSTN',NULL,7,30,4,NULL),('269-A50','QC6-8254','ME','G04-52','SSTN',NULL,9,80,4,1618035069),('269-A51','QC6-8267',NULL,NULL,'SSTN',NULL,8,30,4,NULL),('269-A52','QC6-8268','ME','F04-01','SSTN',NULL,8,30,4,1617668426),('269-A53','QC6-8272','ME','F02-07','SSTN',NULL,6,50,2,1617323775),('269-A54','QC6-8682',NULL,NULL,'SSTN',NULL,11,100,3,NULL),('269-A55','QC6-8683',NULL,NULL,'SSTN',NULL,10,100,3,NULL),('269-A56','QC6-8684',NULL,NULL,'SSTN',NULL,10,100,3,NULL),('269-A57','QC6-4674',NULL,NULL,'SSTN',NULL,3,110,3,NULL),('269-A60','7A6-0239-00P',NULL,NULL,'SSTN',NULL,1,180,2,NULL),('269-A61','7N6-0235-00P',NULL,NULL,'SSTN',NULL,4,50,4,NULL),('269-A65','QC7-0733','ME','E04-24','SSTN',NULL,12,30,4,1617582785),('269-A66','QC7-1012','ME','E03-27','SSTN',NULL,9,30,4,NULL),('269-A67','QC3-5954',NULL,NULL,'SSTN',NULL,1,100,3,NULL),('269-A68','7A6-0270-00P',NULL,NULL,'SSTN',NULL,1,180,2,NULL),('269-A70','QC7-0735','ME','E04-38','SSTN',NULL,12,30,4,NULL),('269-A71','QC2-8174',NULL,NULL,'SSTN',NULL,1,110,3,NULL),('269-A72','QC4-8071',NULL,NULL,'SSTN',NULL,11,50,4,NULL),('269-A75','QC6-9014','MC',NULL,'SSTN',NULL,2,150,2,1618123288),('269-A76','QC6-9105',NULL,NULL,'SSTN',NULL,1,100,3,NULL),('269-A77','QC6-9117','ME','F02-52','SSTN',NULL,1,150,2,NULL),('269-A78','QC7-1554','ME','F03-56','SSTN',NULL,11,50,4,NULL),('269-A79','QC7-4061','ME','D02-03','SSTN',NULL,1,150,2,NULL),('269-A80','QC7-4064','ME','E03-30','SSTN',NULL,12,50,4,NULL),('269-A81','QC7-3376','MC',NULL,'SSTN',NULL,2,150,2,1618488177),('269-A83','QC5-1139','ME','B01-35','SSTN',NULL,13,50,4,NULL),('269-A85','QC7-4080','ME','F01-42','SSTN',NULL,1,180,2,NULL),('269-A88','QC7-5218',NULL,NULL,'SSTN',NULL,13,150,2,NULL),('269-A92','QC7-5469',NULL,NULL,'SSTN',NULL,13,100,3,NULL),('269-A93','QC7-5550',NULL,NULL,'SSTN',NULL,12,50,4,NULL),('269-A96','QC7-5471',NULL,NULL,'SSTN',NULL,10,50,4,NULL),('269-A97','QC5-4039','ME','D02-04','SSTN',NULL,1,150,2,NULL),('269V-004','QC1-9573','ME','C04-31','SSTN',NULL,1,75,3,NULL),('269V-007','QC1-9507','MC',NULL,'SSTN',NULL,2,20,4,1616995205),('269V-008','QC1-9612',NULL,NULL,'SSTN',NULL,1,50,4,NULL),('269V-009','QC1-9621','ME','E02-04','SSTN',NULL,1,180,2,NULL),('269V-013','QC1-9585','ME','B03-09','SSTN',NULL,1,50,4,NULL),('269V-016','QC2-2770','ME','A03-38','SSTN',NULL,1,50,4,NULL),('269V-017','QC1-9568','ME','E01-46','SSTN',NULL,1,75,3,NULL),('269V-019','QC1-9582',NULL,NULL,'SSTN',NULL,1,50,4,NULL),('269V-059','QC2-4941','ME','F03-01','SSTN',NULL,1,20,4,NULL),('269V-088','QC2-5382',NULL,NULL,'SSTN',NULL,1,50,4,NULL),('269V-089','QC2-5476',NULL,NULL,'SSTN',NULL,5,20,4,NULL),('269V-113','QC2-8457',NULL,NULL,'SSTN',NULL,1,110,3,NULL),('269V-122','QC1-6058',NULL,NULL,'SSTN',NULL,1,40,4,NULL),('269V-129','QC3-4474','ME','F01-03','SSTN',NULL,8,150,2,NULL),('269V-130','QC3-4475',NULL,NULL,'SSTN',NULL,8,150,2,NULL),('269V-139','QC1-6101',NULL,NULL,'SSTN',NULL,1,30,4,NULL),('269V-144','QC2-8175',NULL,NULL,'SSTN',NULL,1,0,NULL,NULL),('269V-145','QC2-8236',NULL,NULL,'SSTN',NULL,1,50,4,NULL),('269V-146','QC3-6200','ME','A03-30','SSTN',NULL,2,20,4,NULL),('269V-153','QC3-5943','ME','F02-09','SSTN',NULL,12,100,3,NULL),('269V-155','QC3-5979','ME','A02-21','SSTN',NULL,1,30,4,NULL),('269V-157','QC3-5992','ME','A03-18','SSTN',NULL,1,50,4,NULL),('269V-159','QC3-6202','ME','F03-13','SSTN',NULL,1,50,4,NULL),('269V-162','QC3-6185',NULL,NULL,'SSTN',NULL,1,50,4,NULL),('269V-163','QC3-6031',NULL,NULL,'SSTN',NULL,1,50,4,NULL),('269V-164','QC4-2768','ME','A01-21','SSTN',NULL,6,50,4,NULL),('269V-165','QC4-2788','ME','A03-21','SSTN',NULL,8,30,4,NULL),('269V-166','QC3-5990',NULL,NULL,'SSTN',NULL,1,50,4,NULL),('269V-167','QC4-2808','ME','A01-20','SSTN',NULL,2,50,4,NULL),('269V-168','QC4-2777','ME','B01-19','SSTN',NULL,12,100,3,NULL),('269V-178','QC3-6205','ME','A03-28','SSTN',NULL,12,30,3,1617927511),('269V-180','QC2-8260',NULL,NULL,'SSTN',NULL,1,85,3,NULL),('269V-181','QC3-5987','ME','F03-14','SSTN',NULL,3,30,4,NULL),('269V-182','QC2-8175',NULL,NULL,'SSTN',NULL,1,0,NULL,NULL),('269V-186','QC2-8174',NULL,NULL,'SSTN',NULL,13,110,3,NULL),('269V-187','QC3-5981',NULL,NULL,'SSTN',NULL,1,100,3,NULL),('269V-189','QC2-8260','ME','A02-20','SSTN',NULL,4,85,3,NULL),('269V-190','QC3-6202','ME','A03-29','SSTN',NULL,12,50,4,NULL),('269V-191','QC3-5943',NULL,NULL,'SSTN',NULL,1,100,3,NULL),('269V-193','QC3-6200','ME','F03-02','SSTN',NULL,7,20,4,NULL),('269V-194','QC3-6027',NULL,NULL,'SSTN',NULL,1,30,4,NULL),('269V-196','QC4-6458','ME','D01-21','SSTN',NULL,1,100,3,NULL),('269V-197','QC4-6458','ME','G01-23','SSTN',NULL,13,100,3,NULL),('269V-198','QC4-6477',NULL,NULL,'SSTN',NULL,1,75,3,NULL),('269V-199','QC4-7751',NULL,NULL,'SSTN',NULL,7,50,4,NULL),('269V-200','QC4-6417',NULL,NULL,'SSTN',NULL,1,110,3,NULL),('269V-201','QC5-4325',NULL,NULL,'SSTN',NULL,1,30,4,NULL),('269V-202','QC5-4325',NULL,NULL,'SSTN',NULL,1,30,4,NULL),('269V-203','QC3-6031',NULL,NULL,'SSTN',NULL,1,50,4,NULL),('269V-204','QC3-6185','ME','A02-24','SSTN',NULL,11,50,4,NULL),('269V-205','QC3-6185','ME','A02-23','SSTN',NULL,10,50,4,NULL),('269V-206','QC3-6119','ME','F02-16','SSTN',NULL,7,80,3,NULL),('269V-207','QC4-2808','ME','A03-25','SSTN',NULL,9,50,3,1618101871),('269V-208','QC5-4325',NULL,NULL,'SSTN',NULL,1,30,4,NULL),('269V-209','QC3-5990','ME','F02-04','SSTN',NULL,1,50,4,NULL),('269V-210','QC5-0858','ME','A03-23','SSTN',NULL,3,50,4,NULL),('269V-211','QC5-0457',NULL,NULL,'SSTN',NULL,4,75,3,NULL),('269V-212','QC5-0296',NULL,NULL,'SSTN',NULL,3,50,4,NULL),('269V-213','QC5-0456',NULL,NULL,'SSTN',NULL,2,50,4,NULL),('269V-214','QC5-0831',NULL,NULL,'SSTN',NULL,3,100,3,NULL),('269V-215','QC5-0832',NULL,NULL,'SSTN',NULL,4,100,3,NULL),('269V-216','QC5-0315',NULL,NULL,'SSTN',NULL,3,30,4,NULL),('269V-217','QC4-7163',NULL,NULL,'SSTN',NULL,2,30,4,NULL),('269V-218','QC4-7184','ME','F03-03','SSTN',NULL,11,20,4,NULL),('269V-219','QC4-8071',NULL,NULL,'SSTN',NULL,1,50,4,NULL),('269V-220','QC5-0937','ME','F02-10','SSTN',NULL,9,50,4,NULL),('269V-221','QC5-0938','ME','F02-15','SSTN',NULL,13,55,3,NULL),('269V-222','QC5-0968',NULL,NULL,'SSTN',NULL,8,150,2,NULL),('269V-223','QC5-0969','ME','H01-18','SSTN',NULL,8,100,3,NULL),('269V-224','QC5-0984',NULL,NULL,'SSTN',NULL,1,100,3,NULL),('269V-225','QC5-0985','ME','C01-10','SSTN',NULL,13,75,3,NULL),('269V-226','QC5-0987','ME','F03-08','SSTN',NULL,13,30,4,NULL),('269V-227','QC5-1007',NULL,NULL,'SSTN',NULL,1,50,4,NULL),('269V-228','QC5-1029','ME','A02-18','SSTN',NULL,12,55,3,NULL),('269V-229','QC5-1047','MC',NULL,'SSTN',NULL,13,50,4,1618289833),('269V-230','QC5-1076','ME','A02-27','SSTN',NULL,13,30,4,NULL),('269V-231','QC5-1117','ME','A02-26','SSTN',NULL,11,30,4,NULL),('269V-232','QC4-8071',NULL,NULL,'SSTN',NULL,1,50,4,NULL),('269V-233','QC5-2821',NULL,NULL,'SSTN',NULL,2,200,1,NULL),('269V-233(1)','QC5-2821',NULL,NULL,'SSTN',NULL,2,200,1,NULL),('269V-233(2)','QC5-2821',NULL,NULL,'SSTN',NULL,2,200,1,NULL),('269V-234(1)','QC5-2822',NULL,NULL,'SSTN',NULL,6,200,1,NULL),('269V-234(2)','QC5-2822',NULL,NULL,'SSTN',NULL,6,200,1,NULL),('269V-235','QC5-2823','ME','A03-31','SSTN',NULL,1,50,4,NULL),('269V-236','QC5-2839',NULL,NULL,'SSTN',NULL,1,150,2,NULL),('269V-237','QC5-2853','ME','F02-08','SSTN',NULL,5,50,4,NULL),('269V-238','QC5-2913','ME','G01-02','SSTN',NULL,13,75,3,NULL),('269V-239','QC2-8236',NULL,NULL,'SSTN',NULL,13,50,4,NULL),('269V-240','QC5-3651','MC',NULL,'SSTN',NULL,14,75,3,1617365385),('269V-241','QC5-3652','MC',NULL,'SSTN',NULL,8,75,3,1617260648),('269V-242','QC5-3658','MC',NULL,'SSTN',NULL,10,30,4,1618040934),('269V-243','QC5-3661','ME','F03-05','SSTN',NULL,9,75,3,NULL),('269V-244','QC5-4675','ME','A02-25','SSTN',NULL,11,30,2,1616975839),('269V-245','QC5-3743',NULL,NULL,'SSTN',NULL,13,50,4,NULL),('269V-246','QC5-3811','ME','F02-02','SSTN',NULL,7,30,4,NULL),('269V-247','QC5-3831','ME','F01-10','SSTN',NULL,8,30,4,NULL),('269V-248','QC5-3832','ME','F01-09','SSTN',NULL,9,30,4,NULL),('269V-249','QC5-4039',NULL,NULL,'SSTN',NULL,13,50,4,NULL),('269V-250','QC5-4858',NULL,NULL,'SSTN',NULL,12,50,4,NULL),('269V-251','QC5-3702','MC',NULL,'SSTN',NULL,7,50,4,1618316189),('269V-252','QC5-3716','ME','C01-08','SSTN',NULL,9,100,3,NULL),('269V-253','QC5-4105','ME','F04-13','SSTN',NULL,12,30,4,NULL),('269V-254','QC5-4531','ME','A03-27','SSTN',NULL,6,30,4,NULL),('269V-255','QC2-8457','ME','G01-08','SSTN',NULL,9,110,3,NULL),('269V-256','QC5-5878',NULL,NULL,'SSTN',NULL,6,50,4,NULL),('269V-257','QC5-5881','ME','B01-26','SSTN',NULL,12,50,4,NULL),('269V-258','QC5-5892','ME','D04-26','SSTN',NULL,13,50,4,NULL),('269V-259','QC5-5929',NULL,NULL,'SSTN',NULL,13,110,3,NULL),('269V-260','QC5-5941','ME','B03-39','SSTN',NULL,9,50,4,NULL),('269V-261','QC5-5990','ME','E04-77','SSTN',NULL,13,30,4,NULL),('269V-262','QC5-6008',NULL,NULL,'SSTN',NULL,13,50,4,NULL),('269V-263','QC5-6397',NULL,NULL,'SSTN',NULL,1,30,4,NULL),('269V-264','QC5-6405','MC',NULL,'SSTN',NULL,14,30,3,1617333735),('269V-265','QC5-6406','MC',NULL,'SSTN',NULL,14,50,2,1618483268),('269V-266','QC5-6412','MC',NULL,'SSTN',NULL,11,80,3,1616860855),('269V-267','QC5-6414','ME','D04-37','SSTN',NULL,11,50,4,NULL),('269V-268','QC3-4493','ME','D01-03','SSTN',NULL,9,100,3,NULL),('269V-A53','QC6-8272','ME','F02-06','SSTN',NULL,1,50,4,NULL),('274V-001','RC4-3177',NULL,NULL,'OTHERS',NULL,12,50,4,NULL),('274V-002','RC4-3036','ME','H02-14','OTHERS',NULL,10,50,4,NULL),('274V-003','RC4-3103','ME','C04-23','OTHERS',NULL,11,100,4,1618035541),('274V-004','RC4-3227',NULL,NULL,'OTHERS',NULL,12,100,3,NULL),('274V-005','RC4-3088','ME','G01-05','OTHERS',NULL,10,50,4,NULL),('274V-006','RC4-3014','ME','H02-03','OTHERS',NULL,7,55,3,NULL),('274V-007','RC4-4312',NULL,NULL,'OTHERS',NULL,3,100,3,NULL),('278-A01','RC2-1057','ME','B02-36','OTHERS',NULL,11,50,4,NULL),('278-A03','RC2-1058',NULL,NULL,'OTHERS',NULL,12,50,4,NULL),('278-A05','RC4-7971',NULL,NULL,'OTHERS',NULL,12,350,12,NULL),('278-A06','RC2-1205','MC',NULL,'OTHERS',NULL,12,30,4,1617418446),('278-A07','RC2-1236','ME','D04-42','OTHERS',NULL,13,30,4,NULL),('278-A08','RC2-9429',NULL,NULL,'OTHERS',NULL,4,80,3,NULL),('278-A09','RC3-0583',NULL,NULL,'OTHERS',NULL,9,250,12,NULL),('278-A10','RC3-0586','ME','E01-37','OTHERS',NULL,3,80,3,NULL),('278-A11','RC3-0588','ME','E02-49','OTHERS',NULL,2,80,3,NULL),('278-A13','RC3-0592','ME','B01-09','OTHERS',NULL,4,75,1,1616731976),('278-A14','RC3-0594','ME','F01-43','OTHERS',NULL,3,75,3,NULL),('278-A15','RC4-3541',NULL,NULL,'OTHERS',NULL,12,60,3,NULL),('278-A16','RC4-3674','ME','C04-19','OTHERS',NULL,13,60,3,NULL),('278-A17','RC4-3882','MC',NULL,'OTHERS',NULL,13,60,3,1618315181),('278-A18','RC4-3887','ME','B02-37','OTHERS',NULL,12,60,3,NULL),('278-A19','RC4-3925','ME','C02-06','OTHERS',NULL,12,60,3,NULL),('278-A20','RC4-3926','ME','G03-08','OTHERS',NULL,10,60,3,NULL),('278-A22','RC4-3543','ME','D03-14','OTHERS',NULL,8,55,3,NULL),('278-A24','RC3-0589',NULL,NULL,'OTHERS',NULL,4,250,12,NULL),('278-A25','RC3-0589',NULL,NULL,'OTHERS',NULL,1,250,12,NULL),('278-A26','RC2-1236',NULL,NULL,'OTHERS',NULL,1,75,3,NULL),('278-A27','RC2-1236',NULL,NULL,'OTHERS',NULL,1,50,4,NULL),('278-A28','RC2-1236',NULL,NULL,'OTHERS',NULL,1,30,4,NULL),('278-A29','RC3-0583',NULL,NULL,'OTHERS',NULL,1,200,1,NULL),('278-A30','RC2-1205',NULL,NULL,'OTHERS',NULL,1,30,4,NULL),('278-A31','RC2-1205',NULL,NULL,'OTHERS',NULL,1,30,4,NULL),('278-A32','RC2-1205',NULL,NULL,'OTHERS',NULL,1,30,4,NULL),('278-A33','RC2-1205','ME','B04-17','OTHERS',NULL,1,30,4,NULL),('278-A34','RC4-3770','ME','B04-20','OTHERS',NULL,13,60,3,NULL),('278-A35','RC2-1532',NULL,NULL,'OTHERS',NULL,1,200,1,NULL),('278-A36','RC4-3582','ME','C04-22','OTHERS',NULL,1,60,3,NULL),('278-A37','RC2-1532',NULL,NULL,'OTHERS',NULL,9,200,1,NULL),('278-A38','RC4-3935','ME','B04-59','OTHERS',NULL,13,60,3,NULL),('278-A39','RC3-0630','ME','C04-17','OTHERS',NULL,4,50,4,NULL),('278-A40','RU9-0287',NULL,NULL,'OTHERS',NULL,4,50,4,NULL),('278-A41','RC2-9429',NULL,NULL,'OTHERS',NULL,4,80,3,NULL),('278-A42','RC2-1236','ME','E04-71','OTHERS',NULL,1,30,4,NULL),('278-A43','FC9-5390',NULL,NULL,'OTHERS',NULL,1,200,1,NULL),('278-A44','FC9-5314',NULL,NULL,'OTHERS',NULL,1,200,1,NULL),('278-A45','FC9-5318',NULL,NULL,'OTHERS',NULL,1,200,1,NULL),('278-A46','FC9-5321',NULL,NULL,'OTHERS',NULL,1,200,1,NULL),('278-A47','FC9-5325',NULL,NULL,'OTHERS',NULL,1,90,3,NULL),('278-A48','FC9-5340',NULL,NULL,'OTHERS',NULL,1,450,12,NULL),('278-A49','FC9-5342',NULL,NULL,'OTHERS',NULL,1,280,12,NULL),('278-A50','FE4-7874',NULL,NULL,'OTHERS',NULL,1,250,12,NULL),('278-A51','FE4-7876',NULL,NULL,'OTHERS',NULL,1,250,12,NULL),('278-A52','RC2-6358',NULL,NULL,'OTHERS',NULL,3,180,2,NULL),('278-A53','RC2-7416',NULL,NULL,'OTHERS',NULL,1,300,12,NULL),('278-A54','RC2-7417',NULL,NULL,'OTHERS',NULL,1,450,12,NULL),('278-A55','RC2-7420',NULL,NULL,'OTHERS',NULL,1,150,2,NULL),('278-A56','RC2-7421',NULL,NULL,'OTHERS',NULL,1,250,12,NULL),('278-A57','RC2-7434','ME','B01-12','OTHERS',NULL,1,150,2,NULL),('278-A58','RC2-7442',NULL,NULL,'OTHERS',NULL,1,200,1,NULL),('278-A59','RC2-7444','ME','G01-28','OTHERS',NULL,1,150,2,NULL),('278-A60','RC2-7445',NULL,NULL,'OTHERS',NULL,1,100,3,NULL),('278-A61','RC2-7446',NULL,NULL,'OTHERS',NULL,1,200,1,NULL),('278-A62','RC2-7447',NULL,NULL,'OTHERS',NULL,1,250,12,NULL),('278-A63','RC2-7673',NULL,NULL,'OTHERS',NULL,5,200,1,NULL),('278-A64','RC2-7689',NULL,NULL,'OTHERS',NULL,4,385,12,NULL),('278-A65','RC2-7690',NULL,NULL,'OTHERS',NULL,7,300,12,NULL),('278-A66','RC2-7698','ME','E01-45','OTHERS',NULL,3,140,2,NULL),('278-A67','RC2-7798',NULL,NULL,'OTHERS',NULL,5,250,12,NULL),('278-A68','RC2-7802',NULL,NULL,'OTHERS',NULL,5,200,1,NULL),('278-A69','RC2-7891',NULL,NULL,'OTHERS',NULL,1,200,1,NULL),('278-A70','RC2-7898',NULL,NULL,'OTHERS',NULL,1,150,2,NULL),('278-A71','RC2-7910',NULL,NULL,'OTHERS',NULL,1,250,12,NULL),('278-A72','RC2-7913',NULL,NULL,'OTHERS',NULL,1,200,1,NULL),('278-A73','RC2-7917',NULL,NULL,'OTHERS',NULL,1,200,1,NULL),('278-A74','RC2-9427',NULL,NULL,'OTHERS',NULL,9,200,1,NULL),('278-A75','RC2-9428',NULL,NULL,'OTHERS',NULL,8,200,1,NULL),('278-A76','RC4-2201','ME','D04-21','OTHERS',NULL,5,360,12,NULL),('278-A77','RC4-2202',NULL,NULL,'OTHERS',NULL,7,450,12,NULL),('278-A78','RC4-2203',NULL,NULL,'OTHERS',NULL,5,250,12,NULL),('278-A79','FE8-3012',NULL,NULL,'OTHERS',NULL,11,280,12,NULL),('278-A80','FE8-3069','ME','G03-01','OTHERS',NULL,11,120,2,NULL),('278-A81','FE8-3123',NULL,NULL,'OTHERS',NULL,12,280,12,NULL),('278-A82','FE8-3139','ME','B01-32','OTHERS',NULL,1,160,2,NULL),('278-A83','FE8-3262',NULL,NULL,'OTHERS',NULL,12,160,2,NULL),('278-A84','FE8-3321','MC',NULL,'OTHERS',NULL,11,60,3,1618308676),('278-A85','RC2-1118',NULL,NULL,'OTHERS',NULL,1,100,3,NULL),('278-A86','RC2-1189',NULL,NULL,'OTHERS',NULL,11,50,4,NULL),('278-A87','RC2-8466','ME','F03-53','OTHERS',NULL,2,80,3,NULL),('278-A88','RC2-9224',NULL,NULL,'OTHERS',NULL,4,80,3,NULL),('278-A89','RC2-9237',NULL,NULL,'OTHERS',NULL,1,450,12,NULL),('278-A90','RC3-0492',NULL,NULL,'OTHERS',NULL,1,450,12,NULL),('278-A91','RC4-3627',NULL,NULL,'OTHERS',NULL,1,180,2,NULL),('278-A92','RC5-3137-MUT','ME','B04-64','OTHERS',NULL,1,50,4,NULL),('278-A93','FE8-3115','ME','E01-43','OTHERS',NULL,12,120,2,NULL),('278-A94','FE8-3067',NULL,NULL,'OTHERS',NULL,8,200,1,NULL),('278-A95','FE8-3142',NULL,NULL,'OTHERS',NULL,11,200,1,NULL),('278-A96','FE8-3174',NULL,NULL,'OTHERS',NULL,8,280,12,NULL),('278-A97','FE8-3263',NULL,NULL,'OTHERS',NULL,9,160,2,NULL),('278-A98','FE8-3318',NULL,NULL,'OTHERS',NULL,13,250,12,NULL),('278-A99','FE8-3320','ME','B04-21','OTHERS',NULL,10,90,3,NULL),('278-B01','RC3-4862',NULL,NULL,'OTHERS',NULL,8,220,1,NULL),('278-B02','RC4-5590',NULL,NULL,'OTHERS',NULL,13,120,2,NULL),('278-B03','RC2-1205','ME','B03-13','OTHERS',NULL,1,30,4,NULL),('278-B04','RC3-0492',NULL,NULL,'OTHERS',NULL,1,450,12,NULL),('278-B05','RC3-0492',NULL,NULL,'OTHERS',NULL,1,450,12,NULL),('278-B06','RC3-0492',NULL,NULL,'OTHERS',NULL,1,450,12,NULL),('278-B07','RC3-0492',NULL,NULL,'OTHERS',NULL,6,450,12,NULL),('278-B08','RC3-0492',NULL,NULL,'OTHERS',NULL,1,450,12,NULL),('278-B09','RC2-9237',NULL,NULL,'OTHERS',NULL,1,450,12,NULL),('278-B10','RC2-9237',NULL,NULL,'OTHERS',NULL,1,450,12,NULL),('278-B11','RC2-9237',NULL,NULL,'OTHERS',NULL,1,450,12,NULL),('278-B12','RC2-9237',NULL,NULL,'OTHERS',NULL,1,450,12,NULL),('278-B13','RC2-9237',NULL,NULL,'OTHERS',NULL,1,450,12,NULL),('278-B14','RC2-6039',NULL,NULL,'OTHERS',NULL,1,80,3,NULL),('278-B15','RC2-6047',NULL,NULL,'OTHERS',NULL,1,200,1,NULL),('278-B16','RC2-6276',NULL,NULL,'OTHERS',NULL,1,100,3,NULL),('278-B17','RC4-3762',NULL,NULL,'OTHERS',NULL,12,75,3,NULL),('278-B18','RC2-9427',NULL,NULL,'OTHERS',NULL,1,200,1,NULL),('278-B19','RC2-9224',NULL,NULL,'OTHERS',NULL,4,80,3,NULL),('278-B20','RC2-1189','ME','B03-14','OTHERS',NULL,11,50,4,NULL),('278-B21','RC2-1189',NULL,NULL,'OTHERS',NULL,11,50,4,NULL),('278-B22','RC5-4949',NULL,NULL,'OTHERS',NULL,11,385,12,NULL),('278-B23','RC5-4952','MC',NULL,'OTHERS',NULL,13,50,4,1617504101),('278-B24','RC5-4953','ME','E04-50','OTHERS',NULL,13,30,4,NULL),('278-B25','RC2-6084','ME','B04-57','OTHERS',NULL,1,50,4,NULL),('278-B26','RC2-6093',NULL,NULL,'OTHERS',NULL,1,200,1,NULL),('278-B27','RC2-6198','ME','G03-15','OTHERS',NULL,1,50,4,NULL),('278-B28','RC2-6204',NULL,NULL,'OTHERS',NULL,1,250,12,NULL),('278-B29','RC2-6233','ME','G03-17','OTHERS',NULL,1,80,3,NULL),('278-B30','RC2-6234',NULL,NULL,'OTHERS',NULL,1,80,3,NULL),('278-B31','RC2-6244',NULL,NULL,'OTHERS',NULL,1,200,1,NULL),('278-B32','RC2-6247',NULL,NULL,'OTHERS',NULL,1,50,4,NULL),('278-B33','RC2-6272','ME','C03-09','OTHERS',NULL,1,50,4,NULL),('278-B34','RC2-6277',NULL,NULL,'OTHERS',NULL,1,280,12,NULL),('278-B35','RC2-6287-MUT','ME','E03-55','OTHERS',NULL,1,50,4,NULL),('278-B36','RC2-6288-MUT','ME','G04-09','OTHERS',NULL,2,50,4,1618532694),('278-B37','RC4-4959',NULL,NULL,'OTHERS',NULL,13,60,3,NULL),('278-B38','RC4-7894',NULL,NULL,'OTHERS',NULL,1,100,3,NULL),('278-B39','RC5-1991',NULL,NULL,'OTHERS',NULL,13,60,3,NULL),('278-B40','RC5-2022',NULL,NULL,'OTHERS',NULL,1,50,4,NULL),('278-B41','RC5-3046','MC',NULL,'OTHERS',NULL,4,60,4,1618295166),('278-B42','RC5-3047','ME','B04-63','OTHERS',NULL,4,60,3,NULL),('278-B43','RC2-6276',NULL,NULL,'OTHERS',NULL,1,100,3,NULL),('278-B44','RC2-6039',NULL,NULL,'OTHERS',NULL,1,80,3,NULL),('278-B45','RC2-6047',NULL,NULL,'OTHERS',NULL,1,80,3,NULL),('278-B46','RC2-6233',NULL,NULL,'OTHERS',NULL,1,80,3,NULL),('278-B47','RC2-6234',NULL,NULL,'OTHERS',NULL,1,80,3,NULL),('278-B48','RC2-6093',NULL,NULL,'OTHERS',NULL,1,250,12,NULL),('278-B49','RC4-7894','MC',NULL,'OTHERS',NULL,14,60,3,1618123012),('278-B50','RC2-6244',NULL,NULL,'OTHERS',NULL,1,200,1,NULL),('278-B51','RC2-6244',NULL,NULL,'OTHERS',NULL,1,200,1,NULL),('278-B52','RC2-6277',NULL,NULL,'OTHERS',NULL,1,280,12,NULL),('278-B53','RC2-6204',NULL,NULL,'OTHERS',NULL,1,200,1,NULL),('278-B54','RC2-1049','ME','D01-33','OTHERS',NULL,5,100,3,NULL),('278-B55','RC5-3173',NULL,NULL,'OTHERS',NULL,1,80,3,NULL),('278-B56','RC5-3174',NULL,NULL,'OTHERS',NULL,1,30,4,NULL),('278-B57','RC5-3288','MC',NULL,'OTHERS',NULL,13,100,3,1618118252),('278-B59','RC2-1118',NULL,NULL,'OTHERS',NULL,1,200,1,NULL),('278-B60','RC2-1118',NULL,NULL,'OTHERS',NULL,1,100,3,NULL),('278-B61','RC2-1118',NULL,NULL,'OTHERS',NULL,1,100,3,NULL),('278-B62','RC2-9237',NULL,NULL,'OTHERS',NULL,6,450,12,NULL),('278-B63','RC3-0492',NULL,NULL,'OTHERS',NULL,1,450,12,NULL),('278-B64','RC3-0583',NULL,NULL,'OTHERS',NULL,1,0,NULL,NULL),('278-B65','RC3-0583',NULL,NULL,'OTHERS',NULL,1,200,1,NULL),('278-B66','RC3-0583',NULL,NULL,'OTHERS',NULL,9,250,12,NULL),('278-B67','RC2-1532',NULL,NULL,'OTHERS',NULL,1,200,1,NULL),('278-B68','RC4-4686','ME','D01-34','OTHERS',NULL,13,100,3,NULL),('278-B69','RC3-0845','ME','D01-27','OTHERS',NULL,10,100,3,NULL),('278-B70','RC2-1050','ME','D04-16','OTHERS',NULL,13,50,4,1616889532),('278-B71','RC4-3940',NULL,NULL,'OTHERS',NULL,2,100,3,NULL),('278-B72','RC2-1040','ME','B01-08','OTHERS',NULL,1,75,3,NULL),('278-B73','RC5-4963',NULL,NULL,'OTHERS',NULL,9,450,12,NULL),('278-B74','RU9-0287',NULL,NULL,'OTHERS',NULL,7,50,4,NULL),('278-B75','RC2-1110','ME','E04-62','OTHERS',NULL,1,50,4,NULL),('278-B76','RU7-0750','ME','E03-33','OTHERS',NULL,2,150,2,NULL),('278-B77','RC2-1129','ME','E04-58','OTHERS',NULL,1,20,4,NULL),('278-B78','RC4-3883',NULL,NULL,'OTHERS',NULL,10,75,3,NULL),('278-B79','RU7-0100','ME','D04-27','OTHERS',NULL,13,50,4,NULL),('278-B80','RC4-4011',NULL,NULL,'OTHERS',NULL,13,280,12,NULL),('278-B81','FE8-3023',NULL,NULL,'OTHERS',NULL,13,450,12,NULL),('278-B82','FE8-3105',NULL,NULL,'OTHERS',NULL,1,450,12,NULL),('278-B83','FE8-3108',NULL,NULL,'OTHERS',NULL,1,450,12,NULL),('278-B84','RC2-1117','ME','E01-33','OTHERS',NULL,1,130,2,NULL),('278-B85','RC2-6106',NULL,NULL,'OTHERS',NULL,2,450,12,NULL),('278-B86','RC2-6281',NULL,NULL,'OTHERS',NULL,1,450,12,NULL),('278-B87','RC2-6283',NULL,NULL,'OTHERS',NULL,1,450,12,NULL),('278-B89','RC4-4754',NULL,NULL,'OTHERS',NULL,1,100,3,NULL),('278-B90','RU1-0689','ME','G02-24','OTHERS',NULL,10,85,3,NULL),('278-B91','RC3-3485',NULL,NULL,'OTHERS',NULL,1,100,3,NULL),('278-B92','RC4-3600',NULL,NULL,'OTHERS',NULL,1,180,2,NULL),('278-B93','RC4-3604',NULL,NULL,'OTHERS',NULL,13,50,4,NULL),('278-B94','RC4-4690',NULL,NULL,'OTHERS',NULL,1,30,4,NULL),('278-B95','RC4-5036','ME','F03-37','OTHERS',NULL,1,50,4,NULL),('278-B96','RC4-5421',NULL,NULL,'OTHERS',NULL,1,50,4,NULL),('278-B97','RU9-0122','ME','B04-62','OTHERS',NULL,13,30,4,1618489570),('278-B98','RC4-4784','ME','F02-42','OTHERS',NULL,13,50,2,1617668096),('278-B99','RU9-0277','ME','E02-36','OTHERS',NULL,12,75,3,NULL),('278-C01','RC5-7865',NULL,NULL,'OTHERS',NULL,8,50,4,NULL),('278-C02','RC5-7866','ME','E03-25','OTHERS',NULL,11,50,4,NULL),('278-C03','RC5-7943',NULL,NULL,'OTHERS',NULL,13,100,3,NULL),('278-C04','RC5-7951','ME','B02-15','OTHERS',NULL,11,30,4,NULL),('278-C05','RC5-7952',NULL,NULL,'OTHERS',NULL,12,30,4,NULL),('278-C06','RU2-0122',NULL,NULL,'OTHERS',NULL,10,100,3,NULL),('278-C07','RU2-0163','ME','G02-27','OTHERS',NULL,10,85,3,NULL),('278-C08','RC4-3940',NULL,NULL,'OTHERS',NULL,13,100,3,NULL),('278-C09','RC4-7990',NULL,NULL,'OTHERS',NULL,6,150,2,NULL),('278-C10','RC4-3543','ME','G04-03','OTHERS',NULL,11,55,3,NULL),('278-C11','RC4-7894','ME','G03-22','OTHERS',NULL,13,60,3,NULL),('278-C12','RC5-5864','ME','B02-03','OTHERS',NULL,13,75,3,NULL),('278-C13','RC5-5865','ME','E04-52','OTHERS',NULL,6,30,4,NULL),('278-C14','RC5-5867','ME','G03-47','OTHERS',NULL,6,50,4,NULL),('278-C15','RC5-5868','ME','G03-44','OTHERS',NULL,6,30,4,NULL),('278-C16','RC2-1129','ME','G04-62','OTHERS',NULL,1,20,4,NULL),('278-C17','RC4-4766',NULL,NULL,'OTHERS',NULL,12,50,4,NULL),('278-C18','RC2-1189',NULL,NULL,'OTHERS',NULL,11,50,4,NULL),('278-C19','RC2-1173','ME','G04-05','OTHERS',NULL,12,30,4,NULL),('278-C20','RC2-1118',NULL,NULL,'OTHERS',NULL,13,100,3,NULL),('278-C21','RC4-3607',NULL,NULL,'OTHERS',NULL,13,20,4,NULL),('278-C22','RC4-3597',NULL,NULL,'OTHERS',NULL,13,30,4,NULL),('278-C23','RC4-3595',NULL,NULL,'OTHERS',NULL,13,30,4,NULL),('278-C24','RC2-9224','ME','G04-44','OTHERS',NULL,3,80,3,NULL),('278-C25','RC2-1117','ME','F01-15','OTHERS',NULL,13,130,2,NULL),('278-C26','RU2-0102',NULL,NULL,'OTHERS',NULL,10,110,3,NULL),('278-C27','FE8-3132',NULL,NULL,'OTHERS',NULL,13,120,2,NULL),('278-C28','RC4-7805',NULL,NULL,'OTHERS',NULL,1,200,1,NULL),('278-C29','RC4-7805',NULL,NULL,'OTHERS',NULL,13,160,2,NULL),('278-C30','RC4-7969',NULL,NULL,'OTHERS',NULL,13,120,2,NULL),('278-C31','RC4-7961','MC',NULL,'OTHERS',NULL,14,120,2,1618282108),('278-C32','RC4-5396','ME','G02-31','OTHERS',NULL,12,60,3,NULL),('278-C33','RC5-3144',NULL,NULL,'OTHERS',NULL,12,100,3,NULL),('278-C34','RC5-8261','ME','D03-26','OTHERS',NULL,8,75,3,NULL),('278-C35','RC5-8262',NULL,NULL,'OTHERS',NULL,9,75,3,NULL),('278-C36','RC5-4710',NULL,NULL,'OTHERS',NULL,12,120,2,NULL),('278-C37','RC4-7971',NULL,NULL,'OTHERS',NULL,12,350,12,NULL),('278-C38','RC5-5863','ME','E01-25','OTHERS',NULL,6,50,4,NULL),('278-C39','RC5-5818',NULL,NULL,'OTHERS',NULL,4,110,3,NULL),('278-C40','RC5-5850','ME','D04-56','OTHERS',NULL,6,30,4,NULL),('278-C41','RC5-5846','ME','B04-19','OTHERS',NULL,5,30,4,NULL),('278-C42','RC5-5845','ME','E03-06','OTHERS',NULL,6,30,4,NULL),('278-C43','RC5-5778','ME','G03-19','OTHERS',NULL,5,30,4,NULL),('278-C44','RC5-6121','ME','E01-03','OTHERS',NULL,7,50,4,NULL),('278-C45','RC5-6122','ME','B02-16','OTHERS',NULL,6,50,4,NULL),('278-C46','RC5-6127','ME','B02-12','OTHERS',NULL,4,75,3,NULL),('278-C47','RC5-6296',NULL,NULL,'OTHERS',NULL,7,30,4,NULL),('278-C48','RC5-6327',NULL,NULL,'OTHERS',NULL,13,260,12,NULL),('278-C49','RC5-6331','ME','C02-04','OTHERS',NULL,1,100,3,NULL),('278-C50','RC5-6341',NULL,NULL,'OTHERS',NULL,13,150,2,NULL),('278-C51','RC5-6342',NULL,NULL,'OTHERS',NULL,13,150,2,NULL),('278-C52','RC4-7972',NULL,NULL,'OTHERS',NULL,13,100,3,NULL),('278-C53','RC2-1171','ME','F04-43','OTHERS',NULL,1,50,4,NULL),('278-C54','RC5-1966',NULL,NULL,'OTHERS',NULL,13,450,12,NULL),('278-C56','RC2-1061',NULL,NULL,'OTHERS',NULL,1,100,3,NULL),('278-C57','RU1-0873',NULL,NULL,'OTHERS',NULL,1,50,4,NULL),('278-C58','RC4-3887','ME','C02-07','OTHERS',NULL,12,60,3,NULL),('278-C59','RC5-6610','ME','F03-45','OTHERS',NULL,5,30,4,NULL),('278-C60','RC5-7834',NULL,NULL,'OTHERS',NULL,11,100,3,NULL),('278-C61','RC5-7855',NULL,NULL,'OTHERS',NULL,13,380,12,NULL),('278-C62','RC5-7953',NULL,NULL,'OTHERS',NULL,9,50,4,NULL),('278-C63','RU1-0678','ME','B04-11','OTHERS',NULL,13,30,4,NULL),('278-C64','RU1-0679','ME','G04-15','OTHERS',NULL,13,30,4,NULL),('278-C65','RU2-0719','ME','D02-27','OTHERS',NULL,12,85,2,1617322335),('278-C66','RC6-0053',NULL,NULL,'OTHERS',NULL,12,250,12,NULL),('278-C67','RC5-6502','MC',NULL,'OTHERS',NULL,7,50,4,1618281421),('278-C68','RC5-7535',NULL,NULL,'OTHERS',NULL,1,200,1,NULL),('278-C72','RC5-7603','ME','G03-20','OTHERS',NULL,1,75,3,NULL),('278-C73','RC5-7605',NULL,NULL,'OTHERS',NULL,13,75,3,NULL),('278-C74','RC5-7607',NULL,NULL,'OTHERS',NULL,12,75,3,NULL),('278-C76','RC5-7647','MC',NULL,'OTHERS',NULL,14,100,3,1617494929),('278-C77','RC5-7648','ME','C01-03','OTHERS',NULL,1,180,2,NULL),('278-C80','RC5-7844',NULL,NULL,'OTHERS',NULL,10,130,2,NULL),('278-C81','RC5-7877','ME','E02-27','OTHERS',NULL,11,80,3,NULL),('278-C82','RC5-7932','MC',NULL,'OTHERS',NULL,10,50,4,1618042422),('278-C83','RC5-7948',NULL,NULL,'OTHERS',NULL,11,150,2,NULL),('278-C84','RC5-7962',NULL,NULL,'OTHERS',NULL,10,80,3,NULL),('278-C85','RC5-7974',NULL,NULL,'OTHERS',NULL,10,100,3,NULL),('278-C86','RC5-7975',NULL,NULL,'OTHERS',NULL,8,100,3,NULL),('278-C87','RC5-8013',NULL,NULL,'OTHERS',NULL,10,100,3,NULL),('278-C88','RC5-8018',NULL,NULL,'OTHERS',NULL,9,50,4,NULL),('278-C89','RC5-8032',NULL,NULL,'OTHERS',NULL,11,350,12,NULL),('278-C90','RC5-8033',NULL,NULL,'OTHERS',NULL,11,350,12,NULL),('278-C91','RC5-8046','ME','E01-14','OTHERS',NULL,10,100,3,NULL),('278-C94','RU2-0121','ME','B02-09','OTHERS',NULL,9,50,4,NULL),('278-C95','RU2-0134',NULL,NULL,'OTHERS',NULL,9,75,3,NULL),('278-C96','RU2-0137','MC',NULL,'OTHERS',NULL,9,30,4,1618389706),('278-C97','RU2-0138',NULL,NULL,'OTHERS',NULL,10,50,4,NULL),('278-C98','RU2-0139','ME','G03-34','OTHERS',NULL,9,30,4,NULL),('278-C99','RU2-0160','MC',NULL,'OTHERS',NULL,11,50,4,1618493662),('278-D02','RU2-0158','ME','G03-35','OTHERS',NULL,9,50,4,NULL),('278-D03','RC5-7963',NULL,NULL,'OTHERS',NULL,12,280,12,NULL),('278-D05','RL2-4111',NULL,NULL,'OTHERS',NULL,10,200,1,NULL),('278-D05(A)','RL2-4111','ME','D04-09','OTHERS',NULL,1,50,4,NULL),('278-D05(B)','RL2-4111','ME','D04-10','OTHERS',NULL,1,50,4,NULL),('278-D05-A','RL2-4111',NULL,NULL,'OTHERS',NULL,1,200,1,NULL),('278-D05-B','RL2-4111',NULL,NULL,'OTHERS',NULL,1,200,1,NULL),('278-D06(A)','RL2-4112',NULL,NULL,'OTHERS',NULL,11,200,1,NULL),('278-D06(B)','RL2-4112',NULL,NULL,'OTHERS',NULL,11,200,1,NULL),('278-D07','RL2-4113',NULL,NULL,'OTHERS',NULL,1,200,1,NULL),('278-D07-A','RL2-4113-A',NULL,NULL,'OTHERS',NULL,1,200,1,NULL),('278-D07-B','RL2-4113-B',NULL,NULL,'OTHERS',NULL,1,200,1,NULL),('278-D08','RC5-5338',NULL,NULL,'OTHERS',NULL,1,200,1,NULL),('278-D11','RC5-5411','ME','G02-37','OTHERS',NULL,1,50,4,NULL),('278-D12','RC5-5771','ME','D04-60','OTHERS',NULL,5,50,4,NULL),('278-D13','RC5-5876','ME','G02-07','OTHERS',NULL,13,30,4,NULL),('278-D15','RC5-5992',NULL,NULL,'OTHERS',NULL,1,180,2,NULL),('278-D17','RC5-6004','ME','G04-41','OTHERS',NULL,13,30,4,NULL),('278-D18','RC5-6005','ME','F04-48','OTHERS',NULL,11,30,4,NULL),('278-D19','RC5-6041','ME','D02-11','OTHERS',NULL,1,50,4,NULL),('278-D20','RC5-6114','ME','G04-32','OTHERS',NULL,6,30,4,NULL),('278-D21','RC5-6276','ME','F03-58','OTHERS',NULL,13,30,4,NULL),('278-D23','RC5-6294','ME','F03-40','OTHERS',NULL,1,75,3,NULL),('278-D27','RC5-6314','ME','D03-02','OTHERS',NULL,1,75,3,NULL),('278-D28','RC5-6315',NULL,NULL,'OTHERS',NULL,1,180,2,NULL),('278-D32','RC5-6324','ME','D03-25','OTHERS',NULL,1,75,3,NULL),('278-D33','RC5-6329','ME','D01-07','OTHERS',NULL,1,180,2,NULL),('278-D36','RC5-6469',NULL,NULL,'OTHERS',NULL,1,100,3,NULL),('278-D37','RC5-6473','ME','E03-21','OTHERS',NULL,13,30,4,NULL),('278-D40','RC5-6503','ME','G03-28','OTHERS',NULL,1,75,3,NULL),('278-D41','RC5-6637','ME','E03-39','OTHERS',NULL,1,75,3,NULL),('278-D44','RC5-6661','ME','E02-26','OTHERS',NULL,1,150,2,NULL),('278-D46','RC5-6669','ME','C02-09','OTHERS',NULL,1,100,3,NULL),('278-D48','RC5-6703','ME','B03-01','OTHERS',NULL,13,30,4,NULL),('278-D51','RU1-0771','ME','C03-11','OTHERS',NULL,13,50,4,NULL),('278-D52','RU1-0772','ME','D03-07','OTHERS',NULL,1,75,3,NULL),('278-D53','RU1-0773','ME','G04-30','OTHERS',NULL,11,30,4,NULL),('278-D54','RU1-0774','ME','F03-62','OTHERS',NULL,13,30,4,NULL),('278-D55','RU1-0793','ME','D03-10','OTHERS',NULL,1,75,3,NULL),('278-D56','RU1-0794','ME','E03-20','OTHERS',NULL,13,50,4,NULL),('278-D57','RU1-0796','ME','G02-01','OTHERS',NULL,13,50,4,NULL),('278-D58','RU1-0805','ME','E03-40','OTHERS',NULL,11,50,4,NULL),('278-D59','RU1-0808','ME','D04-52','OTHERS',NULL,7,30,4,NULL),('278-D60','RU1-0809','ME','E02-33','OTHERS',NULL,1,150,2,NULL),('278-D61','RU1-0815','ME','F04-51','OTHERS',NULL,7,30,4,NULL),('278-D62','RU1-0846','ME','D02-14','OTHERS',NULL,1,150,2,NULL),('278-D63','RU1-0847',NULL,NULL,'OTHERS',NULL,1,100,3,NULL),('278-D64','RU1-0850','ME','D03-36','OTHERS',NULL,1,75,3,NULL),('278-D65','RU1-0855','ME','H02-09','OTHERS',NULL,13,30,4,NULL),('278-D66','RU1-0874',NULL,NULL,'OTHERS',NULL,13,75,3,NULL),('278-D68','RU1-0876','ME','C01-16','OTHERS',NULL,13,75,3,NULL),('278-D71','RU1-0880','ME','D02-08','OTHERS',NULL,1,150,2,NULL),('278-D73','RU1-0892','ME','H03-06','OTHERS',NULL,1,75,3,NULL),('278-D75','RC5-6518',NULL,NULL,'OTHERS',NULL,5,50,4,NULL),('278-D76','RC5-8276',NULL,NULL,'OTHERS',NULL,10,450,12,NULL),('278-D77','RC5-5595','ME','D01-20','OTHERS',NULL,1,180,2,NULL),('278-D82','RU9-0287',NULL,NULL,'OTHERS',NULL,13,50,4,NULL),('278-D84','RC5-5417','ME','E03-63','OTHERS',NULL,1,75,3,NULL),('278-D85','RC5-6369','ME','E03-24','OTHERS',NULL,1,75,3,NULL),('278-D87','RC5-6655','MC',NULL,'OTHERS',NULL,2,75,3,1617583810),('278-D88','RC5-6711',NULL,NULL,'OTHERS',NULL,1,200,1,NULL),('278-D89','RC5-6713','ME','E02-40','OTHERS',NULL,1,50,4,NULL),('278-D90','RC5-6714','ME','D01-36','OTHERS',NULL,1,50,4,NULL),('278-D93','RC5-6719',NULL,NULL,'OTHERS',NULL,1,200,1,NULL),('278-D95','RC5-6745','ME','B03-38','OTHERS',NULL,13,30,4,NULL),('278-D96','RC5-6746','ME','C02-08','OTHERS',NULL,1,150,2,NULL),('278-D97','RU1-0830','ME','F03-15','OTHERS',NULL,13,30,4,NULL),('278-D99','RC4-3543','ME','C03-46','OTHERS',NULL,1,55,3,NULL),('278-E02','RC4-3762','ME','D01-01','OTHERS',NULL,1,75,3,NULL),('278-E04','RC4-4862',NULL,NULL,'OTHERS',NULL,13,100,3,NULL),('278-E05','RC4-4987','ME','E02-34','OTHERS',NULL,1,50,4,NULL),('278-E06','RC4-5366','ME','E01-17','OTHERS',NULL,1,75,3,NULL),('278-E07','RC4-5588','ME','E04-28','OTHERS',NULL,13,30,4,NULL),('278-E08','RC4-4959','ME','F02-51','OTHERS',NULL,13,60,3,NULL),('278-E17','RC4-2935','ME','E04-33','OTHERS',NULL,13,30,4,NULL),('278-E19','RC4-2978',NULL,NULL,'OTHERS',NULL,1,75,3,NULL),('278-E20','RC4-2979','ME','E01-40','OTHERS',NULL,12,100,3,NULL),('278-E21','RC4-2980',NULL,NULL,'OTHERS',NULL,1,100,3,NULL),('278-E22','RC4-2982','ME','E03-22','OTHERS',NULL,11,30,4,NULL),('278-E23','RC4-2996','ME','E02-29','OTHERS',NULL,13,30,4,NULL),('278-E25','RC4-3010',NULL,NULL,'OTHERS',NULL,1,50,4,NULL),('278-E26','RC4-3031','ME','D03-12','OTHERS',NULL,1,150,2,NULL),('278-E27','RC4-3032','ME','E02-52','OTHERS',NULL,13,50,4,NULL),('278-E28','RC4-3034',NULL,NULL,'OTHERS',NULL,13,50,4,NULL),('278-E30','RC4-3040',NULL,NULL,'OTHERS',NULL,12,100,3,NULL),('278-E32','RC4-3047','ME','D03-15','OTHERS',NULL,1,75,3,NULL),('278-E33','RC4-3073',NULL,NULL,'OTHERS',NULL,13,100,3,NULL),('278-E35','RC4-3076','MC',NULL,'OTHERS',NULL,12,75,3,1618217053),('278-E36','RC4-3081','ME','E03-19','OTHERS',NULL,12,50,4,NULL),('278-E37','RC4-3083',NULL,NULL,'OTHERS',NULL,1,75,3,NULL),('278-E38','RC4-3095','ME','E01-23','OTHERS',NULL,13,100,3,NULL),('278-E39','RC4-3097','ME','E04-29','OTHERS',NULL,13,30,4,NULL),('278-E40','RC4-3143',NULL,NULL,'OTHERS',NULL,12,30,4,NULL),('278-E41','RC4-3145','ME','D02-38','OTHERS',NULL,1,150,2,NULL),('278-E42','RC4-3176','ME','D01-10','OTHERS',NULL,13,75,3,NULL),('278-E46','RC4-3244','DIE',NULL,'OTHERS',NULL,12,30,4,1618495940),('278-E51','RC5-5024','MC',NULL,'OTHERS',NULL,2,50,4,1617667376),('278-E53-A','RL2-0672','ME','F02-53','OTHERS',NULL,1,200,1,NULL),('278-E53-B','RL2-0672','ME','F02-54','OTHERS',NULL,1,200,1,NULL),('278-E56','RU9-0039','ME','E01-21','OTHERS',NULL,13,75,3,NULL),('278-E57','RU9-0040','ME','B01-30','OTHERS',NULL,14,85,1,1618141619),('278-E59','RU9-0079','ME','F03-50','OTHERS',NULL,13,30,3,1618483056),('278-E60','RU9-0080',NULL,NULL,'OTHERS',NULL,1,75,3,NULL),('278-E61','RU9-0081','ME','E02-20','OTHERS',NULL,14,80,2,1618122026),('278-E62','RU9-0082',NULL,NULL,'OTHERS',NULL,13,50,4,NULL),('278-E64','RC4-4323',NULL,NULL,'OTHERS',NULL,1,30,4,NULL),('278-E66','RC4-4336','ME','B01-10','OTHERS',NULL,1,50,4,NULL),('278-E69','RC4-4352','ME','H01-36','OTHERS',NULL,1,180,2,NULL),('278-E70','RC4-4361','ME','G01-06','OTHERS',NULL,1,50,4,NULL),('278-E71','RC4-4363','ME','E02-32','OTHERS',NULL,1,150,2,NULL),('278-E73','RU9-0171','ME','E02-31','OTHERS',NULL,1,150,2,NULL),('278-E74','RU9-0219','ME','E02-48','OTHERS',NULL,1,30,4,NULL),('278-E75','RU9-0221','ME','E02-19','OTHERS',NULL,1,150,2,NULL),('278-E76','RU9-0223',NULL,NULL,'OTHERS',NULL,1,50,4,NULL),('278-E77','RU9-0224','ME','D02-10','OTHERS',NULL,1,150,2,NULL),('278-E78','RU9-0226','ME','F02-56','OTHERS',NULL,1,150,2,NULL),('278-E81','RU9-0230','ME','C01-05','OTHERS',NULL,1,180,2,NULL),('278-E82','RU9-0231','ME','D02-12','OTHERS',NULL,1,150,2,NULL),('278-E83','RU9-0234','ME','C01-09','OTHERS',NULL,1,180,2,NULL),('278-E84','RC4-7972',NULL,NULL,'OTHERS',NULL,13,100,3,NULL),('278-E85','RC5-1966',NULL,NULL,'OTHERS',NULL,13,450,12,NULL),('278-E93','RC4-4195','ME','D03-11','OTHERS',NULL,1,55,3,NULL),('278-E97','RC4-4468',NULL,NULL,'OTHERS',NULL,1,30,4,NULL),('278-E99','RC4-4495',NULL,NULL,'OTHERS',NULL,1,150,2,NULL),('278-F05','RU9-0168',NULL,NULL,'OTHERS',NULL,1,150,2,NULL),('278V-002','RC2-1173',NULL,NULL,'OTHERS',NULL,1,30,4,NULL),('278V-003','RC2-1171',NULL,NULL,'OTHERS',NULL,1,50,4,NULL),('278V-004','RC2-1171',NULL,NULL,'OTHERS',NULL,1,50,4,NULL),('278V-006','RC2-1040',NULL,NULL,'OTHERS',NULL,13,75,3,NULL),('278V-012','RC2-1050','ME','E03-13','OTHERS',NULL,1,50,4,NULL),('278V-014','RC2-1052',NULL,NULL,'OTHERS',NULL,1,50,4,NULL),('278V-026','RC2-1110','ME','D04-61','OTHERS',NULL,7,50,4,NULL),('278V-027','RC2-1150','ME','D04-62','OTHERS',NULL,1,75,3,NULL),('278V-032','RC2-1070','ME','B04-15','OTHERS',NULL,1,100,3,NULL),('278V-033','RC2-1066',NULL,NULL,'OTHERS',NULL,1,50,4,NULL),('278V-034','RC2-1066','ME','E04-09','OTHERS',NULL,1,50,4,NULL),('278V-037','RC2-1371',NULL,NULL,'OTHERS',NULL,1,75,3,NULL),('278V-039','RC2-1425','ME','E03-02','OTHERS',NULL,10,50,4,NULL),('278V-041','RC2-1450',NULL,NULL,'OTHERS',NULL,1,75,3,NULL),('278V-042','RC2-1450','ME','F01-13','OTHERS',NULL,9,75,3,NULL),('278V-044','RC2-1451','ME','F03-36','OTHERS',NULL,6,50,4,NULL),('278V-045','RC2-1452','ME','F03-42','OTHERS',NULL,2,75,3,NULL),('278V-046','RC2-1452',NULL,NULL,'OTHERS',NULL,6,75,3,NULL),('278V-049','RC2-1489','ME','E02-23','OTHERS',NULL,1,100,3,NULL),('278V-053','RU6-0017','ME','B01-31','OTHERS',NULL,1,110,3,NULL),('278V-054','RU6-0017','MC',NULL,'OTHERS',NULL,8,110,1,1618380567),('278V-055','RU6-0018','ME','F01-36','OTHERS',NULL,3,75,3,NULL),('278V-056','RU6-0018',NULL,NULL,'OTHERS',NULL,1,75,3,NULL),('278V-058','RU6-0019',NULL,NULL,'OTHERS',NULL,1,75,3,NULL),('278V-059','RU6-0022',NULL,NULL,'OTHERS',NULL,1,75,3,NULL),('278V-062','RC2-1373','MAINTENANCE',NULL,'OTHERS',NULL,8,50,4,1618533534),('278V-063','RC2-1412',NULL,NULL,'OTHERS',NULL,1,50,4,NULL),('278V-064','RC2-1412',NULL,NULL,'OTHERS',NULL,1,50,4,NULL),('278V-067','RC2-1422','ME','F02-05','OTHERS',NULL,1,50,4,NULL),('278V-068','RC2-1423','ME','F02-32','OTHERS',NULL,3,50,4,NULL),('278V-069','RC2-1424',NULL,NULL,'OTHERS',NULL,1,100,3,NULL),('278V-071','RC2-1426',NULL,NULL,'OTHERS',NULL,1,100,3,NULL),('278V-072','RC2-1426','ME','B04-47','OTHERS',NULL,11,100,4,1618488467),('278V-079','RC1-2498','ME','E02-17','OTHERS',NULL,1,75,3,NULL),('278V-097','RC2-1069','ME','F03-24','OTHERS',NULL,1,50,4,NULL),('278V-098','RC2-1069','ME','C01-13','OTHERS',NULL,1,50,4,NULL),('278V-100','RC2-1531',NULL,NULL,'OTHERS',NULL,1,50,4,NULL),('278V-103','RC2-1061',NULL,NULL,'OTHERS',NULL,1,100,3,NULL),('278V-107','RC2-1041',NULL,NULL,'OTHERS',NULL,1,75,3,NULL),('278V-108','RC2-1042','ME','E03-12','OTHERS',NULL,10,75,3,NULL),('278V-109','RC2-1049',NULL,NULL,'OTHERS',NULL,1,100,3,NULL),('278V-110','RU7-0018','ME','F02-30','OTHERS',NULL,5,50,4,NULL),('278V-111','RU7-0019','ME','F02-23','OTHERS',NULL,1,75,3,NULL),('278V-112','RU7-0020','ME','F04-64','OTHERS',NULL,3,50,4,NULL),('278V-114','RU7-0022','ME','F02-25','OTHERS',NULL,3,75,3,NULL),('278V-115','RU7-0027',NULL,NULL,'OTHERS',NULL,1,50,4,NULL),('278V-116','RC2-8482','ME','E04-15','OTHERS',NULL,7,30,4,NULL),('278V-117','RC2-8556','ME','E04-14','OTHERS',NULL,5,30,4,1618541672),('278V-118','RC2-1171','ME','D04-55','OTHERS',NULL,10,50,4,NULL),('278V-119','RC2-7865','ME','B02-18','OTHERS',NULL,8,50,4,NULL),('278V-120','RC2-8463','ME','F04-35','OTHERS',NULL,7,30,4,NULL),('278V-123','RC2-8555','ME','F03-22','QVBN',NULL,7,50,4,NULL),('278V-124','RC2-8570','ME','F03-17','OTHERS',NULL,4,50,4,NULL),('278V-125','RC2-8571','ME','F01-32','OTHERS',NULL,5,50,4,NULL),('278V-126','RU7-0024','ME','E02-14','OTHERS',NULL,5,50,4,NULL),('278V-127','RU7-0015','MC',NULL,'OTHERS',NULL,6,50,4,1618540186),('278V-128','RU7-0023',NULL,NULL,'OTHERS',NULL,1,75,3,NULL),('278V-129','RU7-0025','ME','F02-20','OTHERS',NULL,4,50,4,NULL),('278V-131','RU6-0956','ME','H01-29','OTHERS',NULL,2,75,3,NULL),('278V-132','RU6-0958','ME','D02-37','OTHERS',NULL,5,50,4,NULL),('278V-133','RC2-7450','ME','E01-48','OTHERS',NULL,1,50,4,NULL),('278V-134','RU6-0955','MC',NULL,'OTHERS',NULL,7,50,1,1618487817),('278V-135','RC2-7782','ME','D03-46','OTHERS',NULL,4,50,4,NULL),('278V-136','RU7-0030','ME','E02-07','OTHERS',NULL,5,50,4,NULL),('278V-137','RU7-0016','ME','E02-03','OTHERS',NULL,6,50,4,NULL),('278V-138','RC2-7879','ME','D01-32','OTHERS',NULL,3,100,3,NULL),('278V-139','RC2-7743',NULL,NULL,'OTHERS',NULL,1,50,4,NULL),('278V-140','RC2-8572','MAINTENANCE',NULL,'OTHERS',NULL,6,75,1,1618141556),('278V-142','RC2-8569','ME','F02-21','OTHERS',NULL,2,75,3,NULL),('278V-143','RC2-7866','MC',NULL,'OTHERS',NULL,8,50,4,1618122387),('278V-144','RC2-8461','ME','E02-09','OTHERS',NULL,4,75,3,NULL),('278V-145','RC2-8567','ME','F01-19','OTHERS',NULL,3,75,3,NULL),('278V-146','RC2-7856',NULL,NULL,'OTHERS',NULL,1,50,4,NULL),('278V-148','RC2-8568',NULL,NULL,'OTHERS',NULL,1,100,3,NULL),('278V-149','RU5-1431','ME','E02-05','OTHERS',NULL,5,75,3,NULL),('278V-150','RC2-1050',NULL,NULL,'OTHERS',NULL,1,50,4,NULL),('278V-151','RC2-1052',NULL,NULL,'OTHERS',NULL,1,50,4,NULL),('278V-152','RC2-7841','ME','E04-10','OTHERS',NULL,7,50,4,NULL),('278V-154','RC2-1070',NULL,NULL,'OTHERS',NULL,12,100,3,NULL),('278V-157','RC2-1422','ME','B02-19','OTHERS',NULL,1,50,4,NULL),('278V-158','RC2-1424','ME','H02-04','OTHERS',NULL,5,100,3,NULL),('278V-165','RC2-1427',NULL,NULL,'OTHERS',NULL,1,85,3,NULL),('278V-166','RC2-1427','MC',NULL,'OTHERS',NULL,8,85,3,1617279179),('278V-171','RC2-1454',NULL,NULL,'OTHERS',NULL,1,75,3,NULL),('278V-172','RC2-1454','ME','F03-31','OTHERS',NULL,8,75,3,NULL),('278V-173','RC2-1489',NULL,NULL,'OTHERS',NULL,1,100,3,NULL),('278V-174','RC2-1489',NULL,NULL,'OTHERS',NULL,1,100,3,NULL),('278V-176','RU6-0017','ME','F02-01','OTHERS',NULL,1,110,3,NULL),('278V-177','RU6-0019','ME','F03-38','OTHERS',NULL,1,75,3,NULL),('278V-178','RC2-7864',NULL,NULL,'OTHERS',NULL,1,50,4,NULL),('278V-179','RU6-0945',NULL,NULL,'OTHERS',NULL,1,85,3,NULL),('278V-180','RC2-1565',NULL,NULL,'OTHERS',NULL,1,50,4,NULL),('278V-181','RB2-6288','ME','F03-19','OTHERS',NULL,1,50,4,NULL),('278V-182','RC2-0336',NULL,NULL,'OTHERS',NULL,1,50,4,NULL),('278V-184','RC2-6146','ME','E02-15','OTHERS',NULL,1,75,3,NULL),('278V-185','RC2-6154','ME','H02-33','OTHERS',NULL,1,75,3,NULL),('278V-186','RU5-0312',NULL,NULL,'OTHERS',NULL,1,50,4,NULL),('278V-187','RU5-0313',NULL,NULL,'OTHERS',NULL,1,20,4,NULL),('278V-188','RU5-0314',NULL,NULL,'OTHERS',NULL,1,20,4,NULL),('278V-189','RU5-0341',NULL,NULL,'OTHERS',NULL,1,20,4,NULL),('278V-190','RU5-0342',NULL,NULL,'OTHERS',NULL,1,20,4,NULL),('278V-192','RU7-0100',NULL,NULL,'OTHERS',NULL,1,50,4,NULL),('278V-196','RC2-9510','ME','H01-16','OTHERS',NULL,7,120,2,NULL),('278V-197','RC2-9515','ME','H01-11','OTHERS',NULL,1,120,2,NULL),('278V-198','RC2-9516','ME','B04-22','OTHERS',NULL,1,120,2,NULL),('278V-199','RC2-9511','ME','H01-10','OTHERS',NULL,6,120,2,NULL),('278V-203','RC2-9473','MC',NULL,'OTHERS',NULL,10,75,3,1618311289),('278V-204','RC2-9506','ME','D01-08','OTHERS',NULL,13,100,1,1617356917),('278V-206','RC2-9416','ME','D04-58','OTHERS',NULL,7,30,4,NULL),('278V-207','RC2-9417',NULL,NULL,'OTHERS',NULL,5,30,4,NULL),('278V-208','RC2-9473',NULL,NULL,'OTHERS',NULL,1,75,3,NULL),('278V-209','RU7-0139','MC',NULL,'OTHERS',NULL,5,75,3,1618041547),('278V-210','RC2-1110',NULL,NULL,'OTHERS',NULL,1,50,4,NULL),('278V-211','RC2-9470',NULL,NULL,'OTHERS',NULL,9,75,1,NULL),('278V-215','RC2-1040','ME','F01-34','OTHERS',NULL,1,75,3,NULL),('278V-216','RC2-1041','MC',NULL,'OTHERS',NULL,13,75,3,1617272808),('278V-217','RC2-1042',NULL,NULL,'OTHERS',NULL,1,75,3,NULL),('278V-218','RC2-1051',NULL,NULL,'OTHERS',NULL,1,50,4,NULL),('278V-221','RC2-1069','ME','G04-01','OTHERS',NULL,13,50,4,NULL),('278V-222','RC2-1110','ME','F03-34','OTHERS',NULL,6,50,4,NULL),('278V-224','RC2-1070','ME','D01-35','OTHERS',NULL,1,100,3,NULL),('278V-225','RC2-1066',NULL,NULL,'OTHERS',NULL,1,50,4,NULL),('278V-226','RC2-1066',NULL,NULL,'OTHERS',NULL,1,50,4,NULL),('278V-227','RC2-1150',NULL,NULL,'OTHERS',NULL,1,75,3,NULL),('278V-229','RC2-1129','ME','E04-17','OTHERS',NULL,12,20,4,NULL),('278V-230','RC3-0521','ME','F04-31','OTHERS',NULL,1,75,3,NULL),('278V-231','RC2-9474',NULL,NULL,'OTHERS',NULL,1,75,3,NULL),('278V-232','RU7-0130','ME','F02-24','OTHERS',NULL,7,50,4,NULL),('278V-233','RC2-9445',NULL,NULL,'OTHERS',NULL,1,40,4,NULL),('278V-234','RC2-1049',NULL,NULL,'OTHERS',NULL,1,100,3,NULL),('278V-235','RC2-1069','ME','G04-02','OTHERS',NULL,1,50,4,NULL),('278V-236','RU6-0019',NULL,NULL,'OTHERS',NULL,6,75,3,NULL),('278V-237','RC2-1173','ME','F04-37','OTHERS',NULL,1,30,4,NULL),('278V-238','RC2-1050',NULL,NULL,'OTHERS',NULL,1,50,4,NULL),('278V-239','RC2-1050',NULL,NULL,'OTHERS',NULL,1,50,4,NULL),('278V-240','RC2-1061',NULL,NULL,'OTHERS',NULL,1,100,3,NULL),('278V-241','RU6-0022','ME','E01-12','OTHERS',NULL,6,75,3,NULL),('278V-243','RU5-0312',NULL,NULL,'OTHERS',NULL,1,50,4,NULL),('278V-245','RC2-6154','ME','D03-43','OTHERS',NULL,1,75,3,NULL),('278V-246','RU7-0379',NULL,NULL,'OTHERS',NULL,1,30,4,NULL),('278V-247','MC2-0869','ME','D04-59','OTHERS',NULL,1,35,4,NULL),('278V-249','RC3-2559','ME','B02-24','OTHERS',NULL,1,100,3,NULL),('278V-251','RC3-1937','ME','E03-15','OTHERS',NULL,4,50,4,NULL),('278V-253','RU7-0100','ME','F02-33','OTHERS',NULL,1,50,4,NULL),('278V-254','RC2-7705','ME','F01-24','OTHERS',NULL,3,100,3,NULL),('278V-255','RC2-7706',NULL,NULL,'OTHERS',NULL,3,100,3,NULL),('278V-256','RC2-8478','ME','E03-04','OTHERS',NULL,3,100,3,NULL),('278V-257','RC2-8538','ME','D04-57','OTHERS',NULL,6,100,3,NULL),('278V-258','RC2-8545','ME','D04-65','OTHERS',NULL,5,100,3,NULL),('278V-259','RC2-9484',NULL,NULL,'OTHERS',NULL,8,75,3,NULL),('278V-260','RC2-9577',NULL,NULL,'OTHERS',NULL,1,100,3,NULL),('278V-261','RC3-1886','ME','F02-43','OTHERS',NULL,5,100,3,NULL),('278V-262','RC3-2448',NULL,NULL,'OTHERS',NULL,1,100,3,NULL),('278V-263','RC3-2448',NULL,NULL,'OTHERS',NULL,1,100,3,NULL),('278V-264','RC2-1057','ME','B04-06','OTHERS',NULL,1,50,4,NULL),('278V-265','RC2-1057','ME','F02-35','OTHERS',NULL,1,50,4,NULL),('278V-266','RC2-1057',NULL,NULL,'OTHERS',NULL,1,50,4,NULL),('278V-267','RC2-1057',NULL,NULL,'OTHERS',NULL,1,50,4,NULL),('278V-268','RC2-1058',NULL,NULL,'OTHERS',NULL,1,50,4,NULL),('278V-269','RC2-1058',NULL,NULL,'SSTN',NULL,1,50,4,NULL),('278V-270','RC2-1058',NULL,NULL,'OTHERS',NULL,1,50,4,NULL),('278V-271','RC2-1058','ME','F03-35','OTHERS',NULL,1,50,4,NULL),('278V-272','RC2-1492','ME','F02-40','OTHERS',NULL,10,100,3,NULL),('278V-273','RC2-1492',NULL,NULL,'OTHERS',NULL,1,100,3,NULL),('278V-274','RC2-1492','ME','D01-13','OTHERS',NULL,1,100,3,NULL),('278V-275','RC3-3485','ME','H01-27','OTHERS',NULL,1,100,3,NULL),('278V-276','RC3-0845','ME','D03-41','OTHERS',NULL,1,100,3,NULL),('278V-278','RC2-9407',NULL,NULL,'OTHERS',NULL,1,100,3,NULL),('278V-279','FC9-9600','ME','E03-09','QVBN',NULL,1,100,3,NULL),('278V-280','MC2-0956','ME','F04-50','OTHERS',NULL,1,50,4,NULL),('278V-281','MC2-0957','ME','F04-55','OTHERS',NULL,1,35,4,NULL),('278V-282','RC2-1042','ME','B02-26','OTHERS',NULL,3,75,3,NULL),('278V-284','MU1-2520',NULL,NULL,'ROSTEK',NULL,1,150,2,NULL),('278V-285','RC2-7667','ME','F03-23','OTHERS',NULL,1,100,3,NULL),('278V-286','RC3-1944','ME','F02-41','OTHERS',NULL,5,100,3,NULL),('278V-287','RC3-1948','ME','E04-11','OTHERS',NULL,5,100,3,NULL),('278V-288','RC2-6121','ME','E04-21','OTHERS',NULL,1,30,4,NULL),('278V-289','RC2-6167','ME','F04-24','OTHERS',NULL,1,30,4,NULL),('278V-290','RC2-6170','ME','E03-10','OTHERS',NULL,1,30,4,NULL),('278V-291','FC9-8347','ME','F04-30','OTHERS',NULL,8,50,4,NULL),('278V-292','FC9-8339','ME','F03-20','OTHERS',NULL,1,100,3,NULL),('278V-293','FC9-8339','MC',NULL,'OTHERS',NULL,8,100,3,1618487378),('278V-294','RC3-2489',NULL,NULL,'OTHERS',NULL,1,100,3,NULL),('278V-297','RU7-0750','ME','G01-34','OTHERS',NULL,7,150,2,NULL),('278V-298','RU7-0752','ME','E01-35','OTHERS',NULL,9,85,3,NULL),('278V-299','RU7-0752','ME','A01-17','OTHERS',NULL,1,85,3,NULL),('278V-300','RC2-1173',NULL,NULL,'OTHERS',NULL,1,30,4,NULL),('278V-301','RC2-1173',NULL,NULL,'OTHERS',NULL,1,30,4,NULL),('278V-303','RC2-1061','ME','D01-26','OTHERS',NULL,13,100,1,1618532976),('278V-304','RC2-1565','ME','F04-42','OTHERS',NULL,6,50,4,NULL),('278V-305','RC2-7864',NULL,NULL,'OTHERS',NULL,5,50,4,NULL),('278V-306','RC2-8489','ME','F04-45','OTHERS',NULL,7,50,4,NULL),('278V-307','RC2-9499','ME','F04-25','OTHERS',NULL,10,50,4,1617667312),('278V-308','RC2-9484','ME','F04-57','OTHERS',NULL,1,75,3,NULL),('278V-309','RC2-1066','ME','F04-33','OTHERS',NULL,12,50,4,NULL),('278V-310','RC3-4651','ME','F04-34','OTHERS',NULL,1,30,4,NULL),('278V-311','RC2-1422','ME','H02-16','OTHERS',NULL,11,50,4,NULL),('278V-313','RC2-1171','ME','F04-41','OTHERS',NULL,1,50,4,NULL),('278V-314','RU7-0030',NULL,NULL,'OTHERS',NULL,1,30,4,NULL),('278V-315','RC3-3895','MC',NULL,'OTHERS',NULL,12,30,4,1618281918),('278V-316/01','RL1-4084','ME','F01-20','OTHERS',NULL,3,200,1,NULL),('278V-316/02','RL1-4084','ME','F01-16','OTHERS',NULL,3,200,1,NULL),('278V-317','RC2-1051','ME','D04-54','OTHERS',NULL,10,50,4,1617840389),('278V-318','RC2-1052',NULL,NULL,'OTHERS',NULL,13,50,4,NULL),('278V-319','RC3-3894','ME','E04-16','OTHERS',NULL,13,20,4,NULL),('278V-321','RC2-1041','ME','E02-01','OTHERS',NULL,1,100,3,NULL),('278V-322','RC2-9506',NULL,NULL,'OTHERS',NULL,13,100,3,NULL),('278V-323','RU7-0139','MC',NULL,'OTHERS',NULL,5,75,3,1618372450),('278V-324','RC2-9407','ME','F02-38','OTHERS',NULL,5,100,3,NULL),('278V-325','RU7-0021','ME','F02-46','OTHERS',NULL,4,50,4,NULL),('278V-326','RC2-9577','MC',NULL,'OTHERS',NULL,9,100,3,1617158636),('278V-327','RU7-0100','ME','E02-13','OTHERS',NULL,1,50,4,NULL),('278V-328','RC2-1049','MC',NULL,'OTHERS',NULL,11,100,3,1618540450),('278V-329','RC2-6154','ME','D02-41','OTHERS',NULL,1,75,3,NULL),('278V-330','RC2-8532','ME','G02-06','OTHERS',NULL,3,75,3,NULL),('278V-331','RC2-9515','ME','B01-05','OTHERS',NULL,1,120,2,NULL),('278V-332','RC2-9516','ME','F01-25','OTHERS',NULL,1,120,2,NULL),('278V-333','RC4-3883','ME','H02-34','ROSTEK',NULL,10,75,3,NULL),('278V-334','RC4-3764','ME','E04-05','OTHERS',NULL,9,20,4,NULL),('278V-335','RC4-3591','ME','F04-46','OTHERS',NULL,1,30,4,NULL),('278V-336','RC4-3606','ME','F04-26','OTHERS',NULL,11,20,4,NULL),('278V-337','RC4-3607','ME','D04-46','OTHERS',NULL,7,20,4,NULL),('278V-338','RC4-3610','ME','D04-49','OTHERS',NULL,1,20,4,NULL),('278V-339','RC4-3611','ME','E04-04','OTHERS',NULL,1,30,4,NULL),('278V-340','RU9-0122',NULL,NULL,'OTHERS',NULL,1,30,4,NULL),('278V-341','RU9-0133','ME','F03-28','OTHERS',NULL,1,30,4,NULL),('278V-342','RU9-0150','ME','F03-18','OTHERS',NULL,12,30,4,NULL),('278V-343','RC4-3879',NULL,NULL,'OTHERS',NULL,1,100,3,NULL),('278V-344','RC4-3881','ME','F02-19','OTHERS',NULL,1,50,4,NULL),('278V-345','RC4-3885','ME','D01-28','OTHERS',NULL,1,75,3,NULL),('278V-346','RC4-3761','ME','E01-08','OTHERS',NULL,1,75,3,NULL),('278V-347','RC4-3762',NULL,NULL,'OTHERS',NULL,1,75,3,NULL),('278V-348','RC4-3586',NULL,NULL,'OTHERS',NULL,1,100,3,NULL),('278V-349','RC4-3587',NULL,NULL,'OTHERS',NULL,1,100,3,NULL),('278V-350','RC4-3589','ME','F03-27','OTHERS',NULL,1,50,4,NULL),('278V-351','RC4-3590','ME','F01-27','OTHERS',NULL,1,30,4,NULL),('278V-352','RC4-3593','ME','F04-27','OTHERS',NULL,1,50,4,NULL),('278V-353','RC4-3595','ME','F03-26','OTHERS',NULL,1,30,4,NULL),('278V-354','RC4-3597',NULL,NULL,'OTHERS',NULL,3,30,4,NULL),('278V-355','RC4-3599','ME','B02-28','OTHERS',NULL,1,30,4,NULL),('278V-356','RC4-3600',NULL,NULL,'OTHERS',NULL,1,180,2,NULL),('278V-358','RC4-3603','ME','F04-44','OTHERS',NULL,13,20,4,NULL),('278V-359','RC4-3604','ME','F03-48','OTHERS',NULL,1,50,4,NULL),('278V-360','RC4-3605','ME','F04-60','OTHERS',NULL,13,20,4,NULL),('278V-361','RC4-3608',NULL,NULL,'OTHERS',NULL,13,30,4,NULL),('278V-362','RC4-3614','ME','E04-06','OTHERS',NULL,1,20,4,NULL),('278V-363','RC4-3616',NULL,NULL,'OTHERS',NULL,1,20,4,NULL),('278V-364','RC4-3646','ME','E02-12','OTHERS',NULL,1,75,3,NULL),('278V-365','RU9-0121','ME','E03-11','OTHERS',NULL,1,50,4,NULL),('278V-366','RC4-6123','ME','F01-21','OTHERS',NULL,1,75,3,NULL),('278V-367','RC4-3789','ME','F01-22','OTHERS',NULL,13,100,3,NULL),('278V-368','RC4-3797','ME','F04-23','OTHERS',NULL,13,30,4,NULL),('278V-369','RC4-3572','ME','F04-54','OTHERS',NULL,1,30,4,NULL),('278V-370','RC4-3573','ME','D03-47','OTHERS',NULL,1,50,4,NULL),('278V-371','RC4-3577','ME','B01-16','OTHERS',NULL,1,50,4,NULL),('278V-372','RC4-3658','ME','B02-22','OTHERS',NULL,1,30,4,NULL),('278V-373','RC4-3751','ME','H02-13','OTHERS',NULL,13,50,4,NULL),('278V-374','RC4-3773','ME','F01-26','OTHERS',NULL,13,110,1,1618121441),('278V-375','RC4-3780','ME','D03-40','OTHERS',NULL,12,30,4,NULL),('278V-376','RC4-3781',NULL,NULL,'OTHERS',NULL,13,75,3,NULL),('278V-377','RC4-3834','ME','H02-05','OTHERS',NULL,13,50,4,NULL),('278V-378','RC4-3835','ME','B02-17','OTHERS',NULL,13,50,4,NULL),('278V-379','RC4-3859','ME','F03-43','OTHERS',NULL,12,30,4,NULL),('278V-380','RC4-3655',NULL,NULL,'OTHERS',NULL,13,110,3,NULL),('278V-381','RC4-3656','ME','F01-18','OTHERS',NULL,13,100,3,NULL),('278V-382','RC4-3592',NULL,NULL,'OTHERS',NULL,1,50,4,NULL),('278V-383','RC2-8568','ME','H01-21','OTHERS',NULL,3,100,3,NULL),('278V-384','RC2-0336',NULL,NULL,'OTHERS',NULL,1,30,4,NULL),('278V-385','RC2-6146','ME','B02-20','OTHERS',NULL,1,75,3,NULL),('278V-386','RC2-9416','ME','E01-11','OTHERS',NULL,1,180,2,NULL),('278V-387','RC2-9417','ME','D03-45','OTHERS',NULL,1,75,3,NULL),('278V-388','RU9-0277','ME','F02-34','OTHERS',NULL,1,75,3,NULL),('278V-390','RC4-4686',NULL,NULL,'OTHERS',NULL,13,100,3,NULL),('278V-391','RC4-4690','ME','F03-32','OTHERS',NULL,13,30,4,NULL),('278V-392','RC4-4695','ME','B02-31','OTHERS',NULL,10,30,4,NULL),('278V-393','RC4-4707','MC',NULL,'OTHERS',NULL,14,30,4,1618041496),('278V-394','RC4-4728','MC',NULL,'OTHERS',NULL,12,30,4,1618041573),('278V-395','RC4-4730','ME','E01-04','OTHERS',NULL,11,30,4,NULL),('278V-396','RC4-4751','ME','B01-22','OTHERS',NULL,13,30,4,NULL),('278V-397','RC4-4754',NULL,NULL,'OTHERS',NULL,13,100,3,NULL),('278V-398','RC4-4820',NULL,NULL,'OTHERS',NULL,12,150,2,NULL),('278V-399','RC4-4862',NULL,NULL,'OTHERS',NULL,10,100,3,NULL),('278V-400','RC4-4882','ME','F02-31','OTHERS',NULL,13,30,2,1617062593),('278V-401','RC4-4883','ME','D04-48','OTHERS',NULL,13,20,4,NULL),('278V-402','RC4-4921','ME','F01-30','OTHERS',NULL,1,80,3,NULL),('278V-403','RC4-4922',NULL,NULL,'OTHERS',NULL,13,110,3,NULL),('278V-404','RC4-4986','ME','D02-36','OTHERS',NULL,12,50,2,1618100878),('278V-405','RC4-4987',NULL,NULL,'OTHERS',NULL,13,50,4,NULL),('278V-406','RC4-5007','ME','D02-40','OTHERS',NULL,11,20,2,1617340142),('278V-407','RC4-5036','ME','E04-13','OTHERS',NULL,13,50,4,1617322488),('278V-408','RC4-5107',NULL,NULL,'OTHERS',NULL,13,75,3,NULL),('278V-409','RC4-5153',NULL,NULL,'OTHERS',NULL,13,75,3,NULL),('278V-410','RC4-5154',NULL,NULL,'OTHERS',NULL,13,75,3,NULL),('278V-411','RC4-5159',NULL,NULL,'OTHERS',NULL,9,30,4,NULL),('278V-412','RC4-5164','ME','D04-51','OTHERS',NULL,8,30,4,NULL),('278V-413','RC4-5165','MC',NULL,'OTHERS',NULL,9,30,4,1618487040),('278V-414','RC4-5167','ME','F04-53','OTHERS',NULL,10,30,4,NULL),('278V-415','RC4-5168','ME','F04-52','OTHERS',NULL,10,30,4,1616766956),('278V-416','RC4-5169','ME','D02-39','OTHERS',NULL,10,30,4,NULL),('278V-417','RC4-5170','ME','F04-58','OTHERS',NULL,12,30,4,1618482612),('278V-418','RC4-5175','ME','D03-34','OTHERS',NULL,10,30,4,NULL),('278V-419','RC4-5176','ME','D03-38','OTHERS',NULL,10,30,4,NULL),('278V-420','RC4-5190',NULL,NULL,'OTHERS',NULL,9,20,4,NULL),('278V-421','RC4-5198','MC',NULL,'OTHERS',NULL,13,30,4,1618486513),('278V-422','RC4-5336','ME','F03-47','OTHERS',NULL,13,30,3,1618533099),('278V-423','RC4-5365',NULL,NULL,'OTHERS',NULL,13,50,4,NULL),('278V-424','RC4-5366','ME','D01-31','OTHERS',NULL,13,75,1,1618059463),('278V-425','RC4-5367','MC',NULL,'OTHERS',NULL,11,30,4,1618483475),('278V-426','RC4-5421','ME','E01-10','OTHERS',NULL,13,50,4,NULL),('278V-428','RC4-5555','ME','H02-37','OTHERS',NULL,13,75,2,1618371202),('278V-429','RC4-5585',NULL,NULL,'OTHERS',NULL,12,30,4,NULL),('278V-430','RC4-5588','ME','D03-39','OTHERS',NULL,9,30,4,NULL),('278V-431','RC4-5603','ME','F01-28','OTHERS',NULL,13,75,1,1618141973),('278V-432','RC4-5608',NULL,NULL,'OTHERS',NULL,13,75,3,NULL),('278V-433','RC4-5616','ME','F01-14','OTHERS',NULL,12,50,4,NULL),('278V-434','RU9-0287',NULL,NULL,'OTHERS',NULL,1,50,4,NULL),('278V-435','RU9-0377',NULL,NULL,'OTHERS',NULL,10,30,4,NULL),('278V-436','RU9-0378','MC',NULL,'OTHERS',NULL,11,30,4,1617522445),('278V-437','RC4-2205','ME','H01-19','OTHERS',NULL,6,100,3,NULL),('278V-438','RC4-2256','ME','F01-17','OTHERS',NULL,5,100,3,NULL),('278V-439','RC2-1191','MC',NULL,'OTHERS',NULL,13,75,3,1617517746),('278V-440','RC4-3543','ME','F04-39','OTHERS',NULL,1,55,3,NULL),('278V-441','RC2-6145','ME','F02-29','OTHERS',NULL,1,75,3,NULL),('278V-442','RC3-1937','ME','E02-16','OTHERS',NULL,1,100,3,NULL),('278V-443','RC4-4766','ME','F04-32','OTHERS',NULL,2,50,4,NULL),('278V-444','RC4-4784','ME','E04-20','OTHERS',NULL,1,50,4,NULL),('278V-445','RC4-5370','MC',NULL,'OTHERS',NULL,9,50,4,1616995825),('278V-446','RC4-5172',NULL,NULL,'OTHERS',NULL,8,30,4,NULL),('278V-447','RC4-5173','ME','E02-08','OTHERS',NULL,10,30,4,NULL),('278V-448','RL2-1065','ME','D02-46','OTHERS',NULL,1,200,1,NULL),('278V-448-1','RL2-1065',NULL,NULL,'OTHERS',NULL,1,200,1,NULL),('278V-448-2','RL2-2255',NULL,NULL,'OTHERS',NULL,1,200,1,NULL),('278V-449','RU9-0287','ME','D02-44','OTHERS',NULL,1,50,4,NULL),('278V-450','RC4-4899','ME','F02-27','OTHERS',NULL,9,30,2,1616972081),('278V-451','RC4-5344','ME','E02-10','OTHERS',NULL,13,50,2,1617062532),('278V-452','RC4-4766','ME','D02-47','OTHERS',NULL,1,50,4,NULL),('278V-453','RC2-9473','ME','E01-07','OTHERS',NULL,1,180,2,NULL),('278V-454','RC2-9474','MC',NULL,'OTHERS',NULL,8,75,3,1618314141),('278V-455','RC4-3940','ME','B01-15','OTHERS',NULL,1,100,3,NULL),('278V-456','RC4-3940',NULL,NULL,'OTHERS',NULL,12,100,3,NULL),('278V-457','RC4-7762','ME','H04-40','OTHERS',NULL,12,30,4,NULL),('278V-458','RC4-7790','MC',NULL,'OTHERS',NULL,13,30,4,1617932834),('278V-459','RC4-7791',NULL,NULL,'OTHERS',NULL,13,30,4,NULL),('278V-460','RC4-7877','ME','H03-30','OTHERS',NULL,13,30,4,NULL),('278V-461','RC4-7890',NULL,NULL,'OTHERS',NULL,12,30,3,NULL),('278V-462','RC4-7901',NULL,NULL,'OTHERS',NULL,12,120,2,NULL),('278V-463','RC4-7930','ME','C01-07','OTHERS',NULL,1,120,2,NULL),('278V-464','RC4-7931','ME','G01-01','OTHERS',NULL,1,120,2,NULL),('278V-465','RC4-7990',NULL,NULL,'OTHERS',NULL,13,150,2,NULL),('278V-466','RC4-8031',NULL,NULL,'OTHERS',NULL,13,75,3,NULL),('278V-467','RC5-0051',NULL,NULL,'OTHERS',NULL,1,120,2,NULL),('278V-468','RU9-0714','ME','H03-29','OTHERS',NULL,13,50,4,NULL),('278V-469','RU9-0689','ME','H03-32','OTHERS',NULL,12,50,3,1616804072),('278V-470','RU9-0704','ME','F01-31','OTHERS',NULL,1,85,3,NULL),('278V-471-1','RU9-0709','ME','H04-41','OTHERS',NULL,1,50,4,NULL),('278V-471-2','RU9-0709','ME','H04-44','OTHERS',NULL,1,50,4,NULL),('278V-472','RU9-0710','ME','E01-05','OTHERS',NULL,11,50,4,NULL),('278V-473','RU9-0750','ME','H04-30','OTHERS',NULL,13,50,4,NULL),('278V-474','RU9-0751','ME','H04-38','OTHERS',NULL,14,50,4,1618013424),('278V-475','RU9-0752','ME','F02-48','OTHERS',NULL,12,50,4,NULL),('278V-476','RU9-0753','ME','F01-40','OTHERS',NULL,13,50,4,NULL),('278V-477','RC2-7743','MC',NULL,'OTHERS',NULL,4,50,4,1617244023),('278V-478','RU6-0945','ME','D02-33','OTHERS',NULL,6,85,3,NULL),('278V-479','RC4-8114',NULL,NULL,'OTHERS',NULL,13,100,3,NULL),('278V-480','RC5-0441',NULL,NULL,'OTHERS',NULL,13,30,4,NULL),('278V-481','RC5-0442','ME','G02-29','OTHERS',NULL,5,50,4,NULL),('278V-482','RC5-0495','ME','H03-27','OTHERS',NULL,1,50,4,NULL),('278V-483','MC2-1667',NULL,NULL,'OTHERS',NULL,1,150,2,NULL),('278V-484','MC2-1668',NULL,NULL,'OTHERS',NULL,5,180,2,NULL),('278V-485','MC2-1684','ME','B04-01','OTHERS',NULL,2,75,3,NULL),('278V-486','MC2-1685','ME','H01-14','OTHERS',NULL,1,75,3,NULL),('278V-489 ( 1)','ML1-1058',NULL,NULL,'OTHERS',NULL,6,200,1,NULL),('278V-489 ( 2)','ML1-1058',NULL,NULL,'OTHERS',NULL,6,200,1,NULL),('278V-490','MU1-0231','ME','E04-68','OTHERS',NULL,12,55,3,NULL),('278V-491','MU1-0467','ME','E04-82','OTHERS',NULL,13,55,3,NULL),('278V-492','MU1-0469','ME','B01-17','OTHERS',NULL,13,75,3,NULL),('278V-493','MU1-0470','ME','E01-41','OTHERS',NULL,1,75,3,NULL),('278V-494','MU1-0473','ME','E04-69','OTHERS',NULL,10,55,4,1617582939),('278V-495(1)','ML1-1054',NULL,NULL,'OTHERS',NULL,1,200,1,NULL),('278V-495(2)','ML1-1055',NULL,NULL,'OTHERS',NULL,1,200,1,NULL),('278V-496','RU1-0422','ME','D04-23','OTHERS',NULL,12,30,4,1618533692),('278V-497','RC5-1967',NULL,NULL,'OTHERS',NULL,13,75,3,NULL),('278V-498','FE8-3124','ME','E04-86','OTHERS',NULL,1,30,4,NULL),('278V-499','FE8-3125','ME','E02-57','OTHERS',NULL,1,30,4,NULL),('278V-500','RC5-1968','ME','G01-20','OTHERS',NULL,13,75,1,1618058498),('278V-501','RC4-7826','ME','B02-44','OTHERS',NULL,1,30,4,NULL),('278V-502','RC5-1972','ME','F01-46','OTHERS',NULL,13,50,4,NULL),('278V-503','RC5-1976',NULL,NULL,'OTHERS',NULL,13,100,3,NULL),('278V-504','RC5-1988',NULL,NULL,'OTHERS',NULL,13,100,3,NULL),('278V-505','RC5-1992','ME','E03-60','OTHERS',NULL,13,30,4,NULL),('278V-506','RC5-1994','ME','F04-29','OTHERS',NULL,13,30,4,1616977839),('278V-507','RC5-1995','ME','B03-36','OTHERS',NULL,11,30,4,NULL),('278V-508','RC5-3017',NULL,NULL,'OTHERS',NULL,13,150,2,NULL),('278V-509','RC5-3018','ME','G02-02','OTHERS',NULL,13,50,4,NULL),('278V-510','RC5-3024','ME','H01-20','OTHERS',NULL,13,50,4,NULL),('278V-511','RC5-3025','ME','E03-51','OTHERS',NULL,11,30,3,1618100171),('278V-512','RU1-0384','ME','B04-66','OTHERS',NULL,14,30,4,1617669609),('278V-513','RU1-0400','ME','E03-14','OTHERS',NULL,13,50,4,NULL),('278V-514','RU1-0417','ME','B04-55','OTHERS',NULL,13,50,4,NULL),('278V-515','RC4-7826','ME','D02-28','OTHERS',NULL,12,30,2,1617057213),('278V-516','RC4-7827',NULL,NULL,'OTHERS',NULL,13,100,3,NULL),('278V-517','RC4-7827','ME','C01-15','OTHERS',NULL,1,100,3,NULL),('278V-518','RC4-7930',NULL,NULL,'OTHERS',NULL,3,120,2,NULL),('278V-519','RC4-7930','ME','D01-24','OTHERS',NULL,10,120,2,NULL),('278V-520','RC4-7931','ME','C01-11','OTHERS',NULL,13,120,2,NULL),('278V-521','RC4-7931','ME','D01-16','OTHERS',NULL,1,120,2,NULL),('278V-522','RC5-0051',NULL,NULL,'OTHERS',NULL,1,120,2,NULL),('278V-523','RC2-1070',NULL,NULL,'OTHERS',NULL,1,200,1,NULL),('278V-524','RC5-0051',NULL,NULL,'OTHERS',NULL,1,200,1,NULL),('278V-525','RC5-0051',NULL,NULL,'OTHERS',NULL,1,200,1,NULL),('278V-526','RC5-0441','ME','E03-05','OTHERS',NULL,1,30,4,NULL),('278V-527','RC5-0442','MC',NULL,'OTHERS',NULL,10,50,4,1617244047),('278V-528','RU9-0704','ME','H04-25','OTHERS',NULL,1,85,3,NULL),('278V-529','RU9-0704','MC',NULL,'OTHERS',NULL,14,85,3,1617417290),('278V-530','RU9-0709','MC',NULL,'OTHERS',NULL,14,50,4,1617445219),('278V-531','RU9-0710',NULL,NULL,'OTHERS',NULL,5,50,4,NULL),('278V-532','RU9-0714','ME','H03-19','OTHERS',NULL,1,50,4,NULL),('278V-533','MC2-1667',NULL,NULL,'OTHERS',NULL,1,150,2,NULL),('278V-534','MC2-1667',NULL,NULL,'OTHERS',NULL,4,150,2,NULL),('278V-535','MC2-1667',NULL,NULL,'OTHERS',NULL,10,150,2,NULL),('278V-536(1)','ML1-1054',NULL,NULL,'OTHERS',NULL,7,200,1,NULL),('278V-536(2)','ML1-1055',NULL,NULL,'OTHERS',NULL,12,200,1,NULL),('278V-537/1','ML1-1053','ME','G01-14','OTHERS',NULL,1,200,1,NULL),('278V-537/2','ML1-1053','ME','G01-13','OTHERS',NULL,1,200,1,NULL),('278V-538','RU1-0403',NULL,NULL,'OTHERS',NULL,10,50,4,NULL),('278V-539','RU1-0404',NULL,NULL,'OTHERS',NULL,13,50,4,NULL),('278V-540','MC2-1668',NULL,NULL,'OTHERS',NULL,2,180,2,NULL),('278V-541','MC2-1668',NULL,NULL,'OTHERS',NULL,9,180,2,NULL),('278V-542(1+2)','ML1-1053',NULL,NULL,'OTHERS',NULL,13,200,1,NULL),('278V-543','FE8-3114','ME','A01-33','OTHERS',NULL,1,150,2,NULL),('278V-544','RC4-3761','ME','G01-15','OTHERS',NULL,12,75,3,NULL),('278V-545','RC5-4146','ME','B02-06','OTHERS',NULL,13,75,3,NULL),('278V-546','RC5-4147',NULL,NULL,'OTHERS',NULL,13,75,3,NULL),('278V-547','RC5-4148','MC',NULL,'OTHERS',NULL,13,30,4,1618041439),('278V-548','RC5-4211','ME','H01-15','OTHERS',NULL,13,50,4,NULL),('278V-549','RC5-4212','ME','D02-22','OTHERS',NULL,12,50,4,NULL),('278V-550','RC5-4220','ME','E02-62','OTHERS',NULL,13,50,2,1618101176),('278V-551','RC5-4229','MAINTENANCE',NULL,'OTHERS',NULL,14,80,3,1618122765),('278V-552','RC5-4257','MC',NULL,'OTHERS',NULL,13,100,3,1618281623),('278V-553','RC5-4258',NULL,NULL,'OTHERS',NULL,13,150,2,NULL),('278V-554','RC5-4259',NULL,NULL,'OTHERS',NULL,13,120,2,NULL),('278V-555','RC5-4274',NULL,NULL,'OTHERS',NULL,12,100,3,NULL),('278V-556','RC5-4293','ME','B03-40','OTHERS',NULL,1,30,4,NULL),('278V-557','RU1-0678','ME','B04-60','OTHERS',NULL,13,30,4,NULL),('278V-558','RU1-0679',NULL,NULL,'OTHERS',NULL,13,30,4,NULL),('278V-559','RU1-0689',NULL,NULL,'OTHERS',NULL,13,85,3,NULL),('278V-560','RC5-4193',NULL,NULL,'OTHERS',NULL,4,450,12,NULL),('278V-561','RC5-4256','ME','B02-05','OTHERS',NULL,12,50,2,1617495522),('278V-562','RC5-4264','ME','E04-56','OTHERS',NULL,13,30,4,1616971950),('278V-563','RC5-4265','ME','C02-10','OTHERS',NULL,13,50,2,1617268431),('278V-564','RU1-0681',NULL,NULL,'OTHERS',NULL,13,50,4,NULL),('278V-565','RU1-0682',NULL,NULL,'OTHERS',NULL,13,55,3,NULL),('278V-566','RU1-0683',NULL,NULL,'OTHERS',NULL,13,50,4,NULL),('278V-567','RU1-0684','ME','B04-58','OTHERS',NULL,12,50,4,NULL),('278V-568','RU1-0685',NULL,NULL,'OTHERS',NULL,13,50,4,NULL),('278V-569','RU1-0703','ME','B04-03','OTHERS',NULL,13,30,4,NULL),('284V-001','008E98370','ME','B04-37','ROSTEK',NULL,1,50,4,NULL),('284V-002','807E44100','ME','H04-08','ROSTEK',NULL,1,20,4,NULL),('284V-003','807E44110','ME','C04-28','ROSTEK',NULL,1,50,4,NULL),('284V-004','807E44270','ME','H04-04','ROSTEK',NULL,1,50,4,NULL),('284V-005','807E44290','ME','B01-23','ROSTEK',NULL,1,75,3,NULL),('284V-006','807E44300','ME','B01-20','ROSTEK',NULL,1,85,3,NULL),('284V-007','807E44240','ME','B04-33','ROSTEK',NULL,1,50,4,NULL),('284V-008','807E44080','ME','H04-57','ROSTEK',NULL,1,50,4,NULL),('284V-009','807E44370','ME','C04-39','ROSTEK',NULL,1,50,4,NULL),('284V-010','807E44090','ME','H04-63','ROSTEK',NULL,1,50,4,NULL),('284V-011','807E44380','ME','H04-58','ROSTEK',NULL,1,50,4,NULL),('284V-012','807E44330','ME','H04-51','ROSTEK',NULL,1,50,4,NULL),('284V-013','807E38850','ME','H04-60','ROSTEK',NULL,2,50,4,NULL),('284V-014','807E38861','ME','H03-45','ROSTEK',NULL,1,50,4,NULL),('284V-015','807E24980','ME','B04-34','ROSTEK',NULL,2,50,4,NULL),('284V-016','807E38470','ME','H03-23','ROSTEK',NULL,6,50,3,1617441665),('284V-017','807E38810','ME','H04-62','ROSTEK',NULL,4,50,4,NULL),('284V-018','807E38820','ME','H04-53','ROSTEK',NULL,1,50,4,NULL),('284V-019','807E39160','ME','H04-56','ROSTEK',NULL,1,50,4,NULL),('284V-020','005E94672','ME','H03-40','ROSTEK',NULL,9,30,4,NULL),('284V-021','011E28501',NULL,NULL,'ROSTEK',NULL,1,20,4,NULL),('284V-022','012E19252','MC',NULL,'ROSTEK',NULL,2,20,4,1618316026),('284V-023','012E19340','ME','H04-47','ROSTEK',NULL,1,30,4,NULL),('284V-024','013E45421','ME','B04-39','ROSTEK',NULL,6,30,4,NULL),('284V-025','013E45430','ME','H04-21','ROSTEK',NULL,9,30,4,NULL),('284V-026','013E45471','ME','B03-29','ROSTEK',NULL,8,30,4,NULL),('284V-027','013E45511','ME','B04-42','ROSTEK',NULL,10,30,4,NULL),('284V-028','013E45920',NULL,NULL,'ROSTEK',NULL,11,30,4,NULL),('284V-029','038E46432',NULL,NULL,'ROSTEK',NULL,1,180,2,NULL),('284V-030','038E46451','ME','B01-24','ROSTEK',NULL,1,110,3,NULL),('284V-031','050E31252','ME','C04-46','ROSTEK',NULL,1,30,4,NULL),('284V-032','055E64802','ME','H02-44','ROSTEK',NULL,1,30,4,NULL),('284V-033','120E35750','ME','B04-23','ROSTEK',NULL,1,20,4,NULL),('284V-034','803E24470',NULL,NULL,'ROSTEK',NULL,3,30,4,NULL),('284V-035','803E23281','ME','H04-52','ROSTEK',NULL,2,30,4,1618491390),('284V-036','803E23360/803E24131/803E24141/803E30830',NULL,NULL,'ROSTEK',NULL,1,180,2,NULL),('284V-037','803E23391','ME','B04-41','ROSTEK',NULL,3,30,4,NULL),('284V-038','803E23401','ME','H04-19','ROSTEK',NULL,3,30,4,NULL),('284V-039','803E23973','ME','B04-45','ROSTEK',NULL,6,30,4,NULL),('284V-040','819E00822','ME','H03-11','ROSTEK',NULL,5,50,4,NULL),('284V-041','819E00850','ME','H03-05','ROSTEK',NULL,13,75,3,NULL),('284V-042','819E01000','ME','H03-01','ROSTEK',NULL,1,20,4,NULL),('284V-043','819E01081','ME','H04-20','ROSTEK',NULL,1,30,4,NULL),('284V-044','819E01152','ME','G03-41','ROSTEK',NULL,1,30,4,NULL),('284V-045','822E17810','ME','B03-28','ROSTEK',NULL,1,80,3,NULL),('284V-046','822E17911','ME','H03-03','ROSTEK',NULL,11,150,2,NULL),('284V-047','822E19920','ME','B04-46','ROSTEK',NULL,12,30,4,NULL),('284V-048','005E94630','ME','B04-38','ROSTEK',NULL,6,110,3,NULL),('284V-049','005E94690','ME','B03-24','ROSTEK',NULL,1,30,4,NULL),('284V-050','011E28523','MC',NULL,'ROSTEK',NULL,10,50,4,1617261862),('284V-051','011E28531','ME','B03-27','ROSTEK',NULL,7,50,4,NULL),('284V-052','011E28541','ME','H02-38','ROSTEK',NULL,1,75,3,NULL),('284V-053','011E28551',NULL,NULL,'ROSTEK',NULL,1,75,3,NULL),('284V-054','011E28560',NULL,NULL,'ROSTEK',NULL,1,30,4,NULL),('284V-055','012E19262','ME','H03-13','ROSTEK',NULL,1,20,4,NULL),('284V-056','013E45451','ME','B04-27','ROSTEK',NULL,9,30,4,NULL),('284V-057','013E45460','ME','H03-09','ROSTEK',NULL,6,30,4,NULL),('284V-058','031E12280',NULL,NULL,'ROSTEK',NULL,1,30,4,NULL),('284V-059','032E45210','ME','G01-12','ROSTEK',NULL,1,150,2,NULL),('284V-060','032E45230','ME','B03-25','ROSTEK',NULL,2,150,3,1618531867),('284V-061','052E50140','MC',NULL,'ROSTEK',NULL,2,50,4,1618040842),('284V-062','052E50153',NULL,NULL,'ROSTEK',NULL,4,150,2,NULL),('284V-063','052E50162','ME','H04-42','ROSTEK',NULL,7,150,2,NULL),('284V-064','052E50171',NULL,NULL,'ROSTEK',NULL,7,150,2,NULL),('284V-065','052E50181',NULL,NULL,'ROSTEK',NULL,9,150,2,NULL),('284V-066','052E50191',NULL,NULL,'ROSTEK',NULL,9,150,2,NULL),('284V-067','052E50210',NULL,NULL,'ROSTEK',NULL,1,100,3,NULL),('284V-068','052E50220','ME','H04-36','ROSTEK',NULL,1,110,4,1617581835),('284V-069','052E50230','ME','G01-16','ROSTEK',NULL,1,110,3,NULL),('284V-070','055E64810','ME','H04-46','ROSTEK',NULL,1,20,4,NULL),('284V-071','059E10231','ME','B03-19','ROSTEK',NULL,10,30,4,NULL),('284V-072','059E10411','MC',NULL,'ROSTEK',NULL,4,30,4,1618040820),('284V-073','120E35501','ME','H03-33','ROSTEK',NULL,1,30,4,NULL),('284V-074','120E35530','MC',NULL,'ROSTEK',NULL,11,75,3,1617324446),('284V-075','120E35551','ME','H03-46','ROSTEK',NULL,1,75,3,NULL),('284V-076','120E35691','ME','H03-12','ROSTEK',NULL,2,30,4,NULL),('284V-077','120E35721','ME','H03-36','ROSTEK',NULL,1,50,4,NULL),('284V-078','807E48561','ME','H04-45','ROSTEK',NULL,9,50,4,NULL),('284V-079','807E48571','ME','H04-10','ROSTEK',NULL,10,50,4,NULL),('284V-080','807E48641','ME','H04-09','ROSTEK',NULL,8,50,4,NULL),('284V-081','807E48651','ME','B04-40','ROSTEK',NULL,10,50,4,NULL),('284V-082','807E48661',NULL,NULL,'ROSTEK',NULL,8,50,4,NULL),('284V-083','807E49522','ME','H03-34','ROSTEK',NULL,3,50,4,NULL),('284V-084','807E49532/20401-001560A000','ME','H03-10','ROSTEK',NULL,1,75,3,NULL),('284V-085','807E49851','ME','B03-32','ROSTEK',NULL,1,50,4,NULL),('284V-086','807E50081',NULL,NULL,'ROSTEK',NULL,11,50,4,NULL),('284V-087','807E50131',NULL,NULL,'ROSTEK',NULL,9,50,4,NULL),('284V-088','807E50141',NULL,NULL,'ROSTEK',NULL,1,55,3,NULL),('284V-089','807E50151','ME','C04-41','ROSTEK',NULL,9,50,4,NULL),('284V-090','807E50191','MC',NULL,'ROSTEK',NULL,9,50,4,1618035519),('284V-091','807E50200','ME','H04-15','ROSTEK',NULL,8,50,4,NULL),('284V-092','807E50210','ME','H04-13','ROSTEK',NULL,10,50,4,NULL),('284V-093','807E50220','ME','H03-47','ROSTEK',NULL,11,50,4,NULL),('284V-094','807E50230','ME','B04-35','ROSTEK',NULL,10,50,4,NULL),('284V-095','807E50260','ME','H03-44','ROSTEK',NULL,13,50,3,1618058598),('284V-096','807E50270','ME','H04-22','ROSTEK',NULL,10,30,4,NULL),('284V-097','807E50280','ME','H04-03','ROSTEK',NULL,8,50,4,NULL),('284V-098','807E50320','ME','H04-01','ROSTEK',NULL,7,50,4,NULL),('284V-099','807E50330','ME','H04-64','ROSTEK',NULL,8,50,4,NULL),('284V-100','807E51140','ME','H04-59','ROSTEK',NULL,11,50,4,NULL),('284V-101','815E92771','ME','C01-12','ROSTEK',NULL,6,75,3,NULL),('284V-102','819E00951','ME','H03-43','ROSTEK',NULL,8,30,4,NULL),('284V-103','819E01071','ME','H01-28','ROSTEK',NULL,1,75,3,NULL),('284V-104','822E19101','ME','B04-25','ROSTEK',NULL,1,50,4,NULL),('284V-105','869E12441','MC',NULL,'ROSTEK',NULL,4,50,4,1618489769),('284V-106','059E12571','ME','B04-24','ROSTEK',NULL,12,30,4,NULL),('284V-107','013E45772','ME','H03-37','ROSTEK',NULL,7,55,3,NULL),('284V-108','014E73261','ME','H03-35','ROSTEK',NULL,7,30,3,1616803887),('284V-109','059E10251','ME','B04-30','ROSTEK',NULL,13,30,4,NULL),('284V-110','806E47071','ME','H03-42','ROSTEK',NULL,8,35,4,NULL),('284V-111','807E48541','ME','H04-18','ROSTEK',NULL,8,55,3,NULL),('284V-112','807E48551','ME','B03-30','ROSTEK',NULL,10,55,3,NULL),('284V-113','807E48591','ME','B04-36','ROSTEK',NULL,9,55,3,NULL),('284V-114','807E48621','ME','H04-14','ROSTEK',NULL,8,55,3,NULL),('284V-115','807E48690','ME','H03-41','ROSTEK',NULL,9,50,4,NULL),('284V-116','807E49791','ME','G02-28','ROSTEK',NULL,1,55,3,NULL),('284V-117','807E50021','MC',NULL,'ROSTEK',NULL,9,75,3,1618310392),('284V-118','807E50031','MC',NULL,'ROSTEK',NULL,2,55,3,1617256206),('284V-119','807E50041','ME','B04-44','ROSTEK',NULL,1,85,3,NULL),('284V-120','807E50051','ME','H04-55','ROSTEK',NULL,1,85,3,NULL),('284V-121','807E50061','ME','B04-31','ROSTEK',NULL,10,50,4,NULL),('284V-122','807E50071','ME','H04-43','ROSTEK',NULL,7,75,4,1616891621),('284V-123','807E50101','ME','B03-21','QVBN',NULL,7,75,3,NULL),('284V-124','807E50121',NULL,NULL,'ROSTEK',NULL,8,50,4,NULL),('284V-125','807E50161','ME','H04-49','ROSTEK',NULL,1,85,3,NULL),('284V-126','807E50171',NULL,NULL,'ROSTEK',NULL,6,50,4,NULL),('284V-127','807E50601',NULL,NULL,'ROSTEK',NULL,9,55,3,NULL),('284V-128','807E51041','ME','H04-11','ROSTEK',NULL,9,50,4,NULL),('284V-129','005E37360',NULL,NULL,'ROSTEK',NULL,9,50,4,NULL),('284V-130','819E00810','ME','H03-14','ROSTEK',NULL,2,75,3,1617928733),('284V-131','020E50810','ME','H03-16','ROSTEK',NULL,1,50,4,NULL),('284V-132','005E36560','ME','H04-17','ROSTEK',NULL,2,30,4,NULL),('284V-133','807E42140','ME','B03-31','ROSTEK',NULL,11,30,4,NULL),('284V-134','807E53500','MC',NULL,'ROSTEK',NULL,9,50,3,1617581295),('284V-135','055E65190','ME','H03-39','ROSTEK',NULL,12,50,3,1618058841),('284V-136','011E29090','ME','B04-43','ROSTEK',NULL,7,30,4,NULL),('284V-137','101E26680 / 101E27130','ME','H04-07','ROSTEK',NULL,1,50,4,NULL),('284V-139','822E34310','ME','H02-32','ROSTEK',NULL,8,50,4,NULL),('284V-140','012E19090','ME','D03-27','ROSTEK',NULL,5,30,4,NULL),('284V-141','011E29140','ME','B03-17','ROSTEK',NULL,8,50,4,NULL),('284V-142','019E89460','MC',NULL,'ROSTEK',NULL,11,30,4,1618389575),('284V-143','120E29430','ME','F04-17','ROSTEK',NULL,7,35,4,NULL),('284V-144','822E08460','MC',NULL,'ROSTEK',NULL,6,50,4,1618541073),('284V-145','848E10120','ME','F04-09','ROSTEK',NULL,8,75,3,NULL),('284V-146','059E04010','ME','F04-16','ROSTEK',NULL,10,30,4,NULL),('284V-147','020E45140','MC',NULL,'ROSTEK',NULL,13,30,4,1617494571),('284V-148','011E20381',NULL,NULL,'ROSTEK',NULL,9,30,4,NULL),('284V-149','807E45221','ME','C04-12','ROSTEK',NULL,8,30,4,NULL),('284V-150','807E45231','ME','C04-07','ROSTEK',NULL,11,30,4,NULL),('284V-151','807E45241','ME','A04-32','ROSTEK',NULL,10,30,4,NULL),('284V-152','807E45251','ME','C04-15','ROSTEK',NULL,9,50,4,NULL),('284V-153','807E45582','ME','D02-23','ROSTEK',NULL,8,55,3,NULL),('284V-154','807E45570',NULL,NULL,'ROSTEK',NULL,7,30,4,NULL),('284V-155','807E45490','ME','A04-27','ROSTEK',NULL,6,30,4,NULL),('284V-156','807E45460','ME','F04-12','ROSTEK',NULL,6,30,4,NULL),('284V-157','807E45540','ME','B04-07','ROSTEK',NULL,7,50,4,NULL),('284V-158','807E45510','ME','G02-21','ROSTEK',NULL,9,50,4,NULL),('284V-159','807E45530','ME','G02-16','ROSTEK',NULL,7,50,4,NULL),('284V-160','807E45441','ME','F04-10','ROSTEK',NULL,6,30,4,NULL),('284V-161','807E47560','MC',NULL,'ROSTEK',NULL,6,30,4,1617323384),('284V-162','807E45610','ME','E04-51','ROSTEK',NULL,10,30,4,NULL),('284V-163','807E58500',NULL,NULL,'ROSTEK',NULL,12,50,4,NULL),('284V-164','819E01161','ME','F04-02','ROSTEK',NULL,1,30,4,NULL),('284V-165','120E35490','MC',NULL,'ROSTEK',NULL,7,30,4,1617511220),('284V-166','012E19210','ME','A04-37','ROSTEK',NULL,13,30,4,1618013700),('284V-167','869E14090',NULL,NULL,'ROSTEK',NULL,1,100,3,NULL),('284V-168','807E48280','ME','H02-47','ROSTEK',NULL,8,30,4,NULL),('284V-169','807E48210','ME','H02-41','ROSTEK',NULL,7,30,4,NULL),('284V-170','807E48060','MC',NULL,'ROSTEK',NULL,9,30,4,1618489111),('284V-171','807E50730','ME','H03-02','ROSTEK',NULL,4,50,4,NULL),('284V-172','803E28180','MC',NULL,'ROSTEK',NULL,12,30,3,1618310039),('284V-173','807E48340','ME','H03-22','ROSTEK',NULL,5,50,4,NULL),('284V-174','052E49880','ME','G02-45','ROSTEK',NULL,8,50,4,NULL),('284V-175','055E64470','ME','A04-43','ROSTEK',NULL,7,30,4,NULL),('284V-176','869E12830',NULL,NULL,'ROSTEK',NULL,10,50,4,NULL),('284V-177','055E64631','ME','H03-17','ROSTEK',NULL,5,50,4,NULL),('284V-178','055E64602','MC',NULL,'ROSTEK',NULL,10,30,4,1617272380),('284V-179','029E53940','ME','A04-29','ROSTEK',NULL,10,35,4,NULL),('284V-180','059E10150','ME','E03-49','ROSTEK',NULL,5,30,4,NULL),('284V-181','803E23091','ME','C04-36','ROSTEK',NULL,1,30,4,NULL),('284V-182','803E23131','ME','B03-33','ROSTEK',NULL,1,50,4,NULL),('284V-183','822E16250',NULL,NULL,'ROSTEK',NULL,8,50,4,NULL),('284V-184','005E94840','MC',NULL,'ROSTEK',NULL,8,30,4,1617278936),('284V-185','005E94850',NULL,NULL,'ROSTEK',NULL,1,30,4,NULL),('284V-186','819E00550','ME','C04-25','ROSTEK',NULL,2,30,4,NULL),('284V-187','013E46181','MC',NULL,'ROSTEK',NULL,6,30,4,1617512048),('284V-188','013E46191','MC',NULL,'ROSTEK',NULL,11,30,4,1618059813),('284V-189','005E37150','ME','F04-04','ROSTEK',NULL,6,30,4,NULL),('284V-190','008E98600','ME','C04-08','ROSTEK',NULL,6,30,4,NULL),('284V-191','819E01091','MC',NULL,'ROSTEK',NULL,2,55,3,1618042401),('284V-192','819E01350','ME','H04-23','ROSTEK',NULL,7,50,4,NULL),('284V-193','005E94730','ME','H04-27','ROSTEK',NULL,2,30,4,NULL),('284V-194','822E21070','ME','E04-80','ROSTEK',NULL,5,30,4,NULL),('284V-195','012E19420',NULL,NULL,'ROSTEK',NULL,9,30,4,NULL),('284V-196','806E45862','ME','A04-36','ROSTEK',NULL,11,30,4,NULL),('284V-197','016E21810','ME','F04-05','ROSTEK',NULL,7,30,4,NULL),('284V-198','016E21820','ME','E03-54','ROSTEK',NULL,8,30,4,NULL),('284V-199','013E45360','ME','F04-11','ROSTEK',NULL,3,30,4,NULL),('284V-200','013E45371','ME','H04-24','ROSTEK',NULL,4,30,4,NULL),('284V-201','013E45990','ME','A04-41','ROSTEK',NULL,2,30,4,NULL),('284V-202','807E50240','ME','H04-06','ROSTEK',NULL,4,30,4,NULL),('284V-203','807E54220','ME','C02-28','ROSTEK',NULL,9,50,2,1618101375),('284V-204','007K18660-PART','ME','F04-03','ROSTEK',NULL,6,30,4,NULL),('284V-205','807E54240','ME','A04-35','ROSTEK',NULL,11,30,4,NULL),('284V-206','807E54250/807E54680','MAINTENANCE',NULL,'ROSTEK',NULL,2,75,3,1618531852),('284V-207','807E54260','ME','H02-36','ROSTEK',NULL,3,30,4,NULL),('284V-208','807E54280','ME','H04-50','ROSTEK',NULL,6,50,4,NULL),('284V-209','807E54290','ME','C04-16','ROSTEK',NULL,12,50,4,NULL),('284V-210','807E54320','ME','A04-28','ROSTEK',NULL,1,30,4,NULL),('284V-211','807E54340','ME','H02-45','ROSTEK',NULL,3,50,4,NULL),('284V-212','807E54370','ME','B03-44','ROSTEK',NULL,8,50,4,NULL),('284V-213','807E54470','ME','H03-21','ROSTEK',NULL,7,30,4,NULL),('284V-214','807E54482',NULL,NULL,'ROSTEK',NULL,1,75,3,NULL),('284V-215','807E54490','ME','H04-48','ROSTEK',NULL,4,80,3,NULL),('284V-216','807E54670','ME','E02-58','ROSTEK',NULL,1,100,3,NULL),('284V-218','807E54690','ME','B04-04','ROSTEK',NULL,9,30,4,1617669141),('284V-219','807E55580','ME','D02-19','ROSTEK',NULL,5,50,4,NULL),('284V-220','005E38641','ME','B01-11','ROSTEK',NULL,3,50,4,NULL),('284V-221','005E38650','ME','C04-37','ROSTEK',NULL,2,30,4,NULL),('284V-222','012E20131','ME','B02-01','ROSTEK',NULL,4,110,3,NULL),('284V-223','012E20141','ME','H01-26','ROSTEK',NULL,5,150,2,NULL),('284V-224','012E20151',NULL,NULL,'ROSTEK',NULL,3,110,3,NULL),('284V-225','012E20162','ME','G02-23','ROSTEK',NULL,6,100,3,NULL),('284V-226','012E20170','ME','D02-30','ROSTEK',NULL,3,75,3,NULL),('284V-227','012E20180','ME','E04-76','ROSTEK',NULL,3,50,4,NULL),('284V-228','012E20191','ME','H02-28','ROSTEK',NULL,2,50,4,NULL),('284V-229','012E20200','ME','G03-05','ROSTEK',NULL,2,55,3,NULL),('284V-230','012E20211',NULL,NULL,'ROSTEK',NULL,2,30,4,NULL),('284V-231','013E47050',NULL,NULL,'ROSTEK',NULL,5,110,3,NULL),('284V-232','807E49340','ME','A04-26','ROSTEK',NULL,6,50,4,NULL),('284V-233','807E49370','ME','F04-22','ROSTEK',NULL,2,30,4,NULL),('284V-234','807E49420','ME','C04-38','ROSTEK',NULL,4,30,4,NULL),('284V-235','807E49510','ME','F04-15','ROSTEK',NULL,3,30,4,NULL),('284V-236','807E54000','ME','C04-40','ROSTEK',NULL,3,50,4,NULL),('284V-237','807E54021','ME','A04-25','ROSTEK',NULL,1,50,4,NULL),('284V-237/01','807E54021',NULL,NULL,'ROSTEK',NULL,7,50,4,NULL),('284V-237/02','807E54150',NULL,NULL,'ROSTEK',NULL,7,50,4,NULL),('284V-238','807E54030/ 807E54040','ME','C04-35','ROSTEK',NULL,4,50,4,NULL),('284V-241','819E00771','ME','H02-35','ROSTEK',NULL,3,50,4,NULL),('284V-242','819E00801',NULL,NULL,'ROSTEK',NULL,2,50,4,NULL),('284V-243','807E54430','ME','F04-18','ROSTEK',NULL,2,50,4,NULL),('284V-244','807E54440','ME','C04-06','ROSTEK',NULL,3,50,4,NULL),('284V-245','807E54651','MC',NULL,'ROSTEK',NULL,4,80,3,1618294090),('284V-246','807E54740','ME','F04-20','ROSTEK',NULL,1,55,3,NULL),('284V-247','017E14330','ME','H04-32','ROSTEK',NULL,6,30,4,NULL),('284V-248','020E46551','ME','H04-39','ROSTEK',NULL,8,30,4,NULL),('284V-249','807E45562','MC',NULL,'ROSTEK',NULL,8,30,4,1618108953),('284V-252','807E54161','ME','B03-47','ROSTEK',NULL,1,50,4,NULL),('284V-253','807E54190','ME','H04-34','ROSTEK',NULL,4,50,4,NULL),('284V-255','011E29291','ME','H02-17','ROSTEK',NULL,1,100,3,NULL),('284V-256','013E30050','ME','B04-26','ROSTEK',NULL,8,30,4,NULL),('284V-257','013E36390','ME','H04-26','ROSTEK',NULL,8,30,4,NULL),('284V-258','013E40060',NULL,NULL,'ROSTEK',NULL,12,30,4,NULL),('284V-259','019E85410',NULL,NULL,'ROSTEK',NULL,1,75,3,NULL),('284V-260','020E50660','MC',NULL,'ROSTEK',NULL,13,30,4,1618107213),('284V-261','059E03531','ME','H03-20','ROSTEK',NULL,10,30,4,NULL),('284V-262','807E30471','ME','H02-31','ROSTEK',NULL,7,30,4,NULL),('284V-263','807E31000',NULL,NULL,'ROSTEK',NULL,6,30,4,NULL),('284V-264','807E31010',NULL,NULL,'ROSTEK',NULL,9,30,4,NULL),('284V-265','807E39600','ME','E04-72','ROSTEK',NULL,6,30,4,NULL),('284V-266','807E39610','ME','C04-04','ROSTEK',NULL,6,30,4,NULL),('284V-267','868E47590','ME','H03-28','ROSTEK',NULL,7,30,4,NULL),('284V-268','012E18312','ME','H03-18','ROSTEK',NULL,9,30,4,NULL),('284V-269','869E29450','ME','C04-30','ROSTEK',NULL,1,50,4,NULL),('284V-270','055E65301','ME','E04-85','ROSTEK',NULL,2,30,4,1617926413),('284V-271','012E11935','ME','D03-23','ROSTEK',NULL,8,30,4,NULL),('284V-272','014E72430','ME','B03-11','ROSTEK',NULL,8,30,4,NULL),('284V-273','032E35881','ME','H02-18','ROSTEK',NULL,7,20,4,NULL),('284V-274','803E13331','ME','B03-12','ROSTEK',NULL,5,50,4,NULL),('284V-275','807E56160','ME','C04-13','ROSTEK',NULL,7,30,4,NULL),('284V-276','869E29700','ME','H03-25','ROSTEK',NULL,1,30,4,NULL),('284V-277','019E86590','ME','F04-06','ROSTEK',NULL,8,30,4,NULL),('284V-278','819E03690','ME','A04-30','ROSTEK',NULL,12,50,4,NULL),('284V-279','005E39630',NULL,NULL,'QVBN',NULL,11,30,4,NULL),('284V-280','005E39620','ME','B03-45','ROSTEK',NULL,1,75,3,NULL),('284V-281','012E20680','ME','F04-07','ROSTEK',NULL,5,30,4,NULL),('284V-282','807E53970','ME','A04-42','ROSTEK',NULL,6,80,4,1617582063),('284V-283','803E06341','ME','A04-40','ROSTEK',NULL,9,30,4,NULL),('284V-284','032E49610','ME','E04-70','ROSTEK',NULL,1,30,4,NULL),('288V-002','NOUPDATE','ME','C03-31','OTHERS',NULL,1,75,3,NULL),('288V-042','IP0PO406311',NULL,NULL,'OTHERS',NULL,1,85,3,NULL),('289-A03','MLFRZZZ062','ME','G03-42','OTHERS',NULL,10,80,3,NULL),('289-A04','IP0PO406407','ME','G04-64','OTHERS',NULL,13,50,4,NULL),('289V-001','CEFFZZZ009',NULL,NULL,'OTHERS',NULL,1,55,3,NULL),('289V-002','CEFRZZZ009',NULL,NULL,'OTHERS',NULL,1,55,3,NULL),('289V-003','CEFR2ZZ008',NULL,NULL,'OTHERS',NULL,1,75,3,NULL),('289V-004','CEFF2ZZ008',NULL,NULL,'OTHERS',NULL,1,75,3,NULL),('289V-006','OKFRZZZ044','ME','C01-18','OTHERS',NULL,5,85,3,NULL),('289V-007','KMFF2ZZ005','ME','E04-83','OTHERS',NULL,1,30,4,NULL),('293-A02','P58975700','ME','G04-07','OTHERS',NULL,4,30,4,NULL),('293-A03','P59350300',NULL,NULL,'OTHERS',NULL,9,30,4,NULL),('293-A04','P59350402','ME','E04-60','OTHERS',NULL,7,30,4,NULL),('293-A05','P59350802','ME','D04-12','OTHERS',NULL,7,50,4,1618366629),('293-A06','P59352602','ME','E04-55','OTHERS',NULL,8,30,4,NULL),('293-A07','P59498003',NULL,NULL,'OTHERS',NULL,1,50,4,NULL),('293-A07-00','P59498003',NULL,NULL,'OTHERS',NULL,3,50,4,NULL),('293-A09','P59555002','ME','E02-50','OTHERS',NULL,5,50,4,NULL),('293V-002','PM6310801','ME','G04-28','OTHERS',NULL,4,50,4,NULL),('293V-003','PM7404600/PM7405001','ME','G04-27','OTHERS',NULL,1,50,4,1617432834),('293V-005','PM73185B2','ME','G04-34','OTHERS',NULL,6,30,4,NULL),('293V-006','PM2310212',NULL,NULL,'OTHERS',NULL,1,50,4,NULL),('293V-007','PM1291200',NULL,NULL,'OTHERS',NULL,1,50,4,NULL),('293V-009','PM1301105',NULL,NULL,'OTHERS',NULL,1,50,4,NULL),('293V-011','PM6311001','ME','G04-23','OTHERS',NULL,4,50,4,NULL),('293V-041','P11321000 / P11926000','ME','G03-30','OTHERS',NULL,1,75,3,NULL),('293V-042','P11328000/ P11329000/P11330010','ME','G04-39','OTHERS',NULL,1,50,4,NULL),('293V-043','P11331001',NULL,NULL,'OTHERS',NULL,1,50,4,NULL),('293V-044','P11337001','ME','G04-43','OTHERS',NULL,1,50,4,NULL),('293V-045','P11338001','ME','G04-37','OTHERS',NULL,1,50,4,NULL),('293V-046','P11339010',NULL,NULL,'OTHERS',NULL,1,30,4,NULL),('293V-047','P11360000','ME','G04-36','OTHERS',NULL,1,50,4,NULL),('293V-048','P11320012','ME','G04-33','OTHERS',NULL,2,30,4,NULL),('293V-062','P11406001','ME','G04-35','OTHERS',NULL,1,50,4,NULL),('293V-064','P11929001/P11931011/P12987000','ME','G04-38','OTHERS',NULL,1,50,4,NULL),('293V-075','P31268000',NULL,NULL,'OTHERS',NULL,1,30,4,NULL),('293V-085','P14611001','ME','G03-31','OTHERS',NULL,1,50,4,NULL),('293V-089','P14416000',NULL,NULL,'OTHERS',NULL,1,30,4,NULL),('293V-090','P16818001','ME','G03-29','OTHERS',NULL,1,50,4,NULL),('293V-101','PM7306200','ME','G04-31','OTHERS',NULL,4,30,4,NULL),('293V-110','P14412010',NULL,NULL,'OTHERS',NULL,1,75,3,NULL),('293V-112','P14603001','ME','G03-27','OTHERS',NULL,1,50,4,NULL),('293V-113','P14605001',NULL,NULL,'OTHERS',NULL,6,50,4,NULL),('293V-114','P18446000',NULL,NULL,'OTHERS',NULL,1,30,4,NULL),('293V-117','P14362303/P14362101/P14362401/P14362500','ME','G04-42','OTHERS',NULL,1,50,4,NULL),('293V-118','P14365010',NULL,NULL,'OTHERS',NULL,1,50,4,NULL),('293V-119','P14367011',NULL,NULL,'OTHERS',NULL,1,50,4,NULL),('293V-127','P14363003',NULL,NULL,'OTHERS',NULL,1,75,3,NULL),('293V-131','P14608002',NULL,NULL,'OTHERS',NULL,2,50,4,NULL),('293V-139','PM73185C2','ME','G04-40','OTHERS',NULL,2,30,4,NULL),('294V-001','058A10965','ME','F01-07','OTHERS',NULL,1,100,3,NULL),('294V-002','058A00966','ME','D01-15','OTHERS',NULL,1,100,3,NULL),('294V-003','1TSM0001/1TSM0008/1TSM0018/1TSM0022/1TSM0033/1TSM0012','ME','C02-39','OTHERS',NULL,1,100,3,NULL),('294V-004','1TSM0002/13/16/17/19/23/32/34/37/38','ME','C02-42','OTHERS',NULL,1,75,3,NULL),('294V-005','1TSM0003 / 1TSM0009','ME','A01-35','OTHERS',NULL,1,50,4,NULL),('294V-006','1TSM0004/10/14/20/24/35','ME','C03-38','OTHERS',NULL,1,75,3,NULL),('294V-007','301A00577','ME','C03-37','OTHERS',NULL,1,75,3,NULL),('294V-008','TSM0006/11/15/21/25/36','ME','D03-21','OTHERS',NULL,1,75,3,NULL),('294V-009','1PA00003','ME','E01-01','OTHERS',NULL,1,100,3,NULL),('294V-010','058B10740',NULL,NULL,'OTHERS',NULL,1,100,3,NULL),('294V-011','058B00739',NULL,NULL,'OTHERS',NULL,1,100,3,NULL),('294V-012','1TG00072',NULL,NULL,'OTHERS',NULL,8,150,2,NULL),('294V-013','1TSM0007',NULL,NULL,'OTHERS',NULL,1,100,3,NULL),('294V-014','1BS00001','ME','H03-08','OTHERS',NULL,8,85,3,NULL),('294V-015','1OS00001',NULL,NULL,'OTHERS',NULL,8,85,3,NULL),('294V-016','1BS00002','ME','C03-35','OTHERS',NULL,1,100,3,NULL),('294V-017','1OS00002','ME','C02-33','OTHERS',NULL,1,150,2,NULL),('294V-018','1BS00003','ME','C02-36','OTHERS',NULL,8,180,2,NULL),('294V-019','1OS00003',NULL,NULL,'OTHERS',NULL,6,180,2,NULL),('294V-020','1BS00004','ME','C03-40','OTHERS',NULL,6,50,4,NULL),('294V-021','1OS00004','ME','E03-08','OTHERS',NULL,6,85,3,1618534186),('294V-022','058A00966',NULL,NULL,'OTHERS',NULL,1,100,3,NULL),('294V-023','058A10965','ME','B01-06','OTHERS',NULL,1,100,3,NULL),('294V-024','1TM00002/1TM00003',NULL,NULL,'OTHERS',NULL,3,260,12,NULL),('294V-025','1TM00004/1TM00005','ME','H01-06','OTHERS',NULL,2,180,1,1618532052),('294V-026','1TM00006 /1TM00007','MC',NULL,'OTHERS',NULL,4,250,12,1618122568),('294V-027','1OS00005','ME','C03-48','OTHERS',NULL,5,100,3,NULL),('294V-028','1OS00006','ME','C02-38','OTHERS',NULL,6,200,1,NULL),('294V-029','1TSM0028','ME','C03-34','OTHERS',NULL,5,80,3,NULL),('294V-030','1TSM0027','ME','C02-37','OTHERS',NULL,4,80,3,NULL),('294V-031','1TSM0026',NULL,NULL,'OTHERS',NULL,4,120,2,NULL),('294V-032','1TSM0029',NULL,NULL,'OTHERS',NULL,3,120,2,NULL),('294V-033','1TSM0031',NULL,NULL,'OTHERS',NULL,4,20,4,NULL),('294V-034','1TSM0030','MC',NULL,'OTHERS',NULL,4,80,3,1618059602),('294V-035','1BS00002','ME','C01-24','OTHERS',NULL,12,100,3,NULL),('294V-036','1OS00002','ME','C01-32','OTHERS',NULL,11,150,2,NULL),('294V-037','058A00966','ME','G01-07','OTHERS',NULL,1,100,3,NULL),('296V-001','G50-1010',NULL,NULL,'OTHERS',NULL,1,85,3,NULL),('296V-002','G50-1011',NULL,NULL,'OTHERS',NULL,1,50,4,NULL),('296V-003','FE2-2932',NULL,NULL,'OTHERS',NULL,1,75,3,NULL),('296V-004','RU7-0627',NULL,NULL,'OTHERS',NULL,1,75,3,NULL),('296V-005','G50-1014',NULL,NULL,'OTHERS',NULL,1,85,3,NULL),('296V-006','FE8-3437','ME','G02-12','OTHERS',NULL,10,75,3,NULL),('296V-007','FE8-3442','ME','D03-28','OTHERS',NULL,12,30,3,1618059830),('296V-008','FE8-3447',NULL,NULL,'OTHERS',NULL,12,150,2,NULL),('296V-010','FE8-3462','ME','G03-12','OTHERS',NULL,13,75,3,NULL),('296V-011','FE8-3463','MC',NULL,'OTHERS',NULL,12,100,3,1617324261),('296V-012','FE8-3633',NULL,NULL,'OTHERS',NULL,11,50,4,NULL),('296V-013','FE8-3634',NULL,NULL,'OTHERS',NULL,12,100,3,NULL),('296V-014','FE8-3647','ME','B02-27','OTHERS',NULL,12,30,4,NULL),('296V-015','FE8-3659','ME','D02-31','OTHERS',NULL,13,75,3,NULL),('296V-016','FE8-3663',NULL,NULL,'OTHERS',NULL,3,30,4,NULL),('296V-017','FE8-3664',NULL,NULL,'OTHERS',NULL,11,75,3,NULL),('296V-018','FE8-3666','MC',NULL,'OTHERS',NULL,9,50,4,1618059025),('296V-019','FU2-1906','ME','C04-32','OTHERS',NULL,13,30,4,NULL),('297V-001','N1651',NULL,NULL,'OTHERS',NULL,1,200,1,NULL),('297V-003','N-1482 / M-N1481',NULL,NULL,'OTHERS',NULL,1,200,1,NULL),('297V-004','F-3900','ME','H01-30','OTHERS',NULL,1,180,2,NULL),('297V-005','F3900','ME','B02-43','OTHERS',NULL,1,100,3,NULL),('297V-006','A-5005','ME','C02-25','OTHERS',NULL,5,50,4,NULL),('309-A02','RH30044550','ME','E03-26','OTHERS',NULL,12,30,4,NULL),('318V-001','547560',NULL,NULL,'OTHERS',NULL,1,50,4,NULL),('318V-003','C55-558900/C55-552104/570250/570249',NULL,NULL,'OTHERS',NULL,1,180,2,NULL),('318V-005','C55-558900/C55-552104/570250/570249',NULL,NULL,'OTHERS',NULL,1,100,3,NULL),('318V-009','C55-558900/C55-552104/570249',NULL,NULL,'OTHERS',NULL,1,50,4,NULL),('318V-010','570249','ME','C01-22','OTHERS',NULL,1,50,1,1617840022),('318V-011','570249','ME','C01-14','OTHERS',NULL,1,50,4,NULL),('318V-012','587800','ME','C02-18','OTHERS',NULL,1,75,3,NULL),('318V-013','C55-558900/C55-552104',NULL,NULL,'OTHERS',NULL,1,75,3,NULL),('318V-014','C55-558900/C55-552104','ME','A03-39','OTHERS',NULL,1,75,3,NULL),('318V-015','C55-558900 / C55-552104','ME','A03-34','OTHERS',NULL,1,50,4,NULL),('318V-016','C55-558900/C55-552104',NULL,NULL,'OTHERS',NULL,1,75,3,NULL),('318V-017','C55-558900/C55-552104',NULL,NULL,'OTHERS',NULL,1,100,3,NULL),('318V-018','C55-558900/C55-552104','ME','A03-40','OTHERS',NULL,1,75,3,NULL),('378V-001','A3GN211300A','ME','A04-64','OTHERS',NULL,1,50,4,NULL),('378V-002','A3GN211800A','ME','A04-65','OTHERS',NULL,1,50,4,NULL),('378V-003','A3GN215200A','ME','A04-59','OTHERS',NULL,1,30,4,NULL),('378V-004','A3GN220200A','ME','A04-62','OTHERS',NULL,1,50,4,NULL),('378V-005','A3GP373400A','ME','A04-66','OTHERS',NULL,8,30,4,NULL),('378V-006','A3GP373500A','ME','A04-60','OTHERS',NULL,6,30,4,NULL),('378V-007','A3GP373800A','ME','A04-58','OTHERS',NULL,2,30,4,NULL),('378V-008','A3GN214100A','ME','B04-53','OTHERS',NULL,1,30,4,NULL),('378V-009','A3GP334500A','ME','B04-51','OTHERS',NULL,5,30,4,NULL),('378V-010','A3GP334600A','MAINTENANCE',NULL,'OTHERS',NULL,6,30,4,1618126132),('412-A01','2PV-E3325-10','ME','C03-29','OTHERS',NULL,5,80,3,1617322639),('412V-001','16S-E3325-00','ME','C03-32','OTHERS',NULL,12,85,3,NULL),('412V-002','5P0-E3325-00',NULL,NULL,'OTHERS',NULL,1,75,3,NULL),('412V-003','33S-E3325-01',NULL,NULL,'OTHERS',NULL,1,75,3,NULL),('412V-004','44S-E2459-00',NULL,NULL,'OTHERS',NULL,1,50,4,NULL),('412V-005','2PH-E3325-10','ME','C03-26','OTHERS',NULL,13,80,3,NULL),('412V-006','2ND-E3325-00','ME','C03-30','OTHERS',NULL,1,80,3,NULL),('412V-007','B63-E3325-01','ME','C03-25','OTHERS',NULL,4,50,4,NULL),('417V-001','2006-KPH0-0000','ME','C02-31','OTHERS',NULL,1,50,4,NULL),('417V-002','1242-035H-9900-VN',NULL,NULL,'OTHERS',NULL,1,20,4,NULL),('417V-003','1019-KANH-7710-VN','ME','C02-30','OTHERS',NULL,11,20,2,1618482362),('417V-004','1113-GES0-0000-VN','ME','C02-29','OTHERS',NULL,2,50,4,NULL),('417V-005','2006-KSS0-0000-VN','ME','C02-27','OTHERS',NULL,7,50,4,NULL),('417V-006','1238-141H-8810-VN','ME','C02-32','OTHERS',NULL,1,30,4,NULL),('41M-A01','2006-KSS0-0000-VN','ME','D04-25','OTHERS',NULL,7,50,4,NULL),('482V-033','0503-02584',NULL,NULL,'OTHERS',NULL,1,50,4,NULL),('482V-034','0506-01753',NULL,NULL,'OTHERS',NULL,1,50,4,NULL),('494-A01','M56063-01',NULL,NULL,'OTHERS',NULL,1,100,3,NULL),('494-A02','M68033-02',NULL,NULL,'OTHERS',NULL,13,140,2,NULL),('494-A03','M64747-05',NULL,NULL,'OTHERS',NULL,1,100,3,NULL),('494-A04','M37996-03',NULL,NULL,'OTHERS',NULL,1,55,3,NULL),('494-A05','M38000-05',NULL,NULL,'OTHERS',NULL,1,50,4,NULL),('494-A06','M38027-04',NULL,NULL,'OTHERS',NULL,1,50,4,NULL),('494-A07','M38005-05',NULL,NULL,'OTHERS',NULL,11,50,4,NULL),('494-A08','M38006-05','ME','B04-18','OTHERS',NULL,10,50,4,NULL),('494-A09','M39568-02','ME','D02-21','OTHERS',NULL,2,140,2,NULL),('494-A10','M52144-02','ME','D04-30','OTHERS',NULL,13,50,4,1617323619),('494-A11','M39055-02',NULL,NULL,'OTHERS',NULL,10,50,4,NULL),('494-A12','M38008D09V','ME','B03-05','OTHERS',NULL,11,55,3,NULL),('494-A13','M64754-04',NULL,NULL,'OTHERS',NULL,1,85,3,NULL),('494-A14','M64775-04',NULL,NULL,'OTHERS',NULL,1,85,3,NULL),('494-A15','M67314-04',NULL,NULL,'OTHERS',NULL,13,55,3,NULL),('494-A16','M38008L09V',NULL,NULL,'OTHERS',NULL,1,55,3,NULL),('494-A17','M38008B09V',NULL,NULL,'OTHERS',NULL,1,55,3,NULL),('494-A18','M38008-09V',NULL,NULL,'OTHERS',NULL,1,55,3,NULL),('494-A19','M64745-02',NULL,NULL,'OTHERS',NULL,1,50,4,NULL),('494-A20','M64754-04',NULL,NULL,'OTHERS',NULL,1,85,3,NULL),('494-A21','M64775-04',NULL,NULL,'OTHERS',NULL,1,85,3,NULL),('494-A22','M62733-08',NULL,NULL,'OTHERS',NULL,1,180,2,NULL),('494-A23','M57846-09','ME','A01-28','OTHERS',NULL,11,100,3,NULL),('494-A25','M68033-02',NULL,NULL,'OTHERS',NULL,13,140,2,NULL),('494V-001','M38474-02/M38479-02',NULL,NULL,'OTHERS',NULL,1,75,3,NULL),('494V-002','M20816-04',NULL,NULL,'OTHERS',NULL,1,75,3,NULL),('494V-004','M46548-02','ME','D01-18','OTHERS',NULL,1,180,2,NULL),('494V-007','M41822-12','ME','A03-36','OTHERS',NULL,3,85,3,NULL),('494V-008','M41864-02','ME','A03-44','OTHERS',NULL,3,75,3,NULL),('494V-010','M55055','MC',NULL,'OTHERS',NULL,13,110,3,1617027643),('494V-011','M50155-08','ME','A02-43','OTHERS',NULL,12,110,2,1616891302),('494V-012','M36736-05/M37087-03','ME','A02-37','OTHERS',NULL,12,85,3,NULL),('494V-013','M57846-09','MC',NULL,'OTHERS',NULL,12,100,3,1617512279),('494V-014','M58251-05','ME','H01-08','OTHERS',NULL,6,100,3,NULL),('494V-015','M58253-07','ME','B01-29','OTHERS',NULL,5,100,3,NULL),('494V-018','M37946-03','ME','A03-48','OTHERS',NULL,9,50,4,NULL),('494V-019','M37940-03','ME','A02-48','OTHERS',NULL,8,50,4,NULL),('494V-021','M38793-03',NULL,NULL,'OTHERS',NULL,1,50,4,NULL),('494V-022','M58828-01','ME','A02-44','OTHERS',NULL,4,50,4,NULL),('494V-023','M08679-01',NULL,NULL,'OTHERS',NULL,1,50,4,NULL),('494V-025','M20606-03','ME','A02-46','OTHERS',NULL,12,50,2,1618058163),('494V-026','M48648-01','ME','A01-31','OTHERS',NULL,1,85,3,NULL),('494V-028','M37485-03','ME','A03-43','OTHERS',NULL,1,50,4,NULL),('494V-029','M58239-02','ME','A03-46','OTHERS',NULL,5,55,3,NULL),('773-A01','302NR02201',NULL,NULL,'OTHERS',NULL,10,400,12,NULL),('773-A02','302NR02820','ME','C03-02','OTHERS',NULL,9,75,3,NULL),('773-A03','302NR14190','ME','C03-04','OTHERS',NULL,5,50,4,NULL),('773-A04','302NR14220','ME','C03-01','OTHERS',NULL,10,50,3,1617582358),('773-A05','302NR19500','ME','G01-35','OTHERS',NULL,8,80,3,NULL),('773-A06','302NR19510','ME','C02-03','OTHERS',NULL,7,80,3,NULL),('773-A07','302NR19520','MC',NULL,'OTHERS',NULL,8,50,4,1617445938),('773-A08','302NR19530','ME','C03-08','OTHERS',NULL,8,30,4,NULL),('773-A09','302NR19540','ME','E03-53','OTHERS',NULL,8,50,4,NULL),('773-A10','302NR19550','ME','C03-10','OTHERS',NULL,11,50,4,NULL),('773-A11','302NR19560','ME','E03-59','OTHERS',NULL,5,50,4,NULL),('773-A12','302NR19570','MC',NULL,'OTHERS',NULL,6,50,4,1618389648),('773-A13','302NR19580','ME','B03-43','OTHERS',NULL,3,30,4,NULL),('773-A14','302NR19590','ME','C02-16','OTHERS',NULL,8,50,4,NULL),('773-A15','302NR31440',NULL,NULL,'OTHERS',NULL,9,50,4,NULL),('773-A16','302NS02201',NULL,NULL,'OTHERS',NULL,9,400,12,NULL),('773-A19','302RV31100',NULL,NULL,'OTHERS',NULL,12,50,4,NULL),('773-A20','302RV31140',NULL,NULL,'OTHERS',NULL,10,50,4,NULL),('773-A21','302RV31110',NULL,NULL,'OTHERS',NULL,10,50,4,NULL),('773-A23','302RV31150','ME','B02-29','OTHERS',NULL,13,85,3,NULL),('773-A31','3V2ND06570','ME','D01-23','OTHERS',NULL,1,180,2,NULL),('773-A35','3V2ND15030',NULL,NULL,'OTHERS',NULL,1,75,3,NULL),('773-A39','302RV31170',NULL,NULL,'OTHERS',NULL,13,50,4,NULL),('773-A40','302RV31090','MC',NULL,'OTHERS',NULL,14,50,4,1618122072),('773V-001','302RV31090','ME','H02-23','OTHERS',NULL,7,50,4,NULL),('773V-002','302RV31100',NULL,NULL,'OTHERS',NULL,1,50,4,NULL),('773V-003','302RV31110',NULL,NULL,'OTHERS',NULL,1,50,4,NULL),('773V-004','302RV31120','MC',NULL,'OTHERS',NULL,11,50,4,1618040883),('773V-005','302RV31130',NULL,NULL,'OTHERS',NULL,12,50,4,NULL),('773V-006','302RV31140',NULL,NULL,'OTHERS',NULL,1,50,4,NULL),('773V-007','302RV31150',NULL,NULL,'OTHERS',NULL,1,85,3,NULL),('773V-008','302RV31160','ME','H02-30','OTHERS',NULL,11,50,4,NULL),('773V-009','302RV31170','ME','H02-25','OTHERS',NULL,7,50,4,NULL),('773V-010','302RV31260','ME','H02-24','OTHERS',NULL,11,50,4,NULL),('805-A03','ML7/01','ME','A04-53','OTHERS',NULL,7,30,4,NULL),('805-A04','ML7/02','ME','A04-63','OTHERS',NULL,6,30,4,NULL),('805-A05','ML12/01','ME','D04-17','OTHERS',NULL,10,30,4,NULL),('805-A06','ML12/02','ME','G03-40','OTHERS',NULL,10,30,4,NULL),('805-A62','LWL9BCS/02','ME','D04-19','OTHERS',NULL,1,30,4,1616890321),('805V-004','LWL9BCS/01',NULL,NULL,'OTHERS',NULL,1,20,4,NULL),('805V-017','LWL12H/01',NULL,NULL,'OTHERS',NULL,8,50,4,NULL),('805V-018','LWL12H/02','ME','A04-45','OTHERS',NULL,8,50,4,NULL),('805V-019','LWLC15BCS/01',NULL,NULL,'OTHERS',NULL,1,20,4,NULL),('805V-020','LWL15BCS/02','ME','A04-55','OTHERS',NULL,1,20,4,NULL),('805V-021','LWL9BCS/01','ME','A04-47','OTHERS',NULL,8,20,4,NULL),('805V-022','LWL9BCS/02',NULL,NULL,'OTHERS',NULL,5,20,4,NULL),('805V-023','LWL7B/01',NULL,NULL,'OTHERS',NULL,7,20,4,NULL),('805V-024','LWL7B/02','ME','A04-52','OTHERS',NULL,7,20,4,NULL),('805V-025','MLV9/01','ME','A04-48','OTHERS',NULL,1,30,4,NULL),('805V-026','MLV9/02','ME','A04-46','OTHERS',NULL,1,30,4,NULL),('805V-027','LWL9BCS',NULL,NULL,'OTHERS',NULL,10,50,4,NULL),('805V-034','ML5/01',NULL,NULL,'OTHERS',NULL,10,30,4,NULL),('805V-035','ML5/02','ME','A04-50','OTHERS',NULL,11,30,4,NULL),('805V-044','LWL5B/01','ME','A04-61','OTHERS',NULL,8,30,4,NULL),('805V-045','LWL5B/02','MC',NULL,'OTHERS',NULL,5,30,4,1617360085),('805V-046','MLV7/01',NULL,NULL,'OTHERS',NULL,2,30,4,NULL),('805V-047','MLV7/02','ME','A04-56','OTHERS',NULL,2,30,4,NULL),('805V-048','MLF30/01','MC',NULL,'OTHERS',NULL,4,10,4,1617522216),('805V-049','MLF30/02','MC',NULL,'OTHERS',NULL,3,10,4,1617522191),('805V-050','MLF42/01','ME','A03-32','OTHERS',NULL,6,10,4,NULL),('805V-051','MLF42/02',NULL,NULL,'OTHERS',NULL,9,10,4,NULL),('81P-A01','502A69001A',NULL,NULL,'OTHERS',NULL,9,200,1,NULL),('81P-A02','501A79101A',NULL,NULL,'OTHERS',NULL,12,200,1,NULL),('81P-A03','573A31801A','ME','E03-45','OTHERS',NULL,7,30,4,NULL),('81P-A04','572A17901A','ME','E03-23','OTHERS',NULL,9,30,4,NULL),('851-A01','HF9A092','MC',NULL,'OTHERS',NULL,7,30,4,1617323595),('851-A02','HF9B081-1',NULL,NULL,'OTHERS',NULL,13,150,2,NULL),('851-A03','HF9B081-2','ME','G02-38','OTHERS',NULL,8,50,4,NULL),('851-A04','97D991','ME','D01-14','OTHERS',NULL,1,80,3,NULL),('851-A05','HF92064P',NULL,NULL,'OTHERS',NULL,7,50,4,NULL),('851-A06','97P75','ME','C04-63','OTHERS',NULL,3,30,4,NULL),('851-A07','97P76','ME','C02-34','OTHERS',NULL,6,30,4,NULL),('851-A08','97P77','ME','C02-44','OTHERS',NULL,3,30,4,NULL),('851-A09','97P75','MC',NULL,'OTHERS',NULL,2,30,4,1618121731),('851-A10','97P76','ME','C04-56','OTHERS',NULL,1,30,4,NULL),('851-A11','97P77','ME','D04-29','OTHERS',NULL,1,30,4,NULL),('851-A13','97E37',NULL,NULL,'OTHERS',NULL,4,75,3,NULL),('851-A17','HF9B660','ME','F03-60','OTHERS',NULL,11,30,4,NULL),('851-A18','HF9B661','ME','E02-25','OTHERS',NULL,11,30,4,NULL),('851-A19','HF90081','ME','E04-44','OTHERS',NULL,12,30,4,NULL),('851-A20','HF90120#NW1','ME','E04-34','OTHERS',NULL,8,30,4,NULL),('851-A21','HF9A568K#NW1','ME','E04-43','OTHERS',NULL,12,30,4,NULL),('851-A22','HF9A568K#SC1',NULL,NULL,'OTHERS',NULL,7,30,4,NULL),('851-A23','HF90120#SC1',NULL,NULL,'OTHERS',NULL,7,30,4,NULL),('851V-001','HF90716','ME','C01-30','OTHERS',NULL,9,100,1,1617063948),('851V-002','M95141N','ME','C01-33','OTHERS',NULL,1,180,2,NULL),('851V-003','95142R',NULL,NULL,'OTHERS',NULL,11,150,2,NULL),('851V-004','ME0192',NULL,NULL,'OTHERS',NULL,1,100,3,NULL),('851V-005','ME0193',NULL,NULL,'OTHERS',NULL,1,200,1,NULL),('851V-006','ME0195',NULL,NULL,'OTHERS',NULL,1,200,1,NULL),('851V-007','MYP20108',NULL,NULL,'OTHERS',NULL,1,75,3,NULL),('851V-008','MYP20151',NULL,NULL,'OTHERS',NULL,1,75,3,NULL),('851V-009','134P-013',NULL,NULL,'OTHERS',NULL,1,180,2,NULL),('851V-010','134P-014','ME','C03-42','OTHERS',NULL,1,75,3,NULL),('851V-011','MYP20110','ME','C02-41','OTHERS',NULL,8,50,2,1617926934),('851V-012','134P-016','ME','C04-47','OTHERS',NULL,8,30,4,NULL),('851V-013','134P-017','ME','C04-45','OTHERS',NULL,7,30,4,NULL),('851V-014','MHF92064P','ME','F01-45','OTHERS',NULL,2,50,4,NULL),('851V-015','HF92063R/MHF92063R','ME','C04-65','OTHERS',NULL,7,50,4,NULL),('851V-016','HF90125R','ME','C04-54','OTHERS',NULL,7,50,4,NULL),('851V-017','HF9A095','ME','C04-49','OTHERS',NULL,13,50,4,NULL),('851V-018','HF90081','ME','C03-41','OTHERS',NULL,3,30,4,NULL),('851V-019','HF9A097','ME','C04-55','OTHERS',NULL,1,30,4,NULL),('851V-020','HF9A092',NULL,NULL,'OTHERS',NULL,5,30,4,NULL),('851V-021','HF9A089R',NULL,NULL,'OTHERS',NULL,11,50,4,NULL),('851V-022','HF9A108R',NULL,NULL,'OTHERS',NULL,1,100,3,NULL),('851V-023','HF9A107',NULL,NULL,'OTHERS',NULL,1,100,3,NULL),('851V-024','HF9A144K','ME','C04-50','OTHERS',NULL,1,30,4,NULL),('851V-027','HF9A136','ME','C04-66','OTHERS',NULL,1,50,4,NULL),('851V-028','HF90556','ME','C03-47','OTHERS',NULL,1,20,4,NULL),('851V-029','HF90475','ME','C03-45','OTHERS',NULL,7,30,4,NULL),('851V-030','HF3A015','ME','C01-27','OTHERS',NULL,6,50,4,NULL),('851V-031','HF9A119','ME','H02-08','OTHERS',NULL,13,50,4,NULL),('851V-032','HF9A132S','ME','C01-25','OTHERS',NULL,1,100,3,NULL),('851V-033','E0211','ME','C02-47','OTHERS',NULL,1,75,3,NULL),('851V-034','E0212R','ME','C02-45','OTHERS',NULL,1,50,4,NULL),('851V-035','97E03','MC',NULL,'OTHERS',NULL,12,70,1,1618042443),('851V-036','97E28(A)','ME','H02-42','OTHERS',NULL,6,100,3,NULL),('851V-037','97E29(A)',NULL,NULL,'OTHERS',NULL,9,100,3,NULL),('851V-038','97E30','ME','C02-48','OTHERS',NULL,10,50,4,NULL),('851V-039','97E33',NULL,NULL,'OTHERS',NULL,1,30,4,NULL),('851V-040','97E34','ME','C03-43','OTHERS',NULL,4,30,4,NULL),('851V-041','97E35','ME','C04-51','OTHERS',NULL,1,30,4,NULL),('851V-042','97E36','ME','C04-58','OTHERS',NULL,1,30,4,NULL),('851V-043','97E37',NULL,NULL,'OTHERS',NULL,4,75,3,NULL),('851V-044','97728','ME','C03-36','OTHERS',NULL,5,30,4,NULL),('851V-045','97E39',NULL,NULL,'OTHERS',NULL,4,30,4,NULL),('851V-046','97E38','ME','C04-60','OTHERS',NULL,8,30,4,NULL),('851V-047','97E32','ME','C03-33','OTHERS',NULL,5,50,4,NULL),('851V-049','ME0192','ME','H02-10','OTHERS',NULL,1,100,3,NULL),('851V-050','HF9A599','MC',NULL,'OTHERS',NULL,13,75,3,1618487524),('851V-051','HF9A600','ME','C03-44','OTHERS',NULL,12,100,3,NULL),('851V-053','97E321','ME','C04-53','OTHERS',NULL,1,50,4,NULL),('851V-054','ME0193/0194',NULL,NULL,'OTHERS',NULL,2,100,3,NULL),('851V-055','ME0195',NULL,NULL,'OTHERS',NULL,5,150,2,NULL),('851V-056','MYP20108','MC',NULL,'OTHERS',NULL,2,75,3,1617360338),('851V-057','HF9B166',NULL,NULL,'OTHERS',NULL,11,180,2,NULL),('851V-058','HF9B167','ME','B04-56','OTHERS',NULL,1,30,4,NULL),('851V-059','HF9B184',NULL,NULL,'OTHERS',NULL,1,50,4,NULL),('851V-060','HF9B187',NULL,NULL,'OTHERS',NULL,1,75,3,NULL),('851V-061','HF9B188','ME','E01-38','OTHERS',NULL,1,100,3,NULL),('852V-002','T360-3000R',NULL,NULL,'OTHERS',NULL,1,150,2,NULL);
/*!40000 ALTER TABLE `mold` ENABLE KEYS */;
UNLOCK TABLES;

--
-- Table structure for table `mold_position`
--

DROP TABLE IF EXISTS `mold_position`;
/*!40101 SET @saved_cs_client     = @@character_set_client */;
/*!50503 SET character_set_client = utf8mb4 */;
CREATE TABLE `mold_position` (
  `id` varchar(20) NOT NULL,
  `line` int DEFAULT '0',
  `size` int DEFAULT NULL,
  `ind` int DEFAULT NULL,
  `mold_id` varchar(45) DEFAULT NULL,
  `threshold` int DEFAULT '0',
  PRIMARY KEY (`id`),
  UNIQUE KEY `name_UNIQUE` (`id`)
) ENGINE=InnoDB DEFAULT CHARSET=utf8;
/*!40101 SET character_set_client = @saved_cs_client */;

--
-- Dumping data for table `mold_position`
--

LOCK TABLES `mold_position` WRITE;
/*!40000 ALTER TABLE `mold_position` DISABLE KEYS */;
INSERT INTO `mold_position` VALUES ('A01-01',1,1,1,'252-A51',13),('A01-02',1,1,2,'252-A25',13),('A01-03',1,1,3,NULL,13),('A01-04',1,1,4,'252-A38',13),('A01-05',1,1,5,'252V-142',13),('A01-06',1,1,6,NULL,13),('A01-07',1,1,7,'252V-192',13),('A01-08',1,1,8,'252-A64',13),('A01-09',1,1,9,'252V-109',13),('A01-10',1,1,10,'252-A24',13),('A01-11',1,1,11,'252-A72',13),('A01-12',1,1,12,NULL,13),('A01-13',1,1,13,NULL,13),('A01-14',1,1,14,NULL,13),('A01-15',1,1,15,NULL,13),('A01-16',1,1,16,NULL,13),('A01-17',1,1,17,'278V-299',13),('A01-18',1,1,18,NULL,13),('A01-19',1,1,19,NULL,13),('A01-20',1,1,20,'269V-167',13),('A01-21',1,1,21,'269V-164',13),('A01-22',1,1,22,NULL,13),('A01-23',1,1,23,NULL,13),('A01-24',1,1,24,'269-A35',13),('A01-25',1,1,25,'212V-026',13),('A01-26',1,1,26,'212V-017',13),('A01-27',1,1,27,'212V-019',13),('A01-28',1,1,28,'494-A23',13),('A01-29',1,1,29,'212V-023',13),('A01-30',1,1,30,'20S-A02',13),('A01-31',1,1,31,'494V-026',13),('A01-32',1,1,32,'212V-025',13),('A01-33',1,1,33,'278V-543',13),('A01-34',1,1,34,'212V-024',13),('A01-35',1,1,35,'294V-005',12),('A01-36',1,1,36,'212V-014',12),('A02-01',1,2,1,'252V-033',13),('A02-02',1,2,2,'252-B08',13),('A02-03',1,2,3,'252-A43',13),('A02-04',1,2,4,'252-B17',13),('A02-05',1,2,5,NULL,13),('A02-06',1,2,6,'252V-141',13),('A02-07',1,2,7,'252V-051',13),('A02-08',1,2,8,'252V-048',13),('A02-09',1,2,9,'252V-149',13),('A02-10',1,2,10,'252V-058',13),('A02-11',1,2,11,'252V-036',13),('A02-12',1,2,12,'252V-069',13),('A02-13',1,2,13,NULL,13),('A02-14',1,2,14,'252V-055',13),('A02-15',1,2,15,'252V-119',13),('A02-16',1,2,16,'252V-118',13),('A02-17',1,2,17,NULL,13),('A02-18',1,2,18,'269V-228',13),('A02-19',1,2,19,NULL,13),('A02-20',1,2,20,'269V-189',13),('A02-21',1,2,21,'269V-155',13),('A02-22',1,2,22,NULL,13),('A02-23',1,2,23,'269V-205',13),('A02-24',1,2,24,'269V-204',13),('A02-25',1,2,25,'269V-244',13),('A02-26',1,2,26,'269V-231',13),('A02-27',1,2,27,'269V-230',13),('A02-28',1,2,28,NULL,13),('A02-29',1,2,29,NULL,13),('A02-30',1,2,30,NULL,13),('A02-31',1,2,31,'20Y-A18',12),('A02-32',1,2,32,NULL,12),('A02-33',1,2,33,'212V-022',12),('A02-34',1,2,34,'212V-028',12),('A02-35',1,2,35,'212V-021',12),('A02-36',1,2,36,'212V-020',12),('A02-37',1,2,37,'494V-012',12),('A02-38',1,2,38,'252V-151',12),('A02-39',1,2,39,'212V-018',12),('A02-40',1,2,40,NULL,12),('A02-41',1,2,41,'252V-106',12),('A02-42',1,2,42,'212V-013',12),('A02-43',1,2,43,'494V-011',12),('A02-44',1,2,44,'494V-022',12),('A02-45',1,2,45,NULL,12),('A02-46',1,2,46,'494V-025',12),('A02-47',1,2,47,NULL,12),('A02-48',1,2,48,'494V-019',12),('A03-01',1,3,1,'252V-078',13),('A03-02',1,3,2,'252V-143',13),('A03-03',1,3,3,'252V-116',13),('A03-04',1,3,4,'252V-063',13),('A03-05',1,3,5,'252V-004',13),('A03-06',1,3,6,'252V-057',13),('A03-07',1,3,7,'252V-127',13),('A03-08',1,3,8,'252V-101',13),('A03-09',1,3,9,'252V-092',13),('A03-10',1,3,10,'252V-117',13),('A03-11',1,3,11,'252V-037',13),('A03-12',1,3,12,'252V-126',13),('A03-13',1,3,13,'252V-134',13),('A03-14',1,3,14,'252V-103',13),('A03-15',1,3,15,'252V-021',13),('A03-16',1,3,16,'252V-112',13),('A03-17',1,3,17,NULL,13),('A03-18',1,3,18,'269V-157',13),('A03-19',1,3,19,NULL,13),('A03-20',1,3,20,NULL,12),('A03-21',1,3,21,'269V-165',12),('A03-22',1,3,22,NULL,12),('A03-23',1,3,23,'269V-210',12),('A03-24',1,3,24,NULL,12),('A03-25',1,3,25,'269V-207',12),('A03-26',1,3,26,NULL,12),('A03-27',1,3,27,'269V-254',12),('A03-28',1,3,28,'269V-178',12),('A03-29',1,3,29,'269V-190',12),('A03-30',1,3,30,'269V-146',12),('A03-31',1,3,31,'269V-235',12),('A03-32',1,3,32,'805V-050',12),('A03-33',1,3,33,'252V-145',12),('A03-34',1,3,34,'318V-015',12),('A03-35',1,3,35,'252V-061',12),('A03-36',1,3,36,'494V-007',12),('A03-37',1,3,37,NULL,12),('A03-38',1,3,38,'269V-016',11),('A03-39',1,3,39,'318V-014',11),('A03-40',1,3,40,'318V-018',11),('A03-41',1,3,41,NULL,11),('A03-42',1,3,42,'252V-030',11),('A03-43',1,3,43,'494V-028',11),('A03-44',1,3,44,'494V-008',11),('A03-45',1,3,45,'252V-008',11),('A03-46',1,3,46,'494V-029',11),('A03-47',1,3,47,NULL,11),('A03-48',1,3,48,'494V-018',11),('A04-01',1,4,1,NULL,13),('A04-02',1,4,2,NULL,13),('A04-03',1,4,3,'252-A48',13),('A04-04',1,4,4,'252-B22',13),('A04-05',1,4,5,'252V-093',13),('A04-06',1,4,6,'252-A61',13),('A04-07',1,4,7,'252V-038',13),('A04-08',1,4,8,'252V-125',13),('A04-09',1,4,9,'252-A58',13),('A04-10',1,4,10,'252V-056',13),('A04-11',1,4,11,'252V-128',13),('A04-12',1,4,12,NULL,13),('A04-13',1,4,13,'252-A92',13),('A04-14',1,4,14,'252V-047',13),('A04-15',1,4,15,'252V-046',13),('A04-16',1,4,16,'252V-152',13),('A04-17',1,4,17,'252V-148',13),('A04-18',1,4,18,'252V-027',13),('A04-19',1,4,19,'252V-107',13),('A04-20',1,4,20,'252V-044',13),('A04-21',1,4,21,'252V-076',13),('A04-22',1,4,22,'252V-157',13),('A04-23',1,4,23,NULL,13),('A04-24',1,4,24,'252-B42',13),('A04-25',1,4,25,'284V-237',13),('A04-26',1,4,26,'284V-232',13),('A04-27',1,4,27,'284V-155',13),('A04-28',1,4,28,'284V-210',13),('A04-29',1,4,29,'284V-179',13),('A04-30',1,4,30,'284V-278',13),('A04-31',1,4,31,NULL,13),('A04-32',1,4,32,'284V-151',13),('A04-33',1,4,33,NULL,13),('A04-34',1,4,34,NULL,13),('A04-35',1,4,35,'284V-205',13),('A04-36',1,4,36,'284V-196',13),('A04-37',1,4,37,'284V-166',13),('A04-38',1,4,38,'269-A12',13),('A04-39',1,4,39,NULL,13),('A04-40',1,4,40,'284V-283',13),('A04-41',1,4,41,'284V-201',13),('A04-42',1,4,42,'284V-282',13),('A04-43',1,4,43,'284V-175',13),('A04-44',1,4,44,NULL,12),('A04-45',1,4,45,'805V-018',12),('A04-46',1,4,46,'805V-026',12),('A04-47',1,4,47,'805V-021',12),('A04-48',1,4,48,'805V-025',12),('A04-49',1,4,49,NULL,12),('A04-50',1,4,50,'805V-035',12),('A04-51',1,4,51,'252V-091',12),('A04-52',1,4,52,'805V-024',12),('A04-53',1,4,53,'805-A03',12),('A04-54',1,4,54,NULL,12),('A04-55',1,4,55,'805V-020',12),('A04-56',1,4,56,'805V-047',12),('A04-57',1,4,57,NULL,12),('A04-58',1,4,58,'378V-007',12),('A04-59',1,4,59,'378V-003',12),('A04-60',1,4,60,'378V-006',12),('A04-61',1,4,61,'805V-044',12),('A04-62',1,4,62,'378V-004',12),('A04-63',1,4,63,'805-A04',12),('A04-64',1,4,64,'378V-001',12),('A04-65',1,4,65,'378V-002',12),('A04-66',1,4,66,'378V-005',12),('B01-01',2,1,37,NULL,12),('B01-02',2,1,38,NULL,12),('B01-03',2,1,39,NULL,12),('B01-04',2,1,40,'252-B10',12),('B01-05',2,1,41,'278V-331',12),('B01-06',2,1,42,'294V-023',12),('B01-07',2,1,43,NULL,12),('B01-08',2,1,44,'278-B72',12),('B01-09',2,1,45,'278-A13',12),('B01-10',2,1,46,'278-E66',12),('B01-11',2,1,47,'284V-220',11),('B01-12',2,1,48,'278-A57',11),('B01-13',2,1,49,NULL,11),('B01-14',2,1,50,'252V-096',11),('B01-15',2,1,51,'278V-455',11),('B01-16',2,1,52,'278V-371',11),('B01-17',2,1,53,'278V-492',11),('B01-18',2,1,54,NULL,11),('B01-19',2,1,55,'269V-168',11),('B01-20',2,1,56,'284V-006',10),('B01-21',2,1,57,NULL,10),('B01-22',2,1,58,'278V-396',10),('B01-23',2,1,59,'284V-005',10),('B01-24',2,1,60,'284V-030',10),('B01-25',2,1,61,NULL,10),('B01-26',2,1,62,'269V-257',10),('B01-27',2,1,63,NULL,10),('B01-28',2,1,64,NULL,9),('B01-29',2,1,65,'494V-015',9),('B01-30',2,1,66,'278-E57',9),('B01-31',2,1,67,'278V-053',9),('B01-32',2,1,68,'278-A82',9),('B01-33',2,1,69,'252V-178',9),('B01-34',2,1,70,'252V-105',9),('B01-35',2,1,71,'269-A83',9),('B01-36',2,1,72,NULL,9),('B02-01',2,2,49,'284V-222',12),('B02-02',2,2,50,'269-A49',11),('B02-03',2,2,51,'278-C12',11),('B02-04',2,2,52,'252-A09',11),('B02-05',2,2,53,'278V-561',11),('B02-06',2,2,54,'278V-545',11),('B02-07',2,2,55,'252-A96',11),('B02-08',2,2,56,'252-A18',11),('B02-09',2,2,57,'278-C94',11),('B02-10',2,2,58,'269-A45',11),('B02-11',2,2,59,NULL,11),('B02-12',2,2,60,'278-C46',11),('B02-13',2,2,61,'252V-185',11),('B02-14',2,2,62,NULL,11),('B02-15',2,2,63,'278-C04',11),('B02-16',2,2,64,'278-C45',11),('B02-17',2,2,65,'278V-378',11),('B02-18',2,2,66,'278V-119',11),('B02-19',2,2,67,'278V-157',11),('B02-20',2,2,68,'278V-385',11),('B02-21',2,2,69,NULL,11),('B02-22',2,2,70,'278V-372',11),('B02-23',2,2,71,NULL,11),('B02-24',2,2,72,'278V-249',10),('B02-25',2,2,73,NULL,10),('B02-26',2,2,74,'278V-282',10),('B02-27',2,2,75,'296V-014',10),('B02-28',2,2,76,'278V-355',10),('B02-29',2,2,77,'773-A23',10),('B02-30',2,2,78,NULL,10),('B02-31',2,2,79,'278V-392',10),('B02-32',2,2,80,'20P-A25',10),('B02-33',2,2,81,NULL,10),('B02-34',2,2,82,NULL,10),('B02-35',2,2,83,'252V-199',10),('B02-36',2,2,84,'278-A01',10),('B02-37',2,2,85,'278-A18',10),('B02-38',2,2,86,'252V-163',10),('B02-39',2,2,87,NULL,10),('B02-40',2,2,88,NULL,10),('B02-41',2,2,89,NULL,10),('B02-42',2,2,90,NULL,9),('B02-43',2,2,91,'297V-005',9),('B02-44',2,2,92,'278V-501',9),('B02-45',2,2,93,NULL,9),('B02-46',2,2,94,'252V-006',9),('B02-47',2,2,95,'252V-190',9),('B02-48',2,2,96,NULL,9),('B03-01',2,3,49,'278-D48',11),('B03-02',2,3,50,'252V-161',11),('B03-03',2,3,51,NULL,11),('B03-04',2,3,52,NULL,11),('B03-05',2,3,53,'494-A12',11),('B03-06',2,3,54,NULL,11),('B03-07',2,3,55,NULL,11),('B03-08',2,3,56,NULL,11),('B03-09',2,3,57,'269V-013',11),('B03-10',2,3,58,'252-A04',11),('B03-11',2,3,59,'284V-272',11),('B03-12',2,3,60,'284V-274',11),('B03-13',2,3,61,'278-B03',10),('B03-14',2,3,62,'278-B20',10),('B03-15',2,3,63,NULL,10),('B03-16',2,3,64,NULL,10),('B03-17',2,3,65,'284V-141',10),('B03-18',2,3,66,NULL,10),('B03-19',2,3,67,'284V-071',10),('B03-20',2,3,68,NULL,10),('B03-21',2,3,69,'284V-123',10),('B03-22',2,3,70,NULL,10),('B03-23',2,3,71,NULL,10),('B03-24',2,3,72,'284V-049',10),('B03-25',2,3,73,'284V-060',10),('B03-26',2,3,74,NULL,9),('B03-27',2,3,75,'284V-051',9),('B03-28',2,3,76,'284V-045',9),('B03-29',2,3,77,'284V-026',9),('B03-30',2,3,78,'284V-112',9),('B03-31',2,3,79,'284V-133',9),('B03-32',2,3,80,'284V-085',9),('B03-33',2,3,81,'284V-182',9),('B03-34',2,3,82,'252-A13',9),('B03-35',2,3,83,'252V-188',9),('B03-36',2,3,84,'278V-507',9),('B03-37',2,3,85,'252-A15',9),('B03-38',2,3,86,'278-D95',9),('B03-39',2,3,87,'269V-260',9),('B03-40',2,3,88,'278V-556',9),('B03-41',2,3,89,'252-A03',9),('B03-42',2,3,90,NULL,9),('B03-43',2,3,91,'773-A13',9),('B03-44',2,3,92,'284V-212',9),('B03-45',2,3,93,'284V-280',8),('B03-46',2,3,94,NULL,8),('B03-47',2,3,95,'284V-252',8),('B03-48',2,3,96,NULL,8),('B04-01',2,4,67,'278V-485',12),('B04-02',2,4,68,NULL,12),('B04-03',2,4,69,'278V-569',12),('B04-04',2,4,70,'284V-218',11),('B04-05',2,4,71,NULL,11),('B04-06',2,4,72,'278V-264',11),('B04-07',2,4,73,'284V-157',11),('B04-08',2,4,74,NULL,11),('B04-09',2,4,75,NULL,11),('B04-10',2,4,76,NULL,11),('B04-11',2,4,77,'278-C63',11),('B04-12',2,4,78,NULL,11),('B04-13',2,4,79,'252V-171',11),('B04-14',2,4,80,NULL,11),('B04-15',2,4,81,'278V-032',11),('B04-16',2,4,82,'252V-172',11),('B04-17',2,4,83,'278-A33',11),('B04-18',2,4,84,'494-A08',11),('B04-19',2,4,85,'278-C41',11),('B04-20',2,4,86,'278-A34',11),('B04-21',2,4,87,'278-A99',11),('B04-22',2,4,88,'278V-198',10),('B04-23',2,4,89,'284V-033',10),('B04-24',2,4,90,'284V-106',10),('B04-25',2,4,91,'284V-104',10),('B04-26',2,4,92,'284V-256',10),('B04-27',2,4,93,'284V-056',10),('B04-28',2,4,94,NULL,10),('B04-29',2,4,95,NULL,10),('B04-30',2,4,96,'284V-109',10),('B04-31',2,4,97,'284V-121',10),('B04-32',2,4,98,NULL,10),('B04-33',2,4,99,'284V-007',10),('B04-34',2,4,100,'284V-015',10),('B04-35',2,4,101,'284V-094',10),('B04-36',2,4,102,'284V-113',10),('B04-37',2,4,103,'284V-001',10),('B04-38',2,4,104,'284V-048',10),('B04-39',2,4,105,'284V-024',10),('B04-40',2,4,106,'284V-081',10),('B04-41',2,4,107,'284V-037',10),('B04-42',2,4,108,'284V-027',10),('B04-43',2,4,109,'284V-136',10),('B04-44',2,4,110,'284V-119',10),('B04-45',2,4,111,'284V-039',10),('B04-46',2,4,112,'284V-047',10),('B04-47',2,4,113,'278V-072',10),('B04-48',2,4,114,NULL,10),('B04-49',2,4,115,NULL,10),('B04-50',2,4,116,NULL,10),('B04-51',2,4,117,'378V-009',10),('B04-52',2,4,118,NULL,9),('B04-53',2,4,119,'378V-008',9),('B04-54',2,4,120,'252-A10',9),('B04-55',2,4,121,'278V-514',9),('B04-56',2,4,122,'851V-058',9),('B04-57',2,4,123,'278-B25',9),('B04-58',2,4,124,'278V-567',9),('B04-59',2,4,125,'278-A38',9),('B04-60',2,4,126,'278V-557',9),('B04-61',2,4,127,NULL,9),('B04-62',2,4,128,'278-B97',9),('B04-63',2,4,129,'278-B42',9),('B04-64',2,4,130,'278-A92',8),('B04-65',2,4,131,NULL,8),('B04-66',2,4,132,'278V-512',8),('C01-01',3,1,73,NULL,9),('C01-02',3,1,74,NULL,9),('C01-03',3,1,75,'278-C77',8),('C01-04',3,1,76,NULL,8),('C01-05',3,1,77,'278-E81',8),('C01-06',3,1,78,'252V-167',8),('C01-07',3,1,79,'278V-463',8),('C01-08',3,1,80,'269V-252',8),('C01-09',3,1,81,'278-E83',8),('C01-10',3,1,82,'269V-225',8),('C01-11',3,1,83,'278V-520',8),('C01-12',3,1,84,'284V-101',8),('C01-13',3,1,85,'278V-098',7),('C01-14',3,1,86,'318V-011',7),('C01-15',3,1,87,'278V-517',7),('C01-16',3,1,88,'278-D68',7),('C01-17',3,1,89,NULL,7),('C01-18',3,1,90,'289V-006',7),('C01-19',3,1,91,NULL,7),('C01-20',3,1,92,'217V-019',6),('C01-21',3,1,93,NULL,6),('C01-22',3,1,94,'318V-010',6),('C01-23',3,1,95,'212V-027',6),('C01-24',3,1,96,'294V-035',6),('C01-25',3,1,97,'851V-032',6),('C01-26',3,1,98,'252V-111',6),('C01-27',3,1,99,'851V-030',6),('C01-28',3,1,100,'252V-077',6),('C01-29',3,1,101,'252V-075',6),('C01-30',3,1,102,'851V-001',6),('C01-31',3,1,103,'252V-104',6),('C01-32',3,1,104,'294V-036',6),('C01-33',3,1,105,'851V-002',6),('C01-34',3,1,106,NULL,5),('C01-35',3,1,107,'252V-072',5),('C01-36',3,1,108,NULL,5),('C02-01',3,2,97,'252V-084',9),('C02-02',3,2,98,'252V-180',9),('C02-03',3,2,99,'773-A06',9),('C02-04',3,2,100,'278-C49',9),('C02-05',3,2,101,NULL,8),('C02-06',3,2,102,'278-A19',8),('C02-07',3,2,103,'278-C58',8),('C02-08',3,2,104,'278-D96',8),('C02-09',3,2,105,'278-D46',8),('C02-10',3,2,106,'278V-563',8),('C02-11',3,2,107,'252-A52',8),('C02-12',3,2,108,'212V-001',8),('C02-13',3,2,109,'252V-014',8),('C02-14',3,2,110,'212V-005',8),('C02-15',3,2,111,NULL,8),('C02-16',3,2,112,'773-A14',8),('C02-17',3,2,113,'217V-013',8),('C02-18',3,2,114,'318V-012',8),('C02-19',3,2,115,'217V-021',8),('C02-20',3,2,116,'217V-011',8),('C02-21',3,2,117,'252V-054',8),('C02-22',3,2,118,'217V-020',8),('C02-23',3,2,119,'20Y-A03',8),('C02-24',3,2,120,'217V-016',8),('C02-25',3,2,121,'297V-006',8),('C02-26',3,2,122,'217V-012',8),('C02-27',3,2,123,'417V-005',7),('C02-28',3,2,124,'284V-203',7),('C02-29',3,2,125,'417V-004',7),('C02-30',3,2,126,'417V-003',7),('C02-31',3,2,127,'417V-001',7),('C02-32',3,2,128,'417V-006',7),('C02-33',3,2,129,'294V-017',7),('C02-34',3,2,130,'851-A07',7),('C02-35',3,2,131,NULL,7),('C02-36',3,2,132,'294V-018',7),('C02-37',3,2,133,'294V-030',7),('C02-38',3,2,134,'294V-028',7),('C02-39',3,2,135,'294V-003',7),('C02-40',3,2,136,'20P-A32',7),('C02-41',3,2,137,'851V-011',7),('C02-42',3,2,138,'294V-004',7),('C02-43',3,2,139,'252V-013',7),('C02-44',3,2,140,'851-A08',7),('C02-45',3,2,141,'851V-034',6),('C02-46',3,2,142,'252V-016',6),('C02-47',3,2,143,'851V-033',6),('C02-48',3,2,144,'851V-038',6),('C03-01',3,3,97,'773-A04',8),('C03-02',3,3,98,'773-A02',8),('C03-03',3,3,99,NULL,8),('C03-04',3,3,100,'773-A03',8),('C03-05',3,3,101,NULL,8),('C03-06',3,3,102,NULL,8),('C03-07',3,3,103,'20P-A33',8),('C03-08',3,3,104,'773-A08',8),('C03-09',3,3,105,'278-B33',8),('C03-10',3,3,106,'773-A10',8),('C03-11',3,3,107,'278-D51',8),('C03-12',3,3,108,NULL,8),('C03-13',3,3,109,NULL,8),('C03-14',3,3,110,NULL,8),('C03-15',3,3,111,NULL,8),('C03-16',3,3,112,NULL,8),('C03-17',3,3,113,'217V-015',8),('C03-18',3,3,114,NULL,7),('C03-19',3,3,115,'217V-018',7),('C03-20',3,3,116,'217V-017',7),('C03-21',3,3,117,NULL,7),('C03-22',3,3,118,'217V-014',7),('C03-23',3,3,119,NULL,7),('C03-24',3,3,120,'217V-022',7),('C03-25',3,3,121,'412V-007',7),('C03-26',3,3,122,'412V-005',7),('C03-27',3,3,123,NULL,7),('C03-28',3,3,124,'217V-023',7),('C03-29',3,3,125,'412-A01',7),('C03-30',3,3,126,'412V-006',7),('C03-31',3,3,127,'288V-002',7),('C03-32',3,3,128,'412V-001',7),('C03-33',3,3,129,'851V-047',7),('C03-34',3,3,130,'294V-029',7),('C03-35',3,3,131,'294V-016',7),('C03-36',3,3,132,'851V-044',6),('C03-37',3,3,133,'294V-007',6),('C03-38',3,3,134,'294V-006',6),('C03-39',3,3,135,NULL,6),('C03-40',3,3,136,'294V-020',6),('C03-41',3,3,137,'851V-018',6),('C03-42',3,3,138,'851V-010',6),('C03-43',3,3,139,'851V-040',6),('C03-44',3,3,140,'851V-051',6),('C03-45',3,3,141,'851V-029',6),('C03-46',3,3,142,'278-D99',6),('C03-47',3,3,143,'851V-028',6),('C03-48',3,3,144,'294V-027',6),('C04-01',3,4,133,NULL,8),('C04-02',3,4,134,NULL,8),('C04-03',3,4,135,NULL,8),('C04-04',3,4,136,'284V-266',8),('C04-05',3,4,137,NULL,8),('C04-06',3,4,138,'284V-244',8),('C04-07',3,4,139,'284V-150',8),('C04-08',3,4,140,'284V-190',8),('C04-09',3,4,141,NULL,8),('C04-10',3,4,142,NULL,8),('C04-11',3,4,143,NULL,8),('C04-12',3,4,144,'284V-149',8),('C04-13',3,4,145,'284V-275',8),('C04-14',3,4,146,NULL,8),('C04-15',3,4,147,'284V-152',8),('C04-16',3,4,148,'284V-209',8),('C04-17',3,4,149,'278-A39',8),('C04-18',3,4,150,NULL,8),('C04-19',3,4,151,'278-A16',8),('C04-20',3,4,152,NULL,8),('C04-21',3,4,153,NULL,8),('C04-22',3,4,154,'278-A36',8),('C04-23',3,4,155,'274V-003',8),('C04-24',3,4,156,'252V-020',8),('C04-25',3,4,157,'284V-186',8),('C04-26',3,4,158,'217V-010',8),('C04-27',3,4,159,NULL,8),('C04-28',3,4,160,'284V-003',8),('C04-29',3,4,161,'20P-A06',8),('C04-30',3,4,162,'284V-269',8),('C04-31',3,4,163,'269V-004',7),('C04-32',3,4,164,'296V-019',7),('C04-33',3,4,165,'252V-015',7),('C04-34',3,4,166,'252V-040',7),('C04-35',3,4,167,'284V-238',7),('C04-36',3,4,168,'284V-181',7),('C04-37',3,4,169,'284V-221',7),('C04-38',3,4,170,'284V-234',7),('C04-39',3,4,171,'284V-009',7),('C04-40',3,4,172,'284V-236',7),('C04-41',3,4,173,'284V-089',7),('C04-42',3,4,174,'252V-102',7),('C04-43',3,4,175,'252V-065',7),('C04-44',3,4,176,'252-B09',7),('C04-45',3,4,177,'851V-013',7),('C04-46',3,4,178,'284V-031',7),('C04-47',3,4,179,'851V-012',7),('C04-48',3,4,180,NULL,7),('C04-49',3,4,181,'851V-017',7),('C04-50',3,4,182,'851V-024',7),('C04-51',3,4,183,'851V-041',7),('C04-52',3,4,184,NULL,7),('C04-53',3,4,185,'851V-053',7),('C04-54',3,4,186,'851V-016',7),('C04-55',3,4,187,'851V-019',7),('C04-56',3,4,188,'851-A10',7),('C04-57',3,4,189,NULL,7),('C04-58',3,4,190,'851V-042',7),('C04-59',3,4,191,NULL,7),('C04-60',3,4,192,'851V-046',7),('C04-61',3,4,193,NULL,7),('C04-62',3,4,194,NULL,7),('C04-63',3,4,195,'851-A06',7),('C04-64',3,4,196,NULL,7),('C04-65',3,4,197,'851V-015',7),('C04-66',3,4,198,'851V-027',7),('D01-01',4,1,109,'278-E02',5),('D01-02',4,1,110,NULL,5),('D01-03',4,1,111,'269V-268',5),('D01-04',4,1,112,'20U-A01',5),('D01-05',4,1,113,NULL,4),('D01-06',4,1,114,NULL,4),('D01-07',4,1,115,'278-D33',4),('D01-08',4,1,116,'278V-204',4),('D01-09',4,1,117,NULL,4),('D01-10',4,1,118,'278-E42',3),('D01-11',4,1,119,NULL,3),('D01-12',4,1,120,NULL,3),('D01-13',4,1,121,'278V-274',3),('D01-14',4,1,122,'851-A04',3),('D01-15',4,1,123,'294V-002',3),('D01-16',4,1,124,'278V-521',3),('D01-17',4,1,125,NULL,3),('D01-18',4,1,126,'494V-004',3),('D01-19',4,1,127,NULL,3),('D01-20',4,1,128,'278-D77',3),('D01-21',4,1,129,'269V-196',3),('D01-22',4,1,130,'252-A77',3),('D01-23',4,1,131,'773-A31',3),('D01-24',4,1,132,'278V-519',2),('D01-25',4,1,133,'212V-009',2),('D01-26',4,1,134,'278V-303',2),('D01-27',4,1,135,'278-B69',2),('D01-28',4,1,136,'278V-345',1),('D01-29',4,1,137,NULL,1),('D01-30',4,1,138,NULL,1),('D01-31',4,1,139,'278V-424',1),('D01-32',4,1,140,'278V-138',1),('D01-33',4,1,141,'278-B54',1),('D01-34',4,1,142,'278-B68',1),('D01-35',4,1,143,'278V-224',1),('D01-36',4,1,144,'278-D90',1),('D02-01',4,2,145,NULL,6),('D02-02',4,2,146,'252-B07',6),('D02-03',4,2,147,'269-A79',6),('D02-04',4,2,148,'269-A97',6),('D02-05',4,2,149,NULL,6),('D02-06',4,2,150,NULL,5),('D02-07',4,2,151,'252V-018',5),('D02-08',4,2,152,'278-D71',5),('D02-09',4,2,153,'20P-A44',5),('D02-10',4,2,154,'278-E77',5),('D02-11',4,2,155,'278-D19',5),('D02-12',4,2,156,'278-E82',5),('D02-13',4,2,157,NULL,5),('D02-14',4,2,158,'278-D62',5),('D02-15',4,2,159,NULL,5),('D02-16',4,2,160,'22A-A27',5),('D02-17',4,2,161,'212V-002',5),('D02-18',4,2,162,NULL,5),('D02-19',4,2,163,'284V-219',5),('D02-20',4,2,164,NULL,5),('D02-21',4,2,165,'494-A09',5),('D02-22',4,2,166,'278V-549',5),('D02-23',4,2,167,'284V-153',5),('D02-24',4,2,168,'252V-166',5),('D02-25',4,2,169,'252V-170',5),('D02-26',4,2,170,NULL,5),('D02-27',4,2,171,'278-C65',4),('D02-28',4,2,172,'278V-515',4),('D02-29',4,2,173,'252-B21',4),('D02-30',4,2,174,'284V-226',4),('D02-31',4,2,175,'296V-015',4),('D02-32',4,2,176,NULL,4),('D02-33',4,2,177,'278V-478',4),('D02-34',4,2,178,NULL,4),('D02-35',4,2,179,NULL,4),('D02-36',4,2,180,'278V-404',4),('D02-37',4,2,181,'278V-132',4),('D02-38',4,2,182,'278-E41',4),('D02-39',4,2,183,'278V-416',4),('D02-40',4,2,184,'278V-406',4),('D02-41',4,2,185,'278V-329',3),('D02-42',4,2,186,NULL,3),('D02-43',4,2,187,'252V-010',3),('D02-44',4,2,188,'278V-449',3),('D02-45',4,2,189,NULL,3),('D02-46',4,2,190,'278V-448',3),('D02-47',4,2,191,'278V-452',3),('D02-48',4,2,192,NULL,3),('D03-01',4,3,145,NULL,6),('D03-02',4,3,146,'278-D27',6),('D03-03',4,3,147,NULL,6),('D03-04',4,3,148,NULL,5),('D03-05',4,3,149,NULL,5),('D03-06',4,3,150,NULL,5),('D03-07',4,3,151,'278-D52',5),('D03-08',4,3,152,NULL,5),('D03-09',4,3,153,NULL,5),('D03-10',4,3,154,'278-D55',5),('D03-11',4,3,155,'278-E93',5),('D03-12',4,3,156,'278-E26',5),('D03-13',4,3,157,'22A-A09',5),('D03-14',4,3,158,'278-A22',5),('D03-15',4,3,159,'278-E32',5),('D03-16',4,3,160,'20Y-A17',5),('D03-17',4,3,161,NULL,5),('D03-18',4,3,162,'252-A53',5),('D03-19',4,3,163,NULL,5),('D03-20',4,3,164,NULL,5),('D03-21',4,3,165,'294V-008',5),('D03-22',4,3,166,'252-A68',5),('D03-23',4,3,167,'284V-271',5),('D03-24',4,3,168,NULL,4),('D03-25',4,3,169,'278-D32',4),('D03-26',4,3,170,'278-C34',4),('D03-27',4,3,171,'284V-140',4),('D03-28',4,3,172,'296V-007',4),('D03-29',4,3,173,NULL,4),('D03-30',4,3,174,NULL,4),('D03-31',4,3,175,NULL,4),('D03-32',4,3,176,NULL,3),('D03-33',4,3,177,'217V-003',3),('D03-34',4,3,178,'278V-418',3),('D03-35',4,3,179,'252V-074',3),('D03-36',4,3,180,'278-D64',3),('D03-37',4,3,181,'212V-012',3),('D03-38',4,3,182,'278V-419',3),('D03-39',4,3,183,'278V-430',3),('D03-40',4,3,184,'278V-375',3),('D03-41',4,3,185,'278V-276',3),('D03-42',4,3,186,NULL,3),('D03-43',4,3,187,'278V-245',2),('D03-44',4,3,188,'252V-011',2),('D03-45',4,3,189,'278V-387',2),('D03-46',4,3,190,'278V-135',2),('D03-47',4,3,191,'278V-370',2),('D03-48',4,3,192,'252V-017',2),('D04-01',4,4,199,NULL,7),('D04-02',4,4,200,'20P-A61',7),('D04-03',4,4,201,NULL,7),('D04-04',4,4,202,NULL,7),('D04-05',4,4,203,NULL,7),('D04-06',4,4,204,NULL,6),('D04-07',4,4,205,NULL,6),('D04-08',4,4,206,NULL,6),('D04-09',4,4,207,'278-D05(A)',6),('D04-10',4,4,208,'278-D05(B)',6),('D04-11',4,4,209,NULL,6),('D04-12',4,4,210,'293-A05',6),('D04-13',4,4,211,NULL,6),('D04-14',4,4,212,NULL,6),('D04-15',4,4,213,NULL,6),('D04-16',4,4,214,'278-B70',6),('D04-17',4,4,215,'805-A05',6),('D04-18',4,4,216,NULL,6),('D04-19',4,4,217,'805-A62',6),('D04-20',4,4,218,NULL,6),('D04-21',4,4,219,'278-A76',6),('D04-22',4,4,220,NULL,6),('D04-23',4,4,221,'278V-496',6),('D04-24',4,4,222,'252-A07',6),('D04-25',4,4,223,'41M-A01',6),('D04-26',4,4,224,'269V-258',6),('D04-27',4,4,225,'278-B79',6),('D04-28',4,4,226,'20P-A01',6),('D04-29',4,4,227,'851-A11',6),('D04-30',4,4,228,'494-A10',6),('D04-31',4,4,229,'20P-A04',6),('D04-32',4,4,230,NULL,5),('D04-33',4,4,231,NULL,5),('D04-34',4,4,232,'252-A33',5),('D04-35',4,4,233,NULL,5),('D04-36',4,4,234,NULL,5),('D04-37',4,4,235,'269V-267',5),('D04-38',4,4,236,NULL,5),('D04-39',4,4,237,'20P-A02',5),('D04-40',4,4,238,NULL,5),('D04-41',4,4,239,'252V-154',5),('D04-42',4,4,240,'278-A07',5),('D04-43',4,4,241,NULL,5),('D04-44',4,4,242,'269-A05',5),('D04-45',4,4,243,NULL,5),('D04-46',4,4,244,'278V-337',5),('D04-47',4,4,245,NULL,5),('D04-48',4,4,246,'278V-401',4),('D04-49',4,4,247,'278V-338',4),('D04-50',4,4,248,NULL,4),('D04-51',4,4,249,'278V-412',4),('D04-52',4,4,250,'278-D59',4),('D04-53',4,4,251,NULL,4),('D04-54',4,4,252,'278V-317',4),('D04-55',4,4,253,'278V-118',4),('D04-56',4,4,254,'278-C40',4),('D04-57',4,4,255,'278V-257',4),('D04-58',4,4,256,'278V-206',4),('D04-59',4,4,257,'278V-247',4),('D04-60',4,4,258,'278-D12',4),('D04-61',4,4,259,'278V-026',4),('D04-62',4,4,260,'278V-027',4),('D04-63',4,4,261,NULL,4),('D04-64',4,4,262,NULL,4),('D04-65',4,4,263,'278V-258',3),('D04-66',4,4,264,NULL,3),('E01-01',5,1,145,'294V-009',1),('E01-02',5,1,146,'269-A08',1),('E01-03',5,1,147,'278-C44',1),('E01-04',5,1,148,'278V-395',1),('E01-05',5,1,149,'278V-472',1),('E01-06',5,1,150,NULL,1),('E01-07',5,1,151,'278V-453',1),('E01-08',5,1,152,'278V-346',1),('E01-09',5,1,153,'212V-011',1),('E01-10',5,1,154,'278V-426',1),('E01-11',5,1,155,'278V-386',1),('E01-12',5,1,156,'278V-241',1),('E01-13',5,1,157,'212V-004',1),('E01-14',5,1,158,'278-C91',1),('E01-15',5,1,159,NULL,1),('E01-16',5,1,160,NULL,1),('E01-17',5,1,161,'278-E06',1),('E01-18',5,1,162,'22A-A04',1),('E01-19',5,1,163,NULL,1),('E01-20',5,1,164,NULL,1),('E01-21',5,1,165,'278-E56',1),('E01-22',5,1,166,NULL,1),('E01-23',5,1,167,'278-E38',1),('E01-24',5,1,168,NULL,1),('E01-25',5,1,169,'278-C38',1),('E01-26',5,1,170,NULL,1),('E01-27',5,1,171,NULL,1),('E01-28',5,1,172,NULL,1),('E01-29',5,1,173,NULL,1),('E01-30',5,1,174,NULL,1),('E01-31',5,1,175,NULL,1),('E01-32',5,1,176,NULL,1),('E01-33',5,1,177,'278-B84',1),('E01-34',5,1,178,NULL,1),('E01-35',5,1,179,'278V-298',1),('E01-36',5,1,180,NULL,1),('E01-37',5,1,181,'278-A10',1),('E01-38',5,1,182,'851V-061',1),('E01-39',5,1,183,'252V-124',1),('E01-40',5,1,184,'278-E20',1),('E01-41',5,1,185,'278V-493',1),('E01-42',5,1,186,'269-A01',1),('E01-43',5,1,187,'278-A93',1),('E01-44',5,1,188,NULL,1),('E01-45',5,1,189,'278-A66',1),('E01-46',5,1,190,'269V-017',1),('E01-47',5,1,191,NULL,1),('E01-48',5,1,192,'278V-133',1),('E02-01',5,2,193,'278V-321',3),('E02-02',5,2,194,NULL,3),('E02-03',5,2,195,'278V-137',3),('E02-04',5,2,196,'269V-009',3),('E02-05',5,2,197,'278V-149',2),('E02-06',5,2,198,NULL,2),('E02-07',5,2,199,'278V-136',2),('E02-08',5,2,200,'278V-447',2),('E02-09',5,2,201,'278V-144',2),('E02-10',5,2,202,'278V-451',2),('E02-11',5,2,203,NULL,1),('E02-12',5,2,204,'278V-364',1),('E02-13',5,2,205,'278V-327',1),('E02-14',5,2,206,'278V-126',1),('E02-15',5,2,207,'278V-184',1),('E02-16',5,2,208,'278V-442',1),('E02-17',5,2,209,'278V-079',1),('E02-18',5,2,210,'212V-010',1),('E02-19',5,2,211,'278-E75',1),('E02-20',5,2,212,'278-E61',1),('E02-21',5,2,213,NULL,1),('E02-22',5,2,214,NULL,1),('E02-23',5,2,215,'278V-049',1),('E02-24',5,2,216,'212V-006',1),('E02-25',5,2,217,'851-A18',1),('E02-26',5,2,218,'278-D44',1),('E02-27',5,2,219,'278-C81',1),('E02-28',5,2,220,NULL,1),('E02-29',5,2,221,'278-E23',1),('E02-30',5,2,222,'252-A95',1),('E02-31',5,2,223,'278-E73',1),('E02-32',5,2,224,'278-E71',1),('E02-33',5,2,225,'278-D60',1),('E02-34',5,2,226,'278-E05',1),('E02-35',5,2,227,'252-A60',1),('E02-36',5,2,228,'278-B99',1),('E02-37',5,2,229,'252-A45',1),('E02-38',5,2,230,'252-A54',1),('E02-39',5,2,231,NULL,1),('E02-40',5,2,232,'278-D89',1),('E02-41',5,2,233,NULL,1),('E02-42',5,2,234,'20Y-A13',1),('E02-43',5,2,235,'252-B47',1),('E02-44',5,2,236,'252V-066',1),('E02-45',5,2,237,'252V-026',1),('E02-46',5,2,238,NULL,1),('E02-47',5,2,239,'252-A94',1),('E02-48',5,2,240,'278-E74',1),('E02-49',5,2,241,'278-A11',1),('E02-50',5,2,242,'293-A09',1),('E02-51',5,2,243,NULL,1),('E02-52',5,2,244,'278-E27',1),('E02-53',5,2,245,'252V-173',1),('E02-54',5,2,246,'252V-177',1),('E02-55',5,2,247,NULL,1),('E02-56',5,2,248,'252V-147',1),('E02-57',5,2,249,'278V-499',1),('E02-58',5,2,250,'284V-216',1),('E02-59',5,2,251,'252-A50',1),('E02-60',5,2,252,NULL,1),('E02-61',5,2,253,NULL,1),('E02-62',5,2,254,'278V-550',1),('E02-63',5,2,255,NULL,1),('E02-64',5,2,256,NULL,1),('E03-01',5,3,193,NULL,2),('E03-02',5,3,194,'278V-039',2),('E03-03',5,3,195,NULL,2),('E03-04',5,3,196,'278V-256',2),('E03-05',5,3,197,'278V-526',2),('E03-06',5,3,198,'278-C42',2),('E03-07',5,3,199,NULL,2),('E03-08',5,3,200,'294V-021',2),('E03-09',5,3,201,'278V-279',1),('E03-10',5,3,202,'278V-290',1),('E03-11',5,3,203,'278V-365',1),('E03-12',5,3,204,'278V-108',1),('E03-13',5,3,205,'278V-012',1),('E03-14',5,3,206,'278V-513',1),('E03-15',5,3,207,'278V-251',1),('E03-16',5,3,208,NULL,1),('E03-17',5,3,209,'20P-A46',1),('E03-18',5,3,210,'252-B46',1),('E03-19',5,3,211,'278-E36',1),('E03-20',5,3,212,'278-D56',1),('E03-21',5,3,213,'278-D37',1),('E03-22',5,3,214,'278-E22',1),('E03-23',5,3,215,'81P-A04',1),('E03-24',5,3,216,'278-D85',1),('E03-25',5,3,217,'278-C02',1),('E03-26',5,3,218,'309-A02',1),('E03-27',5,3,219,'269-A66',1),('E03-28',5,3,220,'20P-A31',1),('E03-29',5,3,221,'10F-A02',1),('E03-30',5,3,222,'269-A80',1),('E03-31',5,3,223,'10F-A03',1),('E03-32',5,3,224,'10F-A01',1),('E03-33',5,3,225,'278-B76',1),('E03-34',5,3,226,'252V-064',1),('E03-35',5,3,227,'252-A78',1),('E03-36',5,3,228,NULL,1),('E03-37',5,3,229,'252-A28',1),('E03-38',5,3,230,'252-A87',1),('E03-39',5,3,231,'278-D41',1),('E03-40',5,3,232,'278-D58',1),('E03-41',5,3,233,'22A-A42',1),('E03-42',5,3,234,'252-A75',1),('E03-43',5,3,235,'252-A73',1),('E03-44',5,3,236,'20U-A04',1),('E03-45',5,3,237,'81P-A03',1),('E03-46',5,3,238,NULL,1),('E03-47',5,3,239,'252V-028',1),('E03-48',5,3,240,'252V-088',1),('E03-49',5,3,241,'284V-180',1),('E03-50',5,3,242,NULL,1),('E03-51',5,3,243,'278V-511',1),('E03-52',5,3,244,'252V-184',1),('E03-53',5,3,245,'773-A09',1),('E03-54',5,3,246,'284V-198',1),('E03-55',5,3,247,'278-B35',1),('E03-56',5,3,248,'252V-194',1),('E03-57',5,3,249,'252-A70',1),('E03-58',5,3,250,'252-A41',1),('E03-59',5,3,251,'773-A11',1),('E03-60',5,3,252,'278V-505',1),('E03-61',5,3,253,NULL,1),('E03-62',5,3,254,NULL,1),('E03-63',5,3,255,'278-D84',1),('E03-64',5,3,256,'20P-A09',1),('E04-01',5,4,265,NULL,3),('E04-02',5,4,266,'22A-A05',3),('E04-03',5,4,267,NULL,3),('E04-04',5,4,268,'278V-339',3),('E04-05',5,4,269,'278V-334',3),('E04-06',5,4,270,'278V-362',3),('E04-07',5,4,271,NULL,3),('E04-08',5,4,272,NULL,3),('E04-09',5,4,273,'278V-034',3),('E04-10',5,4,274,'278V-152',3),('E04-11',5,4,275,'278V-287',3),('E04-12',5,4,276,NULL,3),('E04-13',5,4,277,'278V-407',3),('E04-14',5,4,278,'278V-117',3),('E04-15',5,4,279,'278V-116',3),('E04-16',5,4,280,'278V-319',3),('E04-17',5,4,281,'278V-229',2),('E04-18',5,4,282,NULL,2),('E04-19',5,4,283,NULL,2),('E04-20',5,4,284,'278V-444',2),('E04-21',5,4,285,'278V-288',2),('E04-22',5,4,286,NULL,2),('E04-23',5,4,287,'20P-A41',2),('E04-24',5,4,288,'269-A65',2),('E04-25',5,4,289,'20P-A37',2),('E04-26',5,4,290,'20P-A47',2),('E04-27',5,4,291,NULL,2),('E04-28',5,4,292,'278-E07',2),('E04-29',5,4,293,'278-E39',2),('E04-30',5,4,294,NULL,2),('E04-31',5,4,295,'20P-A52',2),('E04-32',5,4,296,'252-B50',2),('E04-33',5,4,297,'278-E17',2),('E04-34',5,4,298,'851-A20',2),('E04-35',5,4,299,NULL,2),('E04-36',5,4,300,'22A-A10',2),('E04-37',5,4,301,'20P-A62',2),('E04-38',5,4,302,'269-A70',1),('E04-39',5,4,303,NULL,1),('E04-40',5,4,304,NULL,1),('E04-41',5,4,305,'20P-A35',1),('E04-42',5,4,306,'252-B45',1),('E04-43',5,4,307,'851-A21',1),('E04-44',5,4,308,'851-A19',1),('E04-45',5,4,309,NULL,1),('E04-46',5,4,310,'252-A44',1),('E04-47',5,4,311,'252V-140',1),('E04-48',5,4,312,NULL,1),('E04-49',5,4,313,'252-A42',1),('E04-50',5,4,314,'278-B24',1),('E04-51',5,4,315,'284V-162',1),('E04-52',5,4,316,'278-C13',1),('E04-53',5,4,317,NULL,1),('E04-54',5,4,318,NULL,1),('E04-55',5,4,319,'293-A06',1),('E04-56',5,4,320,'278V-562',1),('E04-57',5,4,321,'252-A90',1),('E04-58',5,4,322,'278-B77',1),('E04-59',5,4,323,'252V-197',1),('E04-60',5,4,324,'293-A04',1),('E04-61',5,4,325,NULL,1),('E04-62',5,4,326,'278-B75',1),('E04-63',5,4,327,NULL,1),('E04-64',5,4,328,'269-A32',1),('E04-65',5,4,329,NULL,1),('E04-66',5,4,330,NULL,1),('E04-67',5,4,331,NULL,1),('E04-68',5,4,332,'278V-490',1),('E04-69',5,4,333,'278V-494',1),('E04-70',5,4,334,'284V-284',1),('E04-71',5,4,335,'278-A42',1),('E04-72',5,4,336,'284V-265',1),('E04-73',5,4,337,'20P-A03',1),('E04-74',5,4,338,'20P-A29',1),('E04-75',5,4,339,NULL,1),('E04-76',5,4,340,'284V-227',1),('E04-77',5,4,341,'269V-261',1),('E04-78',5,4,342,NULL,1),('E04-79',5,4,343,'252-A12',1),('E04-80',5,4,344,'284V-194',1),('E04-81',5,4,345,NULL,1),('E04-82',5,4,346,'278V-491',1),('E04-83',5,4,347,'289V-007',1),('E04-84',5,4,348,'252-A21',1),('E04-85',5,4,349,'284V-270',1),('E04-86',5,4,350,'278V-498',1),('E04-87',5,4,351,NULL,1),('E04-88',5,4,352,NULL,1),('F01-01',6,1,193,'252V-070',1),('F01-02',6,1,194,'252V-089',1),('F01-03',6,1,195,'269V-129',1),('F01-04',6,1,196,'269-A46',1),('F01-05',6,1,197,NULL,1),('F01-06',6,1,198,NULL,1),('F01-07',6,1,199,'294V-001',1),('F01-08',6,1,200,'269-A22',1),('F01-09',6,1,201,'269V-248',1),('F01-10',6,1,202,'269V-247',1),('F01-11',6,1,203,NULL,1),('F01-12',6,1,204,NULL,1),('F01-13',6,1,205,'278V-042',1),('F01-14',6,1,206,'278V-433',1),('F01-15',6,1,207,'278-C25',1),('F01-16',6,1,208,'278V-316/02',1),('F01-17',6,1,209,'278V-438',1),('F01-18',6,1,210,'278V-381',1),('F01-19',6,1,211,'278V-145',1),('F01-20',6,1,212,'278V-316/01',1),('F01-21',6,1,213,'278V-366',1),('F01-22',6,1,214,'278V-367',1),('F01-23',6,1,215,NULL,1),('F01-24',6,1,216,'278V-254',1),('F01-25',6,1,217,'278V-332',1),('F01-26',6,1,218,'278V-374',1),('F01-27',6,1,219,'278V-351',1),('F01-28',6,1,220,'278V-431',1),('F01-29',6,1,221,NULL,1),('F01-30',6,1,222,'278V-402',1),('F01-31',6,1,223,'278V-470',1),('F01-32',6,1,224,'278V-125',1),('F01-33',6,1,225,NULL,1),('F01-34',6,1,226,'278V-215',1),('F01-35',6,1,227,NULL,1),('F01-36',6,1,228,'278V-055',1),('F01-37',6,1,229,NULL,1),('F01-38',6,1,230,NULL,1),('F01-39',6,1,231,'252V-097',1),('F01-40',6,1,232,'278V-476',1),('F01-41',6,1,233,'252V-094',1),('F01-42',6,1,234,'269-A85',1),('F01-43',6,1,235,'278-A14',1),('F01-44',6,1,236,NULL,1),('F01-45',6,1,237,'851V-014',1),('F01-46',6,1,238,'278V-502',1),('F01-47',6,1,239,NULL,1),('F01-48',6,1,240,NULL,1),('F02-01',6,2,257,'278V-176',1),('F02-02',6,2,258,'269V-246',1),('F02-03',6,2,259,NULL,1),('F02-04',6,2,260,'269V-209',1),('F02-05',6,2,261,'278V-067',1),('F02-06',6,2,262,'269V-A53',1),('F02-07',6,2,263,'269-A53',1),('F02-08',6,2,264,'269V-237',1),('F02-09',6,2,265,'269V-153',1),('F02-10',6,2,266,'269V-220',1),('F02-11',6,2,267,NULL,1),('F02-12',6,2,268,'252-B64',1),('F02-13',6,2,269,NULL,1),('F02-14',6,2,270,NULL,1),('F02-15',6,2,271,'269V-221',1),('F02-16',6,2,272,'269V-206',1),('F02-17',6,2,273,NULL,1),('F02-18',6,2,274,NULL,1),('F02-19',6,2,275,'278V-344',1),('F02-20',6,2,276,'278V-129',1),('F02-21',6,2,277,'278V-142',1),('F02-22',6,2,278,NULL,1),('F02-23',6,2,279,'278V-111',1),('F02-24',6,2,280,'278V-232',1),('F02-25',6,2,281,'278V-114',1),('F02-26',6,2,282,'269-A48',1),('F02-27',6,2,283,'278V-450',1),('F02-28',6,2,284,NULL,1),('F02-29',6,2,285,'278V-441',1),('F02-30',6,2,286,'278V-110',1),('F02-31',6,2,287,'278V-400',1),('F02-32',6,2,288,'278V-068',1),('F02-33',6,2,289,'278V-253',1),('F02-34',6,2,290,'278V-388',1),('F02-35',6,2,291,'278V-265',1),('F02-36',6,2,292,NULL,1),('F02-37',6,2,293,NULL,1),('F02-38',6,2,294,'278V-324',1),('F02-39',6,2,295,NULL,1),('F02-40',6,2,296,'278V-272',1),('F02-41',6,2,297,'278V-286',1),('F02-42',6,2,298,'278-B98',1),('F02-43',6,2,299,'278V-261',1),('F02-44',6,2,300,NULL,1),('F02-45',6,2,301,NULL,1),('F02-46',6,2,302,'278V-325',1),('F02-47',6,2,303,NULL,1),('F02-48',6,2,304,'278V-475',1),('F02-49',6,2,305,NULL,1),('F02-50',6,2,306,'252V-099',1),('F02-51',6,2,307,'278-E08',1),('F02-52',6,2,308,'269-A77',1),('F02-53',6,2,309,'278-E53-A',1),('F02-54',6,2,310,'278-E53-B',1),('F02-55',6,2,311,'20P-A40',1),('F02-56',6,2,312,'278-E78',1),('F02-57',6,2,313,NULL,1),('F02-58',6,2,314,NULL,1),('F02-59',6,2,315,NULL,1),('F02-60',6,2,316,NULL,1),('F02-61',6,2,317,'252-B48',1),('F02-62',6,2,318,NULL,1),('F02-63',6,2,319,'252V-035',1),('F02-64',6,2,320,NULL,1),('F03-01',6,3,257,'269V-059',1),('F03-02',6,3,258,'269V-193',1),('F03-03',6,3,259,'269V-218',1),('F03-04',6,3,260,'269-A07',1),('F03-05',6,3,261,'269V-243',1),('F03-06',6,3,262,NULL,1),('F03-07',6,3,263,NULL,1),('F03-08',6,3,264,'269V-226',1),('F03-09',6,3,265,'252-B65',1),('F03-10',6,3,266,'269-A25',1),('F03-11',6,3,267,NULL,1),('F03-12',6,3,268,'269-A16',1),('F03-13',6,3,269,'269V-159',1),('F03-14',6,3,270,'269V-181',1),('F03-15',6,3,271,'278-D97',1),('F03-16',6,3,272,NULL,1),('F03-17',6,3,273,'278V-124',1),('F03-18',6,3,274,'278V-342',1),('F03-19',6,3,275,'278V-181',1),('F03-20',6,3,276,'278V-292',1),('F03-21',6,3,277,NULL,1),('F03-22',6,3,278,'278V-123',1),('F03-23',6,3,279,'278V-285',1),('F03-24',6,3,280,'278V-097',1),('F03-25',6,3,281,NULL,1),('F03-26',6,3,282,'278V-353',1),('F03-27',6,3,283,'278V-350',1),('F03-28',6,3,284,'278V-341',1),('F03-29',6,3,285,NULL,1),('F03-30',6,3,286,NULL,1),('F03-31',6,3,287,'278V-172',1),('F03-32',6,3,288,'278V-391',1),('F03-33',6,3,289,NULL,1),('F03-34',6,3,290,'278V-222',1),('F03-35',6,3,291,'278V-271',1),('F03-36',6,3,292,'278V-044',1),('F03-37',6,3,293,'278-B95',1),('F03-38',6,3,294,'278V-177',1),('F03-39',6,3,295,NULL,1),('F03-40',6,3,296,'278-D23',1),('F03-41',6,3,297,'252V-062',1),('F03-42',6,3,298,'278V-045',1),('F03-43',6,3,299,'278V-379',1),('F03-44',6,3,300,NULL,1),('F03-45',6,3,301,'278-C59',1),('F03-46',6,3,302,NULL,1),('F03-47',6,3,303,'278V-422',1),('F03-48',6,3,304,'278V-359',1),('F03-49',6,3,305,NULL,1),('F03-50',6,3,306,'278-E59',1),('F03-51',6,3,307,NULL,1),('F03-52',6,3,308,NULL,1),('F03-53',6,3,309,'278-A87',1),('F03-54',6,3,310,NULL,1),('F03-55',6,3,311,NULL,1),('F03-56',6,3,312,'269-A78',1),('F03-57',6,3,313,NULL,1),('F03-58',6,3,314,'278-D21',1),('F03-59',6,3,315,NULL,1),('F03-60',6,3,316,'851-A17',1),('F03-61',6,3,317,NULL,1),('F03-62',6,3,318,'278-D54',1),('F03-63',6,3,319,NULL,1),('F03-64',6,3,320,NULL,1),('F04-01',6,4,353,'269-A52',1),('F04-02',6,4,354,'284V-164',1),('F04-03',6,4,355,'284V-204',1),('F04-04',6,4,356,'284V-189',1),('F04-05',6,4,357,'284V-197',1),('F04-06',6,4,358,'284V-277',1),('F04-07',6,4,359,'284V-281',1),('F04-08',6,4,360,NULL,1),('F04-09',6,4,361,'284V-145',1),('F04-10',6,4,362,'284V-160',1),('F04-11',6,4,363,'284V-199',1),('F04-12',6,4,364,'284V-156',1),('F04-13',6,4,365,'269V-253',1),('F04-14',6,4,366,NULL,1),('F04-15',6,4,367,'284V-235',1),('F04-16',6,4,368,'284V-146',1),('F04-17',6,4,369,'284V-143',1),('F04-18',6,4,370,'284V-243',1),('F04-19',6,4,371,NULL,1),('F04-20',6,4,372,'284V-246',1),('F04-21',6,4,373,NULL,1),('F04-22',6,4,374,'284V-233',1),('F04-23',6,4,375,'278V-368',1),('F04-24',6,4,376,'278V-289',1),('F04-25',6,4,377,'278V-307',1),('F04-26',6,4,378,'278V-336',1),('F04-27',6,4,379,'278V-352',1),('F04-28',6,4,380,NULL,1),('F04-29',6,4,381,'278V-506',1),('F04-30',6,4,382,'278V-291',1),('F04-31',6,4,383,'278V-230',1),('F04-32',6,4,384,'278V-443',1),('F04-33',6,4,385,'278V-309',1),('F04-34',6,4,386,'278V-310',1),('F04-35',6,4,387,'278V-120',1),('F04-36',6,4,388,NULL,1),('F04-37',6,4,389,'278V-237',1),('F04-38',6,4,390,NULL,1),('F04-39',6,4,391,'278V-440',1),('F04-40',6,4,392,NULL,1),('F04-41',6,4,393,'278V-313',1),('F04-42',6,4,394,'278V-304',1),('F04-43',6,4,395,'278-C53',1),('F04-44',6,4,396,'278V-358',1),('F04-45',6,4,397,'278V-306',1),('F04-46',6,4,398,'278V-335',1),('F04-47',6,4,399,NULL,1),('F04-48',6,4,400,'278-D18',1),('F04-49',6,4,401,NULL,1),('F04-50',6,4,402,'278V-280',1),('F04-51',6,4,403,'278-D61',1),('F04-52',6,4,404,'278V-415',1),('F04-53',6,4,405,'278V-414',1),('F04-54',6,4,406,'278V-369',1),('F04-55',6,4,407,'278V-281',1),('F04-56',6,4,408,NULL,1),('F04-57',6,4,409,'278V-308',1),('F04-58',6,4,410,'278V-417',1),('F04-59',6,4,411,'252V-071',1),('F04-60',6,4,412,'278V-360',1),('F04-61',6,4,413,NULL,1),('F04-62',6,4,414,NULL,1),('F04-63',6,4,415,NULL,1),('F04-64',6,4,416,'278V-112',1),('F04-65',6,4,417,NULL,1),('F04-66',6,4,418,NULL,1),('F04-67',6,4,419,'252V-041',1),('F04-68',6,4,420,'252V-132',1),('F04-69',6,4,421,'252V-081',1),('F04-70',6,4,422,'252V-039',1),('F04-71',6,4,423,'252V-085',1),('F04-72',6,4,424,'252V-042',1),('F04-73',6,4,425,'252V-007',1),('F04-74',6,4,426,'252V-052',1),('F04-75',6,4,427,'252V-009',1),('F04-76',6,4,428,'252V-024',1),('F04-77',6,4,429,'252V-034',1),('F04-78',6,4,430,'252V-080',1),('F04-79',6,4,431,'252V-059',1),('F04-80',6,4,432,'252V-090',1),('F04-81',6,4,433,'252V-110',1),('F04-82',6,4,434,'252V-043',1),('F04-83',6,4,435,'252V-060',1),('F04-84',6,4,436,'252V-067',1),('F04-85',6,4,437,'252V-045',1),('F04-86',6,4,438,NULL,1),('F04-87',6,4,439,NULL,1),('F04-88',6,4,440,'252V-114',1),('G01-01',7,1,241,'278V-464',1),('G01-02',7,1,242,'269V-238',1),('G01-03',7,1,243,NULL,1),('G01-04',7,1,244,'252V-155',1),('G01-05',7,1,245,'274V-005',1),('G01-06',7,1,246,'278-E70',1),('G01-07',7,1,247,'294V-037',1),('G01-08',7,1,248,'269V-255',1),('G01-09',7,1,249,'252V-137',1),('G01-10',7,1,250,'252V-175',1),('G01-11',7,1,251,NULL,1),('G01-12',7,1,252,'284V-059',1),('G01-13',7,1,253,'278V-537/2',1),('G01-14',7,1,254,'278V-537/1',1),('G01-15',7,1,255,'278V-544',1),('G01-16',7,1,256,'284V-069',1),('G01-17',7,1,257,'252V-164',1),('G01-18',7,1,258,NULL,1),('G01-19',7,1,259,'269-A02',1),('G01-20',7,1,260,'278V-500',1),('G01-21',7,1,261,'252V-121',1),('G01-22',7,1,262,NULL,1),('G01-23',7,1,263,'269V-197',1),('G01-24',7,1,264,NULL,1),('G01-25',7,1,265,NULL,1),('G01-26',7,1,266,NULL,1),('G01-27',7,1,267,NULL,1),('G01-28',7,1,268,'278-A59',1),('G01-29',7,1,269,'252V-144',1),('G01-30',7,1,270,'252-A76',1),('G01-31',7,1,271,'252-A20',1),('G01-32',7,1,272,NULL,1),('G01-33',7,1,273,NULL,1),('G01-34',7,1,274,'278V-297',1),('G01-35',7,1,275,'773-A05',1),('G01-36',7,1,276,NULL,1),('G02-01',7,2,321,'278-D57',1),('G02-02',7,2,322,'278V-509',1),('G02-03',7,2,323,NULL,1),('G02-04',7,2,324,'252-B04',1),('G02-05',7,2,325,'252V-179',1),('G02-06',7,2,326,'278V-330',1),('G02-07',7,2,327,'278-D13',1),('G02-08',7,2,328,'252-A49',1),('G02-09',7,2,329,NULL,1),('G02-10',7,2,330,NULL,1),('G02-11',7,2,331,NULL,1),('G02-12',7,2,332,'296V-006',1),('G02-13',7,2,333,'20P-A10',1),('G02-14',7,2,334,NULL,1),('G02-15',7,2,335,NULL,1),('G02-16',7,2,336,'284V-159',1),('G02-17',7,2,337,'20P-A08',1),('G02-18',7,2,338,NULL,1),('G02-19',7,2,339,'252V-082',1),('G02-20',7,2,340,'252V-156',1),('G02-21',7,2,341,'284V-158',1),('G02-22',7,2,342,NULL,1),('G02-23',7,2,343,'284V-225',1),('G02-24',7,2,344,'278-B90',1),('G02-25',7,2,345,'252V-196',1),('G02-26',7,2,346,NULL,1),('G02-27',7,2,347,'278-C07',1),('G02-28',7,2,348,'284V-116',1),('G02-29',7,2,349,'278V-481',1),('G02-30',7,2,350,'252-A74',1),('G02-31',7,2,351,'278-C32',1),('G02-32',7,2,352,NULL,1),('G02-33',7,2,353,'252V-023',1),('G02-34',7,2,354,NULL,1),('G02-35',7,2,355,'252-A80',1),('G02-36',7,2,356,NULL,1),('G02-37',7,2,357,'278-D11',1),('G02-38',7,2,358,'851-A03',1),('G02-39',7,2,359,NULL,1),('G02-40',7,2,360,'252V-115',1),('G02-41',7,2,361,'252-A71',1),('G02-42',7,2,362,NULL,1),('G02-43',7,2,363,'252-A30',1),('G02-44',7,2,364,NULL,1),('G02-45',7,2,365,'284V-174',1),('G02-46',7,2,366,'252-A81',1),('G02-47',7,2,367,'252V-131',1),('G02-48',7,2,368,NULL,1),('G03-01',7,3,321,'278-A80',1),('G03-02',7,3,322,'252V-176',1),('G03-03',7,3,323,'252-A08',1),('G03-04',7,3,324,'252-A32',1),('G03-05',7,3,325,'284V-229',1),('G03-06',7,3,326,'252V-168',1),('G03-07',7,3,327,'252-A05',1),('G03-08',7,3,328,'278-A20',1),('G03-09',7,3,329,'252V-150',1),('G03-10',7,3,330,NULL,1),('G03-11',7,3,331,NULL,1),('G03-12',7,3,332,'296V-010',1),('G03-13',7,3,333,'252-A34',1),('G03-14',7,3,334,'20S-A04',1),('G03-15',7,3,335,'278-B27',1),('G03-16',7,3,336,NULL,1),('G03-17',7,3,337,'278-B29',1),('G03-18',7,3,338,'252V-200',1),('G03-19',7,3,339,'278-C43',1),('G03-20',7,3,340,'278-C72',1),('G03-21',7,3,341,'20P-A16',1),('G03-22',7,3,342,'278-C11',1),('G03-23',7,3,343,NULL,1),('G03-24',7,3,344,NULL,1),('G03-25',7,3,345,'20P-A11',1),('G03-26',7,3,346,NULL,1),('G03-27',7,3,347,'293V-112',1),('G03-28',7,3,348,'278-D40',1),('G03-29',7,3,349,'293V-090',1),('G03-30',7,3,350,'293V-041',1),('G03-31',7,3,351,'293V-085',1),('G03-32',7,3,352,NULL,1),('G03-33',7,3,353,'252V-129',1),('G03-34',7,3,354,'278-C98',1),('G03-35',7,3,355,'278-D02',1),('G03-36',7,3,356,'252V-133',1),('G03-37',7,3,357,NULL,1),('G03-38',7,3,358,'252-A59',1),('G03-39',7,3,359,'20P-A20',1),('G03-40',7,3,360,'805-A06',1),('G03-41',7,3,361,'284V-044',1),('G03-42',7,3,362,'289-A03',1),('G03-43',7,3,363,'252-A56',1),('G03-44',7,3,364,'278-C15',1),('G03-45',7,3,365,'20P-A05',1),('G03-46',7,3,366,'20P-A12',1),('G03-47',7,3,367,'278-C14',1),('G03-48',7,3,368,NULL,1),('G04-01',7,4,441,'278V-221',1),('G04-02',7,4,442,'278V-235',1),('G04-03',7,4,443,'278-C10',1),('G04-04',7,4,444,'20P-A21',1),('G04-05',7,4,445,'278-C19',1),('G04-06',7,4,446,'252-B11',1),('G04-07',7,4,447,'293-A02',1),('G04-08',7,4,448,'20P-A13',1),('G04-09',7,4,449,'278-B36',1),('G04-10',7,4,450,'20P-A14',1),('G04-11',7,4,451,NULL,1),('G04-12',7,4,452,'252-B20',1),('G04-13',7,4,453,'20S-A01',1),('G04-14',7,4,454,NULL,1),('G04-15',7,4,455,'278-C64',1),('G04-16',7,4,456,NULL,1),('G04-17',7,4,457,NULL,1),('G04-18',7,4,458,NULL,1),('G04-19',7,4,459,NULL,1),('G04-20',7,4,460,'269-A20',1),('G04-21',7,4,461,'20P-A22',1),('G04-22',7,4,462,'20P-A27',1),('G04-23',7,4,463,'293V-011',1),('G04-24',7,4,464,NULL,1),('G04-25',7,4,465,'269-A18',1),('G04-26',7,4,466,'269-A26',1),('G04-27',7,4,467,'293V-003',1),('G04-28',7,4,468,'293V-002',1),('G04-29',7,4,469,NULL,1),('G04-30',7,4,470,'278-D53',1),('G04-31',7,4,471,'293V-101',1),('G04-32',7,4,472,'278-D20',1),('G04-33',7,4,473,'293V-048',1),('G04-34',7,4,474,'293V-005',1),('G04-35',7,4,475,'293V-062',1),('G04-36',7,4,476,'293V-047',1),('G04-37',7,4,477,'293V-045',1),('G04-38',7,4,478,'293V-064',1),('G04-39',7,4,479,'293V-042',1),('G04-40',7,4,480,'293V-139',1),('G04-41',7,4,481,'278-D17',1),('G04-42',7,4,482,'293V-117',1),('G04-43',7,4,483,'293V-044',1),('G04-44',7,4,484,'278-C24',1),('G04-45',7,4,485,'20Y-A11-1A',1),('G04-46',7,4,486,NULL,1),('G04-47',7,4,487,'20Y-A05',1),('G04-48',7,4,488,'20Y-A08',1),('G04-49',7,4,489,'20Y-A09',1),('G04-50',7,4,490,'20Y-A11-1B',1),('G04-51',7,4,491,'20Y-A07',1),('G04-52',7,4,492,'269-A50',1),('G04-53',7,4,493,'20Y-A10',1),('G04-54',7,4,494,'252-B27',1),('G04-55',7,4,495,'20U-A03',1),('G04-56',7,4,496,'252-B05',1),('G04-57',7,4,497,'20P-A28',1),('G04-58',7,4,498,'252-A46',1),('G04-59',7,4,499,'20P-A17',1),('G04-60',7,4,500,'20Y-A06',1),('G04-61',7,4,501,'252-B03',1),('G04-62',7,4,502,'278-C16',1),('G04-63',7,4,503,'20P-A07',1),('G04-64',7,4,504,'289-A04',1),('G04-65',7,4,505,NULL,1),('G04-66',7,4,506,'269-A34',1),('H01-01',8,1,277,NULL,1),('H01-02',8,1,278,NULL,1),('H01-03',8,1,279,'252V-100',1),('H01-04',8,1,280,'252-B23',1),('H01-05',8,1,281,'252V-108',1),('H01-06',8,1,282,'294V-025',1),('H01-07',8,1,283,'20S-A07',1),('H01-08',8,1,284,'494V-014',1),('H01-09',8,1,285,NULL,1),('H01-10',8,1,286,'278V-199',1),('H01-11',8,1,287,'278V-197',1),('H01-12',8,1,288,NULL,1),('H01-13',8,1,289,NULL,1),('H01-14',8,1,290,'278V-486',1),('H01-15',8,1,291,'278V-548',1),('H01-16',8,1,292,'278V-196',1),('H01-17',8,1,293,NULL,1),('H01-18',8,1,294,'269V-223',1),('H01-19',8,1,295,'278V-437',1),('H01-20',8,1,296,'278V-510',1),('H01-21',8,1,297,'278V-383',1),('H01-22',8,1,298,NULL,1),('H01-23',8,1,299,NULL,1),('H01-24',8,1,300,NULL,1),('H01-25',8,1,301,'212-A05',1),('H01-26',8,1,302,'284V-223',1),('H01-27',8,1,303,'278V-275',1),('H01-28',8,1,304,'284V-103',1),('H01-29',8,1,305,'278V-131',1),('H01-30',8,1,306,'297V-004',1),('H01-31',8,1,307,NULL,1),('H01-32',8,1,308,NULL,1),('H01-33',8,1,309,NULL,1),('H01-34',8,1,310,'252V-113',1),('H01-35',8,1,311,NULL,1),('H01-36',8,1,312,'278-E69',1),('H02-01',8,2,369,NULL,1),('H02-02',8,2,370,NULL,1),('H02-03',8,2,371,'274V-006',1),('H02-04',8,2,372,'278V-158',1),('H02-05',8,2,373,'278V-377',1),('H02-06',8,2,374,NULL,1),('H02-07',8,2,375,'252V-098',1),('H02-08',8,2,376,'851V-031',1),('H02-09',8,2,377,'278-D65',1),('H02-10',8,2,378,'851V-049',1),('H02-11',8,2,379,NULL,1),('H02-12',8,2,380,NULL,1),('H02-13',8,2,381,'278V-373',1),('H02-14',8,2,382,'274V-002',1),('H02-15',8,2,383,NULL,1),('H02-16',8,2,384,'278V-311',1),('H02-17',8,2,385,'284V-255',1),('H02-18',8,2,386,'284V-273',1),('H02-19',8,2,387,NULL,1),('H02-20',8,2,388,NULL,1),('H02-21',8,2,389,NULL,1),('H02-22',8,2,390,NULL,1),('H02-23',8,2,391,'773V-001',1),('H02-24',8,2,392,'773V-010',1),('H02-25',8,2,393,'773V-009',1),('H02-26',8,2,394,NULL,1),('H02-27',8,2,395,'252V-032',1),('H02-28',8,2,396,'284V-228',1),('H02-29',8,2,397,NULL,1),('H02-30',8,2,398,'773V-008',1),('H02-31',8,2,399,'284V-262',1),('H02-32',8,2,400,'284V-139',1),('H02-33',8,2,401,'278V-185',1),('H02-34',8,2,402,'278V-333',1),('H02-35',8,2,403,'284V-241',1),('H02-36',8,2,404,'284V-207',1),('H02-37',8,2,405,'278V-428',1),('H02-38',8,2,406,'284V-052',1),('H02-39',8,2,407,'252V-123',1),('H02-40',8,2,408,'252-B06',1),('H02-41',8,2,409,'284V-169',1),('H02-42',8,2,410,'851V-036',1),('H02-43',8,2,411,NULL,1),('H02-44',8,2,412,'284V-032',1),('H02-45',8,2,413,'284V-211',1),('H02-46',8,2,414,NULL,1),('H02-47',8,2,415,'284V-168',1),('H02-48',8,2,416,'252V-095',1),('H03-01',8,3,369,'284V-042',1),('H03-02',8,3,370,'284V-171',1),('H03-03',8,3,371,'284V-046',1),('H03-04',8,3,372,NULL,1),('H03-05',8,3,373,'284V-041',1),('H03-06',8,3,374,'278-D73',1),('H03-07',8,3,375,'252V-012',1),('H03-08',8,3,376,'294V-014',1),('H03-09',8,3,377,'284V-057',1),('H03-10',8,3,378,'284V-084',1),('H03-11',8,3,379,'284V-040',1),('H03-12',8,3,380,'284V-076',1),('H03-13',8,3,381,'284V-055',1),('H03-14',8,3,382,'284V-130',1),('H03-15',8,3,383,NULL,1),('H03-16',8,3,384,'284V-131',1),('H03-17',8,3,385,'284V-177',1),('H03-18',8,3,386,'284V-268',1),('H03-19',8,3,387,'278V-532',1),('H03-20',8,3,388,'284V-261',1),('H03-21',8,3,389,'284V-213',1),('H03-22',8,3,390,'284V-173',1),('H03-23',8,3,391,'284V-016',1),('H03-24',8,3,392,NULL,1),('H03-25',8,3,393,'284V-276',1),('H03-26',8,3,394,NULL,1),('H03-27',8,3,395,'278V-482',1),('H03-28',8,3,396,'284V-267',1),('H03-29',8,3,397,'278V-468',1),('H03-30',8,3,398,'278V-460',1),('H03-31',8,3,399,NULL,1),('H03-32',8,3,400,'278V-469',1),('H03-33',8,3,401,'284V-073',1),('H03-34',8,3,402,'284V-083',1),('H03-35',8,3,403,'284V-108',1),('H03-36',8,3,404,'284V-077',1),('H03-37',8,3,405,'284V-107',1),('H03-38',8,3,406,NULL,1),('H03-39',8,3,407,'284V-135',1),('H03-40',8,3,408,'284V-020',1),('H03-41',8,3,409,'284V-115',1),('H03-42',8,3,410,'284V-110',1),('H03-43',8,3,411,'284V-102',1),('H03-44',8,3,412,'284V-095',1),('H03-45',8,3,413,'284V-014',1),('H03-46',8,3,414,'284V-075',1),('H03-47',8,3,415,'284V-093',1),('H03-48',8,3,416,NULL,1),('H04-01',8,4,507,'284V-098',1),('H04-02',8,4,508,NULL,1),('H04-03',8,4,509,'284V-097',1),('H04-04',8,4,510,'284V-004',1),('H04-05',8,4,511,NULL,1),('H04-06',8,4,512,'284V-202',1),('H04-07',8,4,513,'284V-137',1),('H04-08',8,4,514,'284V-002',1),('H04-09',8,4,515,'284V-080',1),('H04-10',8,4,516,'284V-079',1),('H04-11',8,4,517,'284V-128',1),('H04-12',8,4,518,NULL,1),('H04-13',8,4,519,'284V-092',1),('H04-14',8,4,520,'284V-114',1),('H04-15',8,4,521,'284V-091',1),('H04-16',8,4,522,NULL,1),('H04-17',8,4,523,'284V-132',1),('H04-18',8,4,524,'284V-111',1),('H04-19',8,4,525,'284V-038',1),('H04-20',8,4,526,'284V-043',1),('H04-21',8,4,527,'284V-025',1),('H04-22',8,4,528,'284V-096',1),('H04-23',8,4,529,'284V-192',1),('H04-24',8,4,530,'284V-200',1),('H04-25',8,4,531,'278V-528',1),('H04-26',8,4,532,'284V-257',1),('H04-27',8,4,533,'284V-193',1),('H04-28',8,4,534,NULL,1),('H04-29',8,4,535,NULL,1),('H04-30',8,4,536,'278V-473',1),('H04-31',8,4,537,NULL,1),('H04-32',8,4,538,'284V-247',1),('H04-33',8,4,539,NULL,1),('H04-34',8,4,540,'284V-253',1),('H04-35',8,4,541,NULL,1),('H04-36',8,4,542,'284V-068',1),('H04-37',8,4,543,NULL,1),('H04-38',8,4,544,'278V-474',1),('H04-39',8,4,545,'284V-248',1),('H04-40',8,4,546,'278V-457',1),('H04-41',8,4,547,'278V-471-1',1),('H04-42',8,4,548,'284V-063',1),('H04-43',8,4,549,'284V-122',1),('H04-44',8,4,550,'278V-471-2',1),('H04-45',8,4,551,'284V-078',1),('H04-46',8,4,552,'284V-070',1),('H04-47',8,4,553,'284V-023',1),('H04-48',8,4,554,'284V-215',1),('H04-49',8,4,555,'284V-125',1),('H04-50',8,4,556,'284V-208',1),('H04-51',8,4,557,'284V-012',1),('H04-52',8,4,558,'284V-035',1),('H04-53',8,4,559,'284V-018',1),('H04-54',8,4,560,NULL,1),('H04-55',8,4,561,'284V-120',1),('H04-56',8,4,562,'284V-019',1),('H04-57',8,4,563,'284V-008',1),('H04-58',8,4,564,'284V-011',1),('H04-59',8,4,565,'284V-100',1),('H04-60',8,4,566,'284V-013',1),('H04-61',8,4,567,NULL,1),('H04-62',8,4,568,'284V-017',1),('H04-63',8,4,569,'284V-010',1),('H04-64',8,4,570,'284V-099',1),('H04-65',8,4,571,NULL,1),('H04-66',8,4,572,NULL,1);
/*!40000 ALTER TABLE `mold_position` ENABLE KEYS */;
UNLOCK TABLES;

--
-- Table structure for table `repair_plan`
--

DROP TABLE IF EXISTS `repair_plan`;
/*!40101 SET @saved_cs_client     = @@character_set_client */;
/*!50503 SET character_set_client = utf8mb4 */;
CREATE TABLE `repair_plan` (
  `id` int NOT NULL AUTO_INCREMENT,
  `mold_id` varchar(45) DEFAULT NULL,
  `start_time` int DEFAULT NULL,
  `status` int DEFAULT NULL,
  PRIMARY KEY (`id`)
) ENGINE=InnoDB DEFAULT CHARSET=utf8;
/*!40101 SET character_set_client = @saved_cs_client */;

--
-- Dumping data for table `repair_plan`
--

LOCK TABLES `repair_plan` WRITE;
/*!40000 ALTER TABLE `repair_plan` DISABLE KEYS */;
/*!40000 ALTER TABLE `repair_plan` ENABLE KEYS */;
UNLOCK TABLES;

--
-- Table structure for table `revoked_tokens`
--

DROP TABLE IF EXISTS `revoked_tokens`;
/*!40101 SET @saved_cs_client     = @@character_set_client */;
/*!50503 SET character_set_client = utf8mb4 */;
CREATE TABLE `revoked_tokens` (
  `id` int NOT NULL AUTO_INCREMENT,
  `jti` varchar(1000) DEFAULT NULL,
  PRIMARY KEY (`id`)
) ENGINE=InnoDB AUTO_INCREMENT=72 DEFAULT CHARSET=utf8;
/*!40101 SET character_set_client = @saved_cs_client */;

--
-- Dumping data for table `revoked_tokens`
--

LOCK TABLES `revoked_tokens` WRITE;
/*!40000 ALTER TABLE `revoked_tokens` DISABLE KEYS */;
INSERT INTO `revoked_tokens` VALUES (1,'ed01ef3b-6280-4c49-bdb5-46203006d2d3'),(2,'f75ba91c-0107-45c0-8f53-ba4f94a3fd99'),(3,'e6aa3379-bd92-492d-847e-48cc07679569'),(4,'db234708-3a0b-4383-a54a-88bcdf5d246f'),(5,'a27f6e5d-727b-487f-a17b-cd8d97fa5033'),(6,'127e19e5-0f13-4d34-842b-7b516c7a884a'),(7,'c14d6f3f-2442-4387-8292-b0da7b524525'),(8,'d2ab5539-936b-478b-92a3-6cb55e5116b6'),(9,'e335e05a-c525-491d-8f86-98e0cd1b0ef7'),(10,'17f052c3-487c-4e06-864f-6ad00179234b'),(11,'8b1e04e9-a585-43ec-a5e5-0d75f59b8e95'),(12,'deba4109-9c32-47a7-92b6-80e47a7115f1'),(13,'5e76a742-ff9d-4422-b34d-daf05c18e0f9'),(14,'afe6003d-3130-4638-986d-f61fe6c8151a'),(15,'2af62787-4bef-4541-9ccb-93693bce585d'),(16,'0ea6e6e7-71ae-40ec-81cb-1c0d62b8fad8'),(17,'f5f328b9-c272-409d-b1de-be26f12dd009'),(18,'d0f79e71-8ff7-4863-828c-57739e98a0c2'),(19,'3ff4952c-e9d9-4edf-9495-eff4248dce23'),(20,'4418da08-d613-407d-94e4-2a9bdf228875'),(21,'cb87a738-5d88-4d14-9afb-981dad5ec707'),(22,'5520f075-1ae2-463f-9499-c252df80f59c'),(23,'fe242ec9-d9c8-4636-81ae-713b55bf52c0'),(24,'0469a208-63fd-42f4-8ba3-31b83303bd4e'),(25,'6357019e-f587-49bb-b835-dfac7fc0ec68'),(26,'ca05ff35-23c3-4ff9-9c57-abc54c7fa9dc'),(27,'f16729f7-d90d-4a1a-92b5-84bec3bedda3'),(28,'f70d077c-ba76-4fe9-a7d8-cc87894a73b8'),(29,'2c381869-bafa-474d-b62e-a7c0eba0fb31'),(30,'58dc0095-0cc4-403a-9002-bbc7954495fc'),(31,'fdbe36a2-d5f6-4fe1-a722-de04c9bc7144'),(32,'fb6acb84-d806-4ac5-a0be-0b5187ba9208'),(33,'65141aac-f8d8-4054-bbae-8116b16faff7'),(34,'32d40315-8780-47a6-82e1-21677aec7d0d'),(35,'33e2fd3c-b64d-43bd-bb36-0252edc9b6a9'),(36,'e34852f0-43a7-472f-a1cd-bb1481474e48'),(37,'9beeae1d-9116-498e-a7a9-adb19022d488'),(38,'f7254f90-9f17-4c87-b5fc-2dc7cfcd98ae'),(39,'1c940ebb-d3e2-4060-9ffb-84598884353a'),(40,'6a1f87e4-65a9-4cd8-bbb8-f2aac269a65b'),(41,'b9dd938a-ec69-4762-9fe8-c467fd398e8e'),(42,'08ccfd9e-98f5-48db-8757-60bcb5c6491f'),(43,'37aad172-2fc4-46b6-bd07-f287df4d3d09'),(44,'de5dee6d-9982-4584-b749-e255b229465c'),(45,'e1cef44c-51d8-4ca2-ada8-c645819a9c1f'),(46,'b4413a64-4f64-4103-b392-e05a3349e392'),(47,'a7a7f4ca-161a-4bd6-8c24-75020b9b274b'),(48,'3e677e61-67fd-4af1-b193-959fb6de1e48'),(49,'77e7a9b6-9386-47a1-a6bb-1564c8896413'),(50,'1f91c644-cf1c-43a5-abb5-6099effee339'),(51,'67c4bc80-3a75-4f0c-a7dc-ba42c49dbd3d'),(52,'337a00e6-0233-451a-a044-d68c051e34a0'),(53,'3a9f1542-5902-48e7-abaf-c6dcf4386413'),(54,'11c041ec-2e3d-4004-b989-b799651ac4ae'),(55,'53af819d-2496-45f1-b0c3-fbed364bb445'),(56,'e95c9583-f238-49f1-840e-64793f4e5894'),(57,'5b1c6a8a-581a-40fe-8975-5f8e10296317'),(58,'b6bec548-3572-4cbb-a156-c611f1a54043'),(59,'23944fa7-bae2-478b-9931-f3675579cc4b'),(60,'bf97f9c8-cc54-4e07-954e-7c7fa1d4255e'),(61,'65c10123-ac28-436c-8508-b8953f895033'),(62,'62e329a9-21eb-4056-912e-3f923e762887'),(63,'3b920aeb-7dc9-433f-9215-23a0f1daf914'),(64,'58bdae57-f7ec-4189-b19d-699a029fd577'),(65,'7959976f-3699-49c0-b20b-5a447e93bc63'),(66,'99894be4-0443-4d96-a30b-16c24fcd079b'),(67,'50b2d4a0-dfd9-4af2-a7fa-63232e5ecc1c'),(68,'9a05dd1d-5625-4f80-9852-33ac54192bd0'),(69,'c6072694-79e7-4da1-80c9-6b508d3ee8e3'),(70,'fbd7d77c-fc34-43d9-a932-09fa2424b0fd'),(71,'dfc98288-18ba-477b-bcc5-398e05edd463');
/*!40000 ALTER TABLE `revoked_tokens` ENABLE KEYS */;
UNLOCK TABLES;

--
-- Table structure for table `users`
--

DROP TABLE IF EXISTS `users`;
/*!40101 SET @saved_cs_client     = @@character_set_client */;
/*!50503 SET character_set_client = utf8mb4 */;
CREATE TABLE `users` (
  `username` varchar(80) NOT NULL,
  `password` varchar(200) DEFAULT NULL,
  `name` varchar(45) DEFAULT NULL,
  `email` varchar(45) DEFAULT NULL,
  `phone` varchar(45) DEFAULT NULL,
  `level` int DEFAULT NULL,
  `description` varchar(45) DEFAULT NULL,
  PRIMARY KEY (`username`),
  UNIQUE KEY `username_UNIQUE` (`username`)
) ENGINE=InnoDB DEFAULT CHARSET=utf8;
/*!40101 SET character_set_client = @saved_cs_client */;

--
-- Dumping data for table `users`
--

LOCK TABLES `users` WRITE;
/*!40000 ALTER TABLE `users` DISABLE KEYS */;
INSERT INTO `users` VALUES ('admin','$pbkdf2-sha256$29000$YWzNmTOGcC7lPGdsLSVk7A$jb70gM7BV.a8Lz5VRREOx.NMQ50jEjVXNR4456D5U3M','Rostek Co. Ltd ','rostekcompany@gmail.com','0986990169',1,'LINE_01'),('manager1','$pbkdf2-sha256$29000$LsXYmxOilFIKAWDMWev9Hw$KEcgpkFOmrSpMAvaIZE2bbOqIE/Pk2qz4H63g6g3Aew','MR. Q','nidec@gmail.com','0986990169',2,NULL),('nidec','$pbkdf2-sha256$29000$QAhBqPVei5GSUqpVihGilA$9RPuR8jwgKimEadbt1Ej.THxzFU.WgqkhLO3F5XtdEI','nidec','nidec@nidec.com.vn','09864521544',3,NULL),('tech1','$pbkdf2-sha256$29000$gzDGOGfMWYuR0ro3ZiwFQA$/0ol2lsPGtKIBSQ4OP.NFVg/ilLlY8Yxev6ZrAoks.g','Mr. A','nidec@gmail.com','0986990169',3,NULL);
/*!40000 ALTER TABLE `users` ENABLE KEYS */;
UNLOCK TABLES;
/*!40103 SET TIME_ZONE=@OLD_TIME_ZONE */;

/*!40101 SET SQL_MODE=@OLD_SQL_MODE */;
/*!40014 SET FOREIGN_KEY_CHECKS=@OLD_FOREIGN_KEY_CHECKS */;
/*!40014 SET UNIQUE_CHECKS=@OLD_UNIQUE_CHECKS */;
/*!40101 SET CHARACTER_SET_CLIENT=@OLD_CHARACTER_SET_CLIENT */;
/*!40101 SET CHARACTER_SET_RESULTS=@OLD_CHARACTER_SET_RESULTS */;
/*!40101 SET COLLATION_CONNECTION=@OLD_COLLATION_CONNECTION */;
/*!40111 SET SQL_NOTES=@OLD_SQL_NOTES */;

-- Dump completed on 2021-04-16 10:48:27
